[2m2026-09-30T22:50:21.968102Z[0m [31mERROR[0m [2mtower_http::trace::on_failure[0m[2m:[0m response failed [3mclassification[0m[2m=[0mStatus code: 503 Service Unavailable [3mlatency[0m[2m=[0m0 ms
[2m2026-09-30T22:50:36.967996Z[0m [31mERROR[0m [2mtower_http::trace::on_failure[0m[2m:[0m response failed [3mclassification[0m[2m=[0mStatus code: 503 Service Unavailable [3mlatency[0m[2m=[0m0 ms
[2m2026-09-30T22:50:38.291185Z[0m [32m INFO[0m [2mmhc.prewarm_mhc_pre[0m[2m:[0m DeepSeek V4 MHC prenorm prewarm: 21 n_splits buckets
[2m2026-09-30T22:50:39.418406Z[0m [32m INFO[0m [2mmhc.prewarm_mhc_pre[0m[2m:[0m DeepSeek V4 MHC prenorm prewarm: 21 n_splits buckets
[2m2026-09-30T22:50:40.030347Z[0m [32m INFO[0m [2mmhc.prewarm_mhc_pre[0m[2m:[0m DeepSeek V4 MHC prenorm prewarm: 21 n_splits buckets
[2m2026-09-30T22:50:40.676757Z[0m [32m INFO[0m [2mmhc.prewarm_mhc_pre[0m[2m:[0m DeepSeek V4 MHC prenorm prewarm: 21 n_splits buckets
[2m2026-09-30T22:50:40.853577Z[0m [32m INFO[0m [2mmhc.prewarm_mhc_pre[0m[2m:[0m DeepSeek V4 MHC prenorm prewarm: 21 n_splits buckets
[2m2026-09-30T22:50:41.452104Z[0m [32m INFO[0m [2mmhc.prewarm_mhc_pre[0m[2m:[0m DeepSeek V4 MHC prenorm prewarm: 21 n_splits buckets
[2m2026-09-30T22:50:42.115998Z[0m [32m INFO[0m [2mmhc.prewarm_mhc_pre[0m[2m:[0m DeepSeek V4 MHC prenorm prewarm: 21 n_splits buckets
[2m2026-09-30T22:50:43.475058Z[0m [32m INFO[0m [2mmhc.prewarm_mhc_pre[0m[2m:[0m DeepSeek V4 MHC prenorm prewarm: 21 n_splits buckets
[2m2026-09-30T22:50:45.723948Z[0m [32m INFO[0m [2mdeepseek_v4._prewarm_mhc_pre_kernels[0m[2m:[0m DeepSeek V4 MHC prenorm prewarm at load: compile 2.2s, rank sync +0.0s
[2m2026-09-30T22:50:45.724059Z[0m [32m INFO[0m [2mdeepseek_v4._prewarm_mhc_pre_kernels[0m[2m:[0m DeepSeek V4 MHC prenorm prewarm at load: compile 2.7s, rank sync +4.8s
[2m2026-09-30T22:50:45.724442Z[0m [32m INFO[0m [2mdeepseek_v4._prewarm_mhc_pre_kernels[0m[2m:[0m DeepSeek V4 MHC prenorm prewarm at load: compile 2.5s, rank sync +2.4s
[2m2026-09-30T22:50:45.724471Z[0m [32m INFO[0m [2mdeepseek_v4._prewarm_mhc_pre_kernels[0m[2m:[0m DeepSeek V4 MHC prenorm prewarm at load: compile 2.5s, rank sync +3.2s
[2m2026-09-30T22:50:45.726781Z[0m [32m INFO[0m [2mdeepseek_v4._prewarm_mhc_pre_kernels[0m[2m:[0m DeepSeek V4 MHC prenorm prewarm at load: compile 2.5s, rank sync +1.8s
[2m2026-09-30T22:50:45.726877Z[0m [32m INFO[0m [2mdeepseek_v4._prewarm_mhc_pre_kernels[0m[2m:[0m DeepSeek V4 MHC prenorm prewarm at load: compile 2.6s, rank sync +3.8s
[2m2026-09-30T22:50:45.727103Z[0m [32m INFO[0m [2mdeepseek_v4._prewarm_mhc_pre_kernels[0m[2m:[0m DeepSeek V4 MHC prenorm prewarm at load: compile 2.3s, rank sync +1.3s
[2m2026-09-30T22:50:45.727198Z[0m [32m INFO[0m [2mdeepseek_v4._prewarm_mhc_pre_kernels[0m[2m:[0m DeepSeek V4 MHC prenorm prewarm at load: compile 2.5s, rank sync +2.6s
[2m2026-09-30T22:50:45.993649Z[0m [32m INFO[0m [2mcommon.log_info_on_rank0[0m[2m:[0m Preparing MXFP4 experts for Marlin backend (layer: model.layers.0.mlp.experts)...
[2m2026-09-30T22:50:46.122616Z[0m [32m INFO[0m [2mcommon.log_info_on_rank0[0m[2m:[0m Preparing MXFP4 experts for Marlin backend (layer: model.layers.1.mlp.experts)...
[2m2026-09-30T22:50:46.205298Z[0m [32m INFO[0m [2mcommon.log_info_on_rank0[0m[2m:[0m Preparing MXFP4 experts for Marlin backend (layer: model.layers.2.mlp.experts)...
[2m2026-09-30T22:50:46.287853Z[0m [32m INFO[0m [2mcommon.log_info_on_rank0[0m[2m:[0m Preparing MXFP4 experts for Marlin backend (layer: model.layers.3.mlp.experts)...
[2m2026-09-30T22:50:46.371710Z[0m [32m INFO[0m [2mcommon.log_info_on_rank0[0m[2m:[0m Preparing MXFP4 experts for Marlin backend (layer: model.layers.4.mlp.experts)...
[2m2026-09-30T22:50:46.453971Z[0m [32m INFO[0m [2mcommon.log_info_on_rank0[0m[2m:[0m Preparing MXFP4 experts for Marlin backend (layer: model.layers.5.mlp.experts)...
[2m2026-09-30T22:50:46.536103Z[0m [32m INFO[0m [2mcommon.log_info_on_rank0[0m[2m:[0m Preparing MXFP4 experts for Marlin backend (layer: model.layers.6.mlp.experts)...
[2m2026-09-30T22:50:46.619750Z[0m [32m INFO[0m [2mcommon.log_info_on_rank0[0m[2m:[0m Preparing MXFP4 experts for Marlin backend (layer: model.layers.7.mlp.experts)...
[2m2026-09-30T22:50:46.701634Z[0m [32m INFO[0m [2mcommon.log_info_on_rank0[0m[2m:[0m Preparing MXFP4 experts for Marlin backend (layer: model.layers.8.mlp.experts)...
[2m2026-09-30T22:50:46.784389Z[0m [32m INFO[0m [2mcommon.log_info_on_rank0[0m[2m:[0m Preparing MXFP4 experts for Marlin backend (layer: model.layers.9.mlp.experts)...
[2m2026-09-30T22:50:46.867385Z[0m [32m INFO[0m [2mcommon.log_info_on_rank0[0m[2m:[0m Preparing MXFP4 experts for Marlin backend (layer: model.layers.10.mlp.experts)...
[2m2026-09-30T22:50:46.949465Z[0m [32m INFO[0m [2mcommon.log_info_on_rank0[0m[2m:[0m Preparing MXFP4 experts for Marlin backend (layer: model.layers.11.mlp.experts)...
[2m2026-09-30T22:50:47.032719Z[0m [32m INFO[0m [2mcommon.log_info_on_rank0[0m[2m:[0m Preparing MXFP4 experts for Marlin backend (layer: model.layers.12.mlp.experts)...
[2m2026-09-30T22:50:47.113595Z[0m [32m INFO[0m [2mcommon.log_info_on_rank0[0m[2m:[0m Preparing MXFP4 experts for Marlin backend (layer: model.layers.13.mlp.experts)...
[2m2026-09-30T22:50:47.194431Z[0m [32m INFO[0m [2mcommon.log_info_on_rank0[0m[2m:[0m Preparing MXFP4 experts for Marlin backend (layer: model.layers.14.mlp.experts)...
[2m2026-09-30T22:50:47.276214Z[0m [32m INFO[0m [2mcommon.log_info_on_rank0[0m[2m:[0m Preparing MXFP4 experts for Marlin backend (layer: model.layers.15.mlp.experts)...
[2m2026-09-30T22:50:47.358791Z[0m [32m INFO[0m [2mcommon.log_info_on_rank0[0m[2m:[0m Preparing MXFP4 experts for Marlin backend (layer: model.layers.16.mlp.experts)...
[2m2026-09-30T22:50:47.442162Z[0m [32m INFO[0m [2mcommon.log_info_on_rank0[0m[2m:[0m Preparing MXFP4 experts for Marlin backend (layer: model.layers.17.mlp.experts)...
[2m2026-09-30T22:50:47.525975Z[0m [32m INFO[0m [2mcommon.log_info_on_rank0[0m[2m:[0m Preparing MXFP4 experts for Marlin backend (layer: model.layers.18.mlp.experts)...
[2m2026-09-30T22:50:47.607172Z[0m [32m INFO[0m [2mcommon.log_info_on_rank0[0m[2m:[0m Preparing MXFP4 experts for Marlin backend (layer: model.layers.19.mlp.experts)...
[2m2026-09-30T22:50:47.689347Z[0m [32m INFO[0m [2mcommon.log_info_on_rank0[0m[2m:[0m Preparing MXFP4 experts for Marlin backend (layer: model.layers.20.mlp.experts)...
[2m2026-09-30T22:50:47.774175Z[0m [32m INFO[0m [2mcommon.log_info_on_rank0[0m[2m:[0m Preparing MXFP4 experts for Marlin backend (layer: model.layers.21.mlp.experts)...
[2m2026-09-30T22:50:47.857047Z[0m [32m INFO[0m [2mcommon.log_info_on_rank0[0m[2m:[0m Preparing MXFP4 experts for Marlin backend (layer: model.layers.22.mlp.experts)...
[2m2026-09-30T22:50:47.939849Z[0m [32m INFO[0m [2mcommon.log_info_on_rank0[0m[2m:[0m Preparing MXFP4 experts for Marlin backend (layer: model.layers.23.mlp.experts)...
[2m2026-09-30T22:50:48.023792Z[0m [32m INFO[0m [2mcommon.log_info_on_rank0[0m[2m:[0m Preparing MXFP4 experts for Marlin backend (layer: model.layers.24.mlp.experts)...
[2m2026-09-30T22:50:48.106871Z[0m [32m INFO[0m [2mcommon.log_info_on_rank0[0m[2m:[0m Preparing MXFP4 experts for Marlin backend (layer: model.layers.25.mlp.experts)...
[2m2026-09-30T22:50:48.190115Z[0m [32m INFO[0m [2mcommon.log_info_on_rank0[0m[2m:[0m Preparing MXFP4 experts for Marlin backend (layer: model.layers.26.mlp.experts)...
[2m2026-09-30T22:50:48.270534Z[0m [32m INFO[0m [2mcommon.log_info_on_rank0[0m[2m:[0m Preparing MXFP4 experts for Marlin backend (layer: model.layers.27.mlp.experts)...
[2m2026-09-30T22:50:48.351794Z[0m [32m INFO[0m [2mcommon.log_info_on_rank0[0m[2m:[0m Preparing MXFP4 experts for Marlin backend (layer: model.layers.28.mlp.experts)...
[2m2026-09-30T22:50:48.433926Z[0m [32m INFO[0m [2mcommon.log_info_on_rank0[0m[2m:[0m Preparing MXFP4 experts for Marlin backend (layer: model.layers.29.mlp.experts)...
[2m2026-09-30T22:50:48.515806Z[0m [32m INFO[0m [2mcommon.log_info_on_rank0[0m[2m:[0m Preparing MXFP4 experts for Marlin backend (layer: model.layers.30.mlp.experts)...
[2m2026-09-30T22:50:48.596249Z[0m [32m INFO[0m [2mcommon.log_info_on_rank0[0m[2m:[0m Preparing MXFP4 experts for Marlin backend (layer: model.layers.31.mlp.experts)...
[2m2026-09-30T22:50:48.679723Z[0m [32m INFO[0m [2mcommon.log_info_on_rank0[0m[2m:[0m Preparing MXFP4 experts for Marlin backend (layer: model.layers.32.mlp.experts)...
[2m2026-09-30T22:50:48.764056Z[0m [32m INFO[0m [2mcommon.log_info_on_rank0[0m[2m:[0m Preparing MXFP4 experts for Marlin backend (layer: model.layers.33.mlp.experts)...
[2m2026-09-30T22:50:48.845128Z[0m [32m INFO[0m [2mcommon.log_info_on_rank0[0m[2m:[0m Preparing MXFP4 experts for Marlin backend (layer: model.layers.34.mlp.experts)...
[2m2026-09-30T22:50:48.926907Z[0m [32m INFO[0m [2mcommon.log_info_on_rank0[0m[2m:[0m Preparing MXFP4 experts for Marlin backend (layer: model.layers.35.mlp.experts)...
[2m2026-09-30T22:50:49.009052Z[0m [32m INFO[0m [2mcommon.log_info_on_rank0[0m[2m:[0m Preparing MXFP4 experts for Marlin backend (layer: model.layers.36.mlp.experts)...
[2m2026-09-30T22:50:49.091864Z[0m [32m INFO[0m [2mcommon.log_info_on_rank0[0m[2m:[0m Preparing MXFP4 experts for Marlin backend (layer: model.layers.37.mlp.experts)...
[2m2026-09-30T22:50:49.173693Z[0m [32m INFO[0m [2mcommon.log_info_on_rank0[0m[2m:[0m Preparing MXFP4 experts for Marlin backend (layer: model.layers.38.mlp.experts)...
[2m2026-09-30T22:50:49.256043Z[0m [32m INFO[0m [2mcommon.log_info_on_rank0[0m[2m:[0m Preparing MXFP4 experts for Marlin backend (layer: model.layers.39.mlp.experts)...
[2m2026-09-30T22:50:49.337655Z[0m [32m INFO[0m [2mcommon.log_info_on_rank0[0m[2m:[0m Preparing MXFP4 experts for Marlin backend (layer: model.layers.40.mlp.experts)...
[2m2026-09-30T22:50:49.422531Z[0m [32m INFO[0m [2mcommon.log_info_on_rank0[0m[2m:[0m Preparing MXFP4 experts for Marlin backend (layer: model.layers.41.mlp.experts)...
[2m2026-09-30T22:50:49.503600Z[0m [32m INFO[0m [2mcommon.log_info_on_rank0[0m[2m:[0m Preparing MXFP4 experts for Marlin backend (layer: model.layers.42.mlp.experts)...
[2m2026-09-30T22:50:49.584843Z[0m [32m INFO[0m [2mcommon.log_info_on_rank0[0m[2m:[0m Preparing MXFP4 experts for Marlin backend (layer: model.layers.43.mlp.experts)...
[2m2026-09-30T22:50:49.666561Z[0m [32m INFO[0m [2mcommon.log_info_on_rank0[0m[2m:[0m Preparing MXFP4 experts for Marlin backend (layer: model.layers.44.mlp.experts)...
[2m2026-09-30T22:50:49.749412Z[0m [32m INFO[0m [2mcommon.log_info_on_rank0[0m[2m:[0m Preparing MXFP4 experts for Marlin backend (layer: model.layers.45.mlp.experts)...
[2m2026-09-30T22:50:49.828738Z[0m [32m INFO[0m [2mcommon.log_info_on_rank0[0m[2m:[0m Preparing MXFP4 experts for Marlin backend (layer: model.layers.46.mlp.experts)...
[2m2026-09-30T22:50:49.906935Z[0m [32m INFO[0m [2mcommon.log_info_on_rank0[0m[2m:[0m Preparing MXFP4 experts for Marlin backend (layer: model.layers.47.mlp.experts)...
[2m2026-09-30T22:50:49.987247Z[0m [32m INFO[0m [2mcommon.log_info_on_rank0[0m[2m:[0m Preparing MXFP4 experts for Marlin backend (layer: model.layers.48.mlp.experts)...
[2m2026-09-30T22:50:50.066995Z[0m [32m INFO[0m [2mcommon.log_info_on_rank0[0m[2m:[0m Preparing MXFP4 experts for Marlin backend (layer: model.layers.49.mlp.experts)...
[2m2026-09-30T22:50:50.146586Z[0m [32m INFO[0m [2mcommon.log_info_on_rank0[0m[2m:[0m Preparing MXFP4 experts for Marlin backend (layer: model.layers.50.mlp.experts)...
[2m2026-09-30T22:50:50.228385Z[0m [32m INFO[0m [2mcommon.log_info_on_rank0[0m[2m:[0m Preparing MXFP4 experts for Marlin backend (layer: model.layers.51.mlp.experts)...
[2m2026-09-30T22:50:50.306765Z[0m [32m INFO[0m [2mcommon.log_info_on_rank0[0m[2m:[0m Preparing MXFP4 experts for Marlin backend (layer: model.layers.52.mlp.experts)...
[2m2026-09-30T22:50:50.388649Z[0m [32m INFO[0m [2mcommon.log_info_on_rank0[0m[2m:[0m Preparing MXFP4 experts for Marlin backend (layer: model.layers.53.mlp.experts)...
[2m2026-09-30T22:50:50.468535Z[0m [32m INFO[0m [2mcommon.log_info_on_rank0[0m[2m:[0m Preparing MXFP4 experts for Marlin backend (layer: model.layers.54.mlp.experts)...
[2m2026-09-30T22:50:50.548977Z[0m [32m INFO[0m [2mcommon.log_info_on_rank0[0m[2m:[0m Preparing MXFP4 experts for Marlin backend (layer: model.layers.55.mlp.experts)...
[2m2026-09-30T22:50:50.630692Z[0m [32m INFO[0m [2mcommon.log_info_on_rank0[0m[2m:[0m Preparing MXFP4 experts for Marlin backend (layer: model.layers.56.mlp.experts)...
[2m2026-09-30T22:50:50.711881Z[0m [32m INFO[0m [2mcommon.log_info_on_rank0[0m[2m:[0m Preparing MXFP4 experts for Marlin backend (layer: model.layers.57.mlp.experts)...
[2m2026-09-30T22:50:50.791532Z[0m [32m INFO[0m [2mcommon.log_info_on_rank0[0m[2m:[0m Preparing MXFP4 experts for Marlin backend (layer: model.layers.58.mlp.experts)...
[2m2026-09-30T22:50:50.869770Z[0m [33m WARN[0m [2mload_model_utils.load_kv_cache_scales[0m[2m:[0m Using FP8 KV cache but no scaling factors provided. Defaulting to scaling factors of 1.0. This may lead to less accurate results!
[2m2026-09-30T22:50:50.871759Z[0m [32m INFO[0m [2mcommon.log_info_on_rank0[0m[2m:[0m Preparing MXFP4 experts for Marlin backend (layer: model.layers.59.mlp.experts)...
[2m2026-09-30T22:50:50.881743Z[0m [32m INFO[0m [2mmodel_runner.load_model[0m[2m:[0m Load weight end. elapsed=96.95 s, type=DeepseekV4ForCausalLM, quant=fp8, fmt=e4m3, avail mem=34.70 GB, mem usage=103.19 GB.
[2m2026-09-30T22:50:50.915732Z[0m [33m WARN[0m [2mload_model_utils.load_kv_cache_scales[0m[2m:[0m Using FP8 KV cache but no scaling factors provided. Defaulting to scaling factors of 1.0. This may lead to less accurate results!
[2m2026-09-30T22:50:50.927793Z[0m [32m INFO[0m [2mmodel_runner.load_model[0m[2m:[0m Load weight end. elapsed=97.01 s, type=DeepseekV4ForCausalLM, quant=fp8, fmt=e4m3, avail mem=34.94 GB, mem usage=103.19 GB.
[2m2026-09-30T22:50:50.950867Z[0m [32m INFO[0m [2mcommon.log_info_on_rank0[0m[2m:[0m Preparing MXFP4 experts for Marlin backend (layer: model.layers.60.mlp.experts)...
[2m2026-09-30T22:50:51.034512Z[0m [33m WARN[0m [2mload_model_utils.load_kv_cache_scales[0m[2m:[0m Using FP8 KV cache but no scaling factors provided. Defaulting to scaling factors of 1.0. This may lead to less accurate results!
[2m2026-09-30T22:50:51.045493Z[0m [32m INFO[0m [2mmodel_runner.load_model[0m[2m:[0m Load weight end. elapsed=97.12 s, type=DeepseekV4ForCausalLM, quant=fp8, fmt=e4m3, avail mem=34.75 GB, mem usage=103.19 GB.
[2m2026-09-30T22:50:51.072262Z[0m [33m WARN[0m [2mload_model_utils.load_kv_cache_scales[0m[2m:[0m Using FP8 KV cache but no scaling factors provided. Defaulting to scaling factors of 1.0. This may lead to less accurate results!
[2m2026-09-30T22:50:51.086362Z[0m [32m INFO[0m [2mmodel_runner.load_model[0m[2m:[0m Load weight end. elapsed=97.19 s, type=DeepseekV4ForCausalLM, quant=fp8, fmt=e4m3, avail mem=34.70 GB, mem usage=103.19 GB.
[2m2026-09-30T22:50:51.096717Z[0m [33m WARN[0m [2mload_model_utils.load_kv_cache_scales[0m[2m:[0m Using FP8 KV cache but no scaling factors provided. Defaulting to scaling factors of 1.0. This may lead to less accurate results!
[2m2026-09-30T22:50:51.105944Z[0m [32m INFO[0m [2mmodel_runner.load_model[0m[2m:[0m Load weight end. elapsed=97.10 s, type=DeepseekV4ForCausalLM, quant=fp8, fmt=e4m3, avail mem=34.70 GB, mem usage=103.19 GB.
[2m2026-09-30T22:50:51.179531Z[0m [33m WARN[0m [2mload_model_utils.load_kv_cache_scales[0m[2m:[0m Using FP8 KV cache but no scaling factors provided. Defaulting to scaling factors of 1.0. This may lead to less accurate results!
[2m2026-09-30T22:50:51.188907Z[0m [32m INFO[0m [2mmodel_runner.load_model[0m[2m:[0m Load weight end. elapsed=97.29 s, type=DeepseekV4ForCausalLM, quant=fp8, fmt=e4m3, avail mem=34.70 GB, mem usage=103.19 GB.
[2m2026-09-30T22:50:51.200844Z[0m [33m WARN[0m [2mload_model_utils.load_kv_cache_scales[0m[2m:[0m Using FP8 KV cache but no scaling factors provided. Defaulting to scaling factors of 1.0. This may lead to less accurate results!
[2m2026-09-30T22:50:51.213123Z[0m [32m INFO[0m [2mmodel_runner.load_model[0m[2m:[0m Load weight end. elapsed=97.27 s, type=DeepseekV4ForCausalLM, quant=fp8, fmt=e4m3, avail mem=34.70 GB, mem usage=103.19 GB.
[2m2026-09-30T22:50:51.544238Z[0m [33m WARN[0m [2mload_model_utils.load_kv_cache_scales[0m[2m:[0m Using FP8 KV cache but no scaling factors provided. Defaulting to scaling factors of 1.0. This may lead to less accurate results!
[2m2026-09-30T22:50:51.557439Z[0m [32m INFO[0m [2mmodel_runner.load_model[0m[2m:[0m Load weight end. elapsed=97.65 s, type=DeepseekV4ForCausalLM, quant=fp8, fmt=e4m3, avail mem=34.70 GB, mem usage=103.19 GB.
[2m2026-09-30T22:50:51.967837Z[0m [31mERROR[0m [2mtower_http::trace::on_failure[0m[2m:[0m response failed [3mclassification[0m[2m=[0mStatus code: 503 Service Unavailable [3mlatency[0m[2m=[0m0 ms
[2m2026-09-30T22:50:53.600721Z[0m [33m WARN[0m [2mtokenizer._resolve_tokenizers_backend[0m[2m:[0m Tokenizer for /model is still TokenizersBackend after retries with --trust-remote-code. Model-specific tokenizer attributes may be missing.
[2m2026-09-30T22:50:53.605390Z[0m [33m WARN[0m [2mtokenizer._resolve_tokenizers_backend[0m[2m:[0m Tokenizer for /model is still TokenizersBackend after retries with --trust-remote-code. Model-specific tokenizer attributes may be missing.
[2m2026-09-30T22:50:53.634053Z[0m [33m WARN[0m [2mtokenizer._resolve_tokenizers_backend[0m[2m:[0m Tokenizer for /model is still TokenizersBackend after retries with --trust-remote-code. Model-specific tokenizer attributes may be missing.
[2m2026-09-30T22:50:53.636156Z[0m [33m WARN[0m [2mtokenizer._resolve_tokenizers_backend[0m[2m:[0m Tokenizer for /model is still TokenizersBackend after retries with --trust-remote-code. Model-specific tokenizer attributes may be missing.
[2m2026-09-30T22:50:53.649292Z[0m [33m WARN[0m [2mtokenizer._resolve_tokenizers_backend[0m[2m:[0m Tokenizer for /model is still TokenizersBackend after retries with --trust-remote-code. Model-specific tokenizer attributes may be missing.
[2m2026-09-30T22:50:53.707231Z[0m [33m WARN[0m [2mtokenizer._resolve_tokenizers_backend[0m[2m:[0m Tokenizer for /model is still TokenizersBackend after retries with --trust-remote-code. Model-specific tokenizer attributes may be missing.
[2m2026-09-30T22:50:53.719042Z[0m [33m WARN[0m [2mtokenizer._resolve_tokenizers_backend[0m[2m:[0m Tokenizer for /model is still TokenizersBackend after retries with --trust-remote-code. Model-specific tokenizer attributes may be missing.
[2m2026-09-30T22:50:53.818108Z[0m [33m WARN[0m [2mtokenizer._resolve_tokenizers_backend[0m[2m:[0m Tokenizer for /model is still TokenizersBackend after retries with --trust-remote-code. Model-specific tokenizer attributes may be missing.
[2m2026-09-30T22:50:54.128680Z[0m [32m INFO[0m [2mpool_configurator.calculate_pool_sizes[0m[2m:[0m DSV4 memory calculation: bytes_per_full_token=10993.84, available_bytes=18.14 GB, c128_state_fixed=0.11 GB, full_token=1761792
[2m2026-09-30T22:50:54.128736Z[0m [32m INFO[0m [2mpool_configurator._to_config[0m[2m:[0m DSV4 pool sizes: full=1761792, swa=176128, c4=440448, c128=13764, c4_state=11008, c128_state=0
[2m2026-09-30T22:50:54.128800Z[0m [32m INFO[0m [2mpool_configurator.calculate_pool_sizes[0m[2m:[0m DSV4 memory calculation: bytes_per_full_token=10993.84, available_bytes=18.14 GB, c128_state_fixed=0.11 GB, full_token=1761792
[2m2026-09-30T22:50:54.128825Z[0m [32m INFO[0m [2mpool_configurator.calculate_pool_sizes[0m[2m:[0m DSV4 memory calculation: bytes_per_full_token=10993.84, available_bytes=18.14 GB, c128_state_fixed=0.11 GB, full_token=1761792
[2m2026-09-30T22:50:54.128853Z[0m [32m INFO[0m [2mpool_configurator._to_config[0m[2m:[0m DSV4 pool sizes: full=1761792, swa=176128, c4=440448, c128=13764, c4_state=11008, c128_state=0
[2m2026-09-30T22:50:54.128878Z[0m [32m INFO[0m [2mpool_configurator._to_config[0m[2m:[0m DSV4 pool sizes: full=1761792, swa=176128, c4=440448, c128=13764, c4_state=11008, c128_state=0
[2m2026-09-30T22:50:54.128980Z[0m [32m INFO[0m [2mpool_configurator.calculate_pool_sizes[0m[2m:[0m DSV4 memory calculation: bytes_per_full_token=10993.84, available_bytes=18.14 GB, c128_state_fixed=0.11 GB, full_token=1761792
[2m2026-09-30T22:50:54.128996Z[0m [32m INFO[0m [2mpool_configurator.calculate_pool_sizes[0m[2m:[0m DSV4 memory calculation: bytes_per_full_token=10993.84, available_bytes=18.14 GB, c128_state_fixed=0.11 GB, full_token=1761792
[2m2026-09-30T22:50:54.128999Z[0m [32m INFO[0m [2mpool_configurator.calculate_pool_sizes[0m[2m:[0m DSV4 memory calculation: bytes_per_full_token=10993.84, available_bytes=18.14 GB, c128_state_fixed=0.11 GB, full_token=1761792
[2m2026-09-30T22:50:54.129029Z[0m [32m INFO[0m [2mpool_configurator._to_config[0m[2m:[0m DSV4 pool sizes: full=1761792, swa=176128, c4=440448, c128=13764, c4_state=11008, c128_state=0
[2m2026-09-30T22:50:54.129040Z[0m [32m INFO[0m [2mpool_configurator._to_config[0m[2m:[0m DSV4 pool sizes: full=1761792, swa=176128, c4=440448, c128=13764, c4_state=11008, c128_state=0
[2m2026-09-30T22:50:54.129044Z[0m [32m INFO[0m [2mpool_configurator._to_config[0m[2m:[0m DSV4 pool sizes: full=1761792, swa=176128, c4=440448, c128=13764, c4_state=11008, c128_state=0
[2m2026-09-30T22:50:54.129176Z[0m [32m INFO[0m [2mdeepseek_v4_memory_pool.__init__[0m[2m:[0m Initialize DeepSeekV4TokenToKVPool with max_num_reqs=4 swa_size=176128 c4_size=440448 c4_logical_size=440448 c128_size=13764 c4_state_pool_size=11008 c128_state_pool_size=640
[2m2026-09-30T22:50:54.129188Z[0m [32m INFO[0m [2mpool_configurator.calculate_pool_sizes[0m[2m:[0m DSV4 memory calculation: bytes_per_full_token=10993.84, available_bytes=18.14 GB, c128_state_fixed=0.11 GB, full_token=1761792
[2m2026-09-30T22:50:54.129232Z[0m [32m INFO[0m [2mpool_configurator._to_config[0m[2m:[0m DSV4 pool sizes: full=1761792, swa=176128, c4=440448, c128=13764, c4_state=11008, c128_state=0
[2m2026-09-30T22:50:54.129252Z[0m [32m INFO[0m [2mpool_configurator.calculate_pool_sizes[0m[2m:[0m DSV4 memory calculation: bytes_per_full_token=10993.84, available_bytes=18.14 GB, c128_state_fixed=0.11 GB, full_token=1761792
[2m2026-09-30T22:50:54.129318Z[0m [32m INFO[0m [2mpool_configurator._to_config[0m[2m:[0m DSV4 pool sizes: full=1761792, swa=176128, c4=440448, c128=13764, c4_state=11008, c128_state=0
[2m2026-09-30T22:50:54.129367Z[0m [32m INFO[0m [2mdeepseek_v4_memory_pool.__init__[0m[2m:[0m Initialize DeepSeekV4TokenToKVPool with max_num_reqs=4 swa_size=176128 c4_size=440448 c4_logical_size=440448 c128_size=13764 c4_state_pool_size=11008 c128_state_pool_size=640
[2m2026-09-30T22:50:54.129444Z[0m [32m INFO[0m [2mdeepseek_v4_memory_pool.__init__[0m[2m:[0m Initialize DeepSeekV4TokenToKVPool with max_num_reqs=4 swa_size=176128 c4_size=440448 c4_logical_size=440448 c128_size=13764 c4_state_pool_size=11008 c128_state_pool_size=640
[2m2026-09-30T22:50:54.129487Z[0m [32m INFO[0m [2mdeepseek_v4_memory_pool.__init__[0m[2m:[0m Initialize DeepSeekV4TokenToKVPool with max_num_reqs=4 swa_size=176128 c4_size=440448 c4_logical_size=440448 c128_size=13764 c4_state_pool_size=11008 c128_state_pool_size=640
[2m2026-09-30T22:50:54.129506Z[0m [32m INFO[0m [2mdeepseek_v4_memory_pool.__init__[0m[2m:[0m Initialize DeepSeekV4TokenToKVPool with max_num_reqs=4 swa_size=176128 c4_size=440448 c4_logical_size=440448 c128_size=13764 c4_state_pool_size=11008 c128_state_pool_size=640
[2m2026-09-30T22:50:54.129615Z[0m [32m INFO[0m [2mdeepseek_v4_memory_pool.__init__[0m[2m:[0m Initialize DeepSeekV4TokenToKVPool with max_num_reqs=4 swa_size=176128 c4_size=440448 c4_logical_size=440448 c128_size=13764 c4_state_pool_size=11008 c128_state_pool_size=640
[2m2026-09-30T22:50:54.129730Z[0m [32m INFO[0m [2mdeepseek_v4_memory_pool.__init__[0m[2m:[0m Initialize DeepSeekV4TokenToKVPool with max_num_reqs=4 swa_size=176128 c4_size=440448 c4_logical_size=440448 c128_size=13764 c4_state_pool_size=11008 c128_state_pool_size=640
[2m2026-09-30T22:50:54.129839Z[0m [32m INFO[0m [2mdeepseek_v4_memory_pool.__init__[0m[2m:[0m Initialize DeepSeekV4TokenToKVPool with max_num_reqs=4 swa_size=176128 c4_size=440448 c4_logical_size=440448 c128_size=13764 c4_state_pool_size=11008 c128_state_pool_size=640
[2m2026-09-30T22:50:54.396766Z[0m [32m INFO[0m [2mkv_cache_configurator.configure[0m[2m:[0m Memory pool end. avail mem=16.24 GB
[2m2026-09-30T22:50:54.419560Z[0m [32m INFO[0m [2mkv_cache_configurator.configure[0m[2m:[0m Memory pool end. avail mem=16.47 GB
[2m2026-09-30T22:50:54.427041Z[0m [32m INFO[0m [2mkv_cache_configurator.configure[0m[2m:[0m Memory pool end. avail mem=16.24 GB
[2m2026-09-30T22:50:54.427044Z[0m [32m INFO[0m [2mkv_cache_configurator.configure[0m[2m:[0m Memory pool end. avail mem=16.24 GB
[2m2026-09-30T22:50:54.427818Z[0m [32m INFO[0m [2mkv_cache_configurator.configure[0m[2m:[0m Memory pool end. avail mem=16.29 GB
[2m2026-09-30T22:50:54.445050Z[0m [32m INFO[0m [2mkv_cache_configurator.configure[0m[2m:[0m Memory pool end. avail mem=16.24 GB
[2m2026-09-30T22:50:54.449729Z[0m [32m INFO[0m [2mkv_cache_configurator.configure[0m[2m:[0m Memory pool end. avail mem=16.24 GB
[2m2026-09-30T22:50:54.461143Z[0m [32m INFO[0m [2mkv_cache_configurator.configure[0m[2m:[0m Memory pool end. avail mem=16.24 GB
[2m2026-09-30T22:50:54.482865Z[0m [32m INFO[0m [2mattention_registry.create_dsv4_backend[0m[2m:[0m Using DeepseekV4AttnBackend for dsv4 attention backend (CUDA).
[2m2026-09-30T22:50:54.487397Z[0m [32m INFO[0m [2mcuda_graph_setup.capture_prefill_graph[0m[2m:[0m Disable prefill CUDA graph because cuda_graph_config resolved prefill.backend='disabled' (e.g. via --cuda-graph-backend-prefill=disabled or auto-disable rules).
[2m2026-09-30T22:50:54.487601Z[0m [32m INFO[0m [2mcuda_graph_setup.capture_decode_graph[0m[2m:[0m Capture target decode CUDA graph begin. backend=full, num_tokens_per_req=1, bs=[1, 2, 4], avail mem=16.06 GB
[2m2026-09-30T22:50:54.495443Z[0m [32m INFO[0m [2mattention_registry.create_dsv4_backend[0m[2m:[0m Using DeepseekV4AttnBackend for dsv4 attention backend (CUDA).
[2m2026-09-30T22:50:54.497807Z[0m [32m INFO[0m [2mcuda_graph_setup.capture_prefill_graph[0m[2m:[0m Disable prefill CUDA graph because cuda_graph_config resolved prefill.backend='disabled' (e.g. via --cuda-graph-backend-prefill=disabled or auto-disable rules).
[2m2026-09-30T22:50:54.498002Z[0m [32m INFO[0m [2mcuda_graph_setup.capture_decode_graph[0m[2m:[0m Capture target decode CUDA graph begin. backend=full, num_tokens_per_req=1, bs=[1, 2, 4], avail mem=16.30 GB
[2m2026-09-30T22:50:54.498264Z[0m [32m INFO[0m [2mattention_registry.create_dsv4_backend[0m[2m:[0m Using DeepseekV4AttnBackend for dsv4 attention backend (CUDA).
[2m2026-09-30T22:50:54.500621Z[0m [32m INFO[0m [2mcuda_graph_setup.capture_prefill_graph[0m[2m:[0m Disable prefill CUDA graph because cuda_graph_config resolved prefill.backend='disabled' (e.g. via --cuda-graph-backend-prefill=disabled or auto-disable rules).
[2m2026-09-30T22:50:54.500837Z[0m [32m INFO[0m [2mcuda_graph_setup.capture_decode_graph[0m[2m:[0m Capture target decode CUDA graph begin. backend=full, num_tokens_per_req=1, bs=[1, 2, 4], avail mem=16.06 GB
[2m2026-09-30T22:50:54.501358Z[0m [32m INFO[0m [2mattention_registry.create_dsv4_backend[0m[2m:[0m Using DeepseekV4AttnBackend for dsv4 attention backend (CUDA).
[2m2026-09-30T22:50:54.503146Z[0m [32m INFO[0m [2mcuda_graph_setup.capture_prefill_graph[0m[2m:[0m Disable prefill CUDA graph because cuda_graph_config resolved prefill.backend='disabled' (e.g. via --cuda-graph-backend-prefill=disabled or auto-disable rules).
[2m2026-09-30T22:50:54.503358Z[0m [32m INFO[0m [2mcuda_graph_setup.capture_decode_graph[0m[2m:[0m Capture target decode CUDA graph begin. backend=full, num_tokens_per_req=1, bs=[1, 2, 4], avail mem=16.11 GB
[2m2026-09-30T22:50:54.516644Z[0m [32m INFO[0m [2mattention_registry.create_dsv4_backend[0m[2m:[0m Using DeepseekV4AttnBackend for dsv4 attention backend (CUDA).
[2m2026-09-30T22:50:54.516847Z[0m [32m INFO[0m [2mattention_registry.create_dsv4_backend[0m[2m:[0m Using DeepseekV4AttnBackend for dsv4 attention backend (CUDA).
[2m2026-09-30T22:50:54.518465Z[0m [32m INFO[0m [2mattention_registry.create_dsv4_backend[0m[2m:[0m Using DeepseekV4AttnBackend for dsv4 attention backend (CUDA).
[2m2026-09-30T22:50:54.518787Z[0m [32m INFO[0m [2mcuda_graph_setup.capture_prefill_graph[0m[2m:[0m Disable prefill CUDA graph because cuda_graph_config resolved prefill.backend='disabled' (e.g. via --cuda-graph-backend-prefill=disabled or auto-disable rules).
[2m2026-09-30T22:50:54.518979Z[0m [32m INFO[0m [2mcuda_graph_setup.capture_prefill_graph[0m[2m:[0m Disable prefill CUDA graph because cuda_graph_config resolved prefill.backend='disabled' (e.g. via --cuda-graph-backend-prefill=disabled or auto-disable rules).
[2m2026-09-30T22:50:54.518990Z[0m [32m INFO[0m [2mcuda_graph_setup.capture_decode_graph[0m[2m:[0m Capture target decode CUDA graph begin. backend=full, num_tokens_per_req=1, bs=[1, 2, 4], avail mem=16.06 GB
[2m2026-09-30T22:50:54.519187Z[0m [32m INFO[0m [2mcuda_graph_setup.capture_decode_graph[0m[2m:[0m Capture target decode CUDA graph begin. backend=full, num_tokens_per_req=1, bs=[1, 2, 4], avail mem=16.06 GB
[2m2026-09-30T22:50:54.520469Z[0m [32m INFO[0m [2mcuda_graph_setup.capture_prefill_graph[0m[2m:[0m Disable prefill CUDA graph because cuda_graph_config resolved prefill.backend='disabled' (e.g. via --cuda-graph-backend-prefill=disabled or auto-disable rules).
[2m2026-09-30T22:50:54.520706Z[0m [32m INFO[0m [2mcuda_graph_setup.capture_decode_graph[0m[2m:[0m Capture target decode CUDA graph begin. backend=full, num_tokens_per_req=1, bs=[1, 2, 4], avail mem=16.06 GB
[2m2026-09-30T22:50:54.530729Z[0m [32m INFO[0m [2mattention_registry.create_dsv4_backend[0m[2m:[0m Using DeepseekV4AttnBackend for dsv4 attention backend (CUDA).
[2m2026-09-30T22:50:54.537005Z[0m [32m INFO[0m [2mcuda_graph_setup.capture_prefill_graph[0m[2m:[0m Disable prefill CUDA graph because cuda_graph_config resolved prefill.backend='disabled' (e.g. via --cuda-graph-backend-prefill=disabled or auto-disable rules).
[2m2026-09-30T22:50:54.537199Z[0m [32m INFO[0m [2mcuda_graph_setup.capture_decode_graph[0m[2m:[0m Capture target decode CUDA graph begin. backend=full, num_tokens_per_req=1, bs=[1, 2, 4], avail mem=16.06 GB
  0%|          | 0/3 [00:00<?, ?it/s]Capturing batches (bs=4 avail_mem=16.11 GB):   0%|          | 0/3 [00:00<?, ?it/s]Capturing batches (bs=4 avail_mem=16.11 GB):  33%|███▎      | 1/3 [00:03<00:06,  3.34s/it]Capturing batches (bs=2 avail_mem=15.88 GB):  33%|███▎      | 1/3 [00:03<00:06,  3.34s/it]Capturing batches (bs=2 avail_mem=15.88 GB):  67%|██████▋   | 2/3 [00:04<00:02,  2.19s/it]Capturing batches (bs=1 avail_mem=15.86 GB):  67%|██████▋   | 2/3 [00:04<00:02,  2.19s/it]Capturing batches (bs=1 avail_mem=15.86 GB): 100%|██████████| 3/3 [00:06<00:00,  1.97s/it]Capturing batches (bs=1 avail_mem=15.86 GB): 100%|██████████| 3/3 [00:06<00:00,  2.15s/it]
[2m2026-09-30T22:51:01.921482Z[0m [32m INFO[0m [2mcuda_graph_setup.capture_decode_graph[0m[2m:[0m Capture target decode CUDA graph end. elapsed=7.42 s, mem usage=0.27 GB, avail mem=15.80 GB.
[2m2026-09-30T22:51:01.923493Z[0m [32m INFO[0m [2munified_radix_cache.__init__[0m[2m:[0m Init Unified RadixTree with components (<ComponentType.FULL: 0>, <ComponentType.SWA: 1>)
[2m2026-09-30T22:51:01.923542Z[0m [32m INFO[0m [2mregistry.create_tree_cache[0m[2m:[0m Tree cache initialized: source=default impl=UnifiedRadixCache hybrid_swa=True hybrid_ssm=False hierarchical=False streaming_wrapped=False
[2m2026-09-30T22:51:01.981922Z[0m [32m INFO[0m [2mcuda_graph_setup.capture_decode_graph[0m[2m:[0m Capture target decode CUDA graph end. elapsed=7.46 s, mem usage=0.27 GB, avail mem=15.80 GB.
[2m2026-09-30T22:51:01.983786Z[0m [32m INFO[0m [2munified_radix_cache.__init__[0m[2m:[0m Init Unified RadixTree with components (<ComponentType.FULL: 0>, <ComponentType.SWA: 1>)
[2m2026-09-30T22:51:01.983833Z[0m [32m INFO[0m [2mregistry.create_tree_cache[0m[2m:[0m Tree cache initialized: source=default impl=UnifiedRadixCache hybrid_swa=True hybrid_ssm=False hierarchical=False streaming_wrapped=False
[2m2026-09-30T22:51:02.015118Z[0m [32m INFO[0m [2mcuda_graph_setup.capture_decode_graph[0m[2m:[0m Capture target decode CUDA graph end. elapsed=7.50 s, mem usage=0.27 GB, avail mem=15.80 GB.
[2m2026-09-30T22:51:02.017020Z[0m [32m INFO[0m [2mcuda_graph_setup.capture_decode_graph[0m[2m:[0m Capture target decode CUDA graph end. elapsed=7.53 s, mem usage=0.27 GB, avail mem=15.80 GB.
[2m2026-09-30T22:51:02.017089Z[0m [32m INFO[0m [2munified_radix_cache.__init__[0m[2m:[0m Init Unified RadixTree with components (<ComponentType.FULL: 0>, <ComponentType.SWA: 1>)
[2m2026-09-30T22:51:02.017142Z[0m [32m INFO[0m [2mregistry.create_tree_cache[0m[2m:[0m Tree cache initialized: source=default impl=UnifiedRadixCache hybrid_swa=True hybrid_ssm=False hierarchical=False streaming_wrapped=False
[2m2026-09-30T22:51:02.018877Z[0m [32m INFO[0m [2munified_radix_cache.__init__[0m[2m:[0m Init Unified RadixTree with components (<ComponentType.FULL: 0>, <ComponentType.SWA: 1>)
[2m2026-09-30T22:51:02.018928Z[0m [32m INFO[0m [2mregistry.create_tree_cache[0m[2m:[0m Tree cache initialized: source=default impl=UnifiedRadixCache hybrid_swa=True hybrid_ssm=False hierarchical=False streaming_wrapped=False
[2m2026-09-30T22:51:02.022126Z[0m [32m INFO[0m [2mcuda_graph_setup.capture_decode_graph[0m[2m:[0m Capture target decode CUDA graph end. elapsed=7.52 s, mem usage=0.27 GB, avail mem=15.84 GB.
[2m2026-09-30T22:51:02.022841Z[0m [32m INFO[0m [2mscheduler.init_model_worker[0m[2m:[0m max_total_num_tokens=1761792, chunked_prefill_size=4096, max_prefill_tokens=16384, max_running_requests=4, context_len=262144, available_gpu_mem=15.84 GB
[2m2026-09-30T22:51:02.024071Z[0m [32m INFO[0m [2munified_radix_cache.__init__[0m[2m:[0m Init Unified RadixTree with components (<ComponentType.FULL: 0>, <ComponentType.SWA: 1>)
[2m2026-09-30T22:51:02.024116Z[0m [32m INFO[0m [2mregistry.create_tree_cache[0m[2m:[0m Tree cache initialized: source=default impl=UnifiedRadixCache hybrid_swa=True hybrid_ssm=False hierarchical=False streaming_wrapped=False
[2m2026-09-30T22:51:02.026108Z[0m [32m INFO[0m [2mcuda_graph_setup.capture_decode_graph[0m[2m:[0m Capture target decode CUDA graph end. elapsed=7.51 s, mem usage=0.27 GB, avail mem=15.80 GB.
[2m2026-09-30T22:51:02.028323Z[0m [32m INFO[0m [2munified_radix_cache.__init__[0m[2m:[0m Init Unified RadixTree with components (<ComponentType.FULL: 0>, <ComponentType.SWA: 1>)
[2m2026-09-30T22:51:02.028383Z[0m [32m INFO[0m [2mregistry.create_tree_cache[0m[2m:[0m Tree cache initialized: source=default impl=UnifiedRadixCache hybrid_swa=True hybrid_ssm=False hierarchical=False streaming_wrapped=False
[2m2026-09-30T22:51:02.034360Z[0m [32m INFO[0m [2mcuda_graph_setup.capture_decode_graph[0m[2m:[0m Capture target decode CUDA graph end. elapsed=7.54 s, mem usage=0.27 GB, avail mem=16.03 GB.
[2m2026-09-30T22:51:02.036281Z[0m [32m INFO[0m [2munified_radix_cache.__init__[0m[2m:[0m Init Unified RadixTree with components (<ComponentType.FULL: 0>, <ComponentType.SWA: 1>)
[2m2026-09-30T22:51:02.036351Z[0m [32m INFO[0m [2mregistry.create_tree_cache[0m[2m:[0m Tree cache initialized: source=default impl=UnifiedRadixCache hybrid_swa=True hybrid_ssm=False hierarchical=False streaming_wrapped=False
[2m2026-09-30T22:51:02.059533Z[0m [32m INFO[0m [2mcuda_graph_setup.capture_decode_graph[0m[2m:[0m Capture target decode CUDA graph end. elapsed=7.52 s, mem usage=0.27 GB, avail mem=15.80 GB.
[2m2026-09-30T22:51:02.061484Z[0m [32m INFO[0m [2munified_radix_cache.__init__[0m[2m:[0m Init Unified RadixTree with components (<ComponentType.FULL: 0>, <ComponentType.SWA: 1>)
[2m2026-09-30T22:51:02.061528Z[0m [32m INFO[0m [2mregistry.create_tree_cache[0m[2m:[0m Tree cache initialized: source=default impl=UnifiedRadixCache hybrid_swa=True hybrid_ssm=False hierarchical=False streaming_wrapped=False
[2m2026-09-30T22:51:02.441895Z[0m [32m INFO[0m [2mkv_events.__init__[0m[2m:[0m Starting ZMQ publisher thread
[2m2026-09-30T22:51:02.455280Z[0m [32m INFO[0m [2mdynamo_runtime::transports::event_plane::zmq_transport[0m[2m:[0m ZMQ PUB transport bound with configured HWM [3mendpoint[0m[2m=[0mtcp://0.0.0.0:34009 [3mtopic[0m[2m=[0mkv_metrics [3msndhwm[0m[2m=[0m100000
[2m2026-09-30T22:51:02.455620Z[0m [32m INFO[0m [2mdynamo_runtime::discovery::kv_store[0m[2m:[0m KVStoreDiscovery::register: EventChannel bucket=v1/event_channels, key=namespace/deepseek-v4-pro/component/backend/endpoint/generate/topic/kv_metrics/f06d26f54c50
[2m2026-09-30T22:51:02.457678Z[0m [32m INFO[0m [2mdynamo_runtime::transports::event_plane[0m[2m:[0m EventPublisher registered with discovery (direct mode) [3mtopic[0m[2m=[0mkv_metrics [3mtransport[0m[2m=[0mZmq [3mpublisher_id[0m[2m=[0m264351595711568
[2m2026-09-30T22:51:02.457945Z[0m [32m INFO[0m [2mpublisher.init_engine_metrics_publish[0m[2m:[0m Sending dummy metrics to initialize
[2m2026-09-30T22:51:02.458507Z[0m [32m INFO[0m [2mpublisher.init_kv_event_publish[0m[2m:[0m Setting up ZMQ kv event subscriber for dp_rank=0 (connecting to tcp://10.26.0.0:5571)
[2m2026-09-30T22:51:02.459009Z[0m [32m INFO[0m [2mdynamo_llm::kv_router::publisher[0m[2m:[0m Initializing KvEventPublisher for worker 7668681235357845770 on serving endpoint deepseek-v4-pro/backend/generate [3mkv_state_endpoint[0m[2m=[0mdeepseek-v4-pro/backend/generate
[2m2026-09-30T22:51:02.459020Z[0m [32m INFO[0m [2mdynamo_llm::kv_router::publisher[0m[2m:[0m LocalKvIndexer enabled for worker 7668681235357845770 on endpoint deepseek-v4-pro/backend/generate
[2m2026-09-30T22:51:02.459155Z[0m [32m INFO[0m [2mdynamo_llm::kv_router::publisher[0m[2m:[0m Using event plane for KV event publishing
[2m2026-09-30T22:51:02.459268Z[0m [32m INFO[0m [2mpublisher.setup_sgl_metrics[0m[2m:[0m SGLang metrics loop started
[2m2026-09-30T22:51:02.459406Z[0m [32m INFO[0m [2mdynamo_runtime::transports::event_plane::zmq_transport[0m[2m:[0m ZMQ PUB transport bound with configured HWM [3mendpoint[0m[2m=[0mtcp://0.0.0.0:34483 [3mtopic[0m[2m=[0mkv-events [3msndhwm[0m[2m=[0m100000
[2m2026-09-30T22:51:02.459651Z[0m [32m INFO[0m [2mdynamo_runtime::discovery::kv_store[0m[2m:[0m KVStoreDiscovery::register: EventChannel bucket=v1/event_channels, key=namespace/deepseek-v4-pro/component/backend/endpoint/generate/topic/kv-events/92895713923
[2m2026-09-30T22:51:02.459682Z[0m [32m INFO[0m [2mdecode_handler.__init__[0m[2m:[0m Decode worker handler initialized (aggregated mode, standard)
[2m2026-09-30T22:51:02.459792Z[0m [32m INFO[0m [2mhealth_check._get_bos_token_id_from_engine[0m[2m:[0m Using model's BOS token ID for health check: 0
[2m2026-09-30T22:51:02.459840Z[0m [32m INFO[0m [2minit_llm.init_decode[0m[2m:[0m Registering model with endpoint types: chat,completions
[2m2026-09-30T22:51:02.460534Z[0m [32m INFO[0m [2m_disagg.compute_bootstrap_address[0m[2m:[0m Using auto-detected local IP: 10.26.0.0 (IPv4)
[2m2026-09-30T22:51:02.460566Z[0m [32m INFO[0m [2mregister._get_runtime_config[0m[2m:[0m Publishing disaggregated endpoint to discovery: 10.26.0.0:35777
[2m2026-09-30T22:51:02.460621Z[0m [32m INFO[0m [2mregister._get_runtime_config[0m[2m:[0m Got total KV blocks from scheduler: 6882 (max_total_tokens=1761792, page_size=256)
[2m2026-09-30T22:51:02.460749Z[0m [32m INFO[0m [2mdynamo_runtime::transports::event_plane[0m[2m:[0m EventPublisher registered with discovery (direct mode) [3mtopic[0m[2m=[0mkv-events [3mtransport[0m[2m=[0mZmq [3mpublisher_id[0m[2m=[0m10069910567203
[2m2026-09-30T22:51:02.460801Z[0m [32m INFO[0m [2mdynamo_llm::kv_router::indexer::recovery::worker_query_endpoint[0m[2m:[0m WorkerKvQuery endpoint starting for worker 7668681235357845770 dp_rank 0 routed by instance 7668681235357845770 on endpoint 'worker_kv_query_source_92895713923'
[2m2026-09-30T22:51:02.460887Z[0m [32m INFO[0m [2mdynamo_runtime::pipeline::network::manager[0m[2m:[0m Creating TCP request plane server [3mbind_addr[0m[2m=[0m10.26.0.0:0 [3mport_source[0m[2m=[0m"OS-assigned"
[2m2026-09-30T22:51:02.460902Z[0m [32m INFO[0m [2mdynamo_runtime::pipeline::network::ingress::shared_tcp_endpoint[0m[2m:[0m Initializing TCP server with dispatcher (concurrency=10000, queue=40000)
[2m2026-09-30T22:51:02.460908Z[0m [32m INFO[0m [2mdynamo_runtime::pipeline::network::ingress::shared_tcp_endpoint[0m[2m:[0m Started TCP worker dispatcher with concurrency limit 10000
[2m2026-09-30T22:51:02.460949Z[0m [32m INFO[0m [2mdynamo_runtime::pipeline::network::ingress::shared_tcp_endpoint[0m[2m:[0m Binding TCP server to 10.26.0.0:0
[2m2026-09-30T22:51:02.460973Z[0m [32m INFO[0m [2mdynamo_runtime::pipeline::network::ingress::shared_tcp_endpoint[0m[2m:[0m TCP server bound successfully [3mrequested[0m[2m=[0m10.26.0.0:0 [3mactual[0m[2m=[0m10.26.0.0:39283
[2m2026-09-30T22:51:02.460984Z[0m [32m INFO[0m [2mdynamo_runtime::pipeline::network::manager[0m[2m:[0m TCP request plane server started [3mactual_addr[0m[2m=[0m10.26.0.0:39283 [3mactual_port[0m[2m=[0m39283
[2m2026-09-30T22:51:02.461005Z[0m [32m INFO[0m [2mdynamo_runtime::pipeline::network::ingress::shared_tcp_endpoint[0m[2m:[0m Registered endpoint 'deepseek-v4-pro.backend.load_lora' with shared TCP server on 10.26.0.0:39283
[2m2026-09-30T22:51:02.461021Z[0m [32m INFO[0m [2mdynamo_runtime::pipeline::network::ingress::shared_tcp_endpoint[0m[2m:[0m Registered endpoint 'deepseek-v4-pro.backend.worker_kv_query_source_92895713923' with shared TCP server on 10.26.0.0:39283
[2m2026-09-30T22:51:02.461019Z[0m [32m INFO[0m [2mdynamo_runtime::pipeline::network::ingress::shared_tcp_endpoint[0m[2m:[0m Registered endpoint 'deepseek-v4-pro.backend.clear_kv_blocks' with shared TCP server on 10.26.0.0:39283
[2m2026-09-30T22:51:02.461037Z[0m [32m INFO[0m [2mdynamo_runtime::pipeline::network::ingress::shared_tcp_endpoint[0m[2m:[0m Registered endpoint 'deepseek-v4-pro.backend.unload_lora' with shared TCP server on 10.26.0.0:39283
[2m2026-09-30T22:51:02.461071Z[0m [32m INFO[0m [2mdynamo_runtime::pipeline::network::ingress::shared_tcp_endpoint[0m[2m:[0m Registered endpoint 'deepseek-v4-pro.backend.list_loras' with shared TCP server on 10.26.0.0:39283
[2m2026-09-30T22:51:02.461078Z[0m [32m INFO[0m [2mdynamo_runtime::pipeline::network::ingress::shared_tcp_endpoint[0m[2m:[0m Registered endpoint 'deepseek-v4-pro.backend.generate' with shared TCP server on 10.26.0.0:39283
[2m2026-09-30T22:51:02.481311Z[0m [32m INFO[0m [2m_core[0m[2m:[0m Registered base model 'deepseek-ai/DeepSeek-V4-Pro-0813' MDC
[2m2026-09-30T22:51:02.481482Z[0m [32m INFO[0m [2mregister._register_model_with_runtime_config[0m[2m:[0m Successfully registered LLM with runtime config
[2m2026-09-30T22:51:02.481532Z[0m [32m INFO[0m [2mregister.register_model_with_readiness_gate[0m[2m:[0m Model registration succeeded; processing queued requests
[2m2026-09-30T22:51:02.483726Z[0m [32m INFO[0m [1mhandle_payload[0m: [2mdynamo_runtime::pipeline::network::ingress::push_handler[0m[2m:[0m request received [3mrequest_id[0m[2m=[0m2f403203-37a7-40b6-a934-c0ada24412a1 [2m[3mrequest_id[0m[2m=[0m"2f403203-37a7-40b6-a934-c0ada24412a1" [3mcomponent[0m[2m=[0m"backend" [3mendpoint[0m[2m=[0m"worker_kv_query_source_92895713923" [3mnamespace[0m[2m=[0m"deepseek-v4-pro" [3minstance_id[0m[2m=[0m7668681235357845770[0m
[2m2026-09-30T22:51:02.484119Z[0m [32m INFO[0m [2mdynamo_kv_router::indexer::local[0m[2m:[0m Built compressed radix recovery dump [3mevent_count[0m[2m=[0m0 [3mrepresented_block_count[0m[2m=[0m0 [3mlast_event_id[0m[2m=[0m0
[2m2026-09-30T22:51:02.484214Z[0m [32m INFO[0m [1mhandle_payload[0m: [2mdynamo_runtime::pipeline::network::ingress::push_handler[0m[2m:[0m request completed [3mrequest_id[0m[2m=[0m2f403203-37a7-40b6-a934-c0ada24412a1 [2m[3mrequest_id[0m[2m=[0m"2f403203-37a7-40b6-a934-c0ada24412a1" [3mcomponent[0m[2m=[0m"backend" [3mendpoint[0m[2m=[0m"worker_kv_query_source_92895713923" [3mnamespace[0m[2m=[0m"deepseek-v4-pro" [3minstance_id[0m[2m=[0m7668681235357845770[0m
[2m2026-09-30T22:51:27.783082Z[0m [32m INFO[0m [1mhandle_payload[0m: [2mdynamo_runtime::pipeline::network::ingress::push_handler[0m[2m:[0m request received [3mrequest_id[0m[2m=[0mfd990a95-20d8-4291-8073-887a13c53315 [2m[3mrequest_id[0m[2m=[0m"fd990a95-20d8-4291-8073-887a13c53315" [3mcomponent[0m[2m=[0m"backend" [3mendpoint[0m[2m=[0m"generate" [3mnamespace[0m[2m=[0m"deepseek-v4-pro" [3minstance_id[0m[2m=[0m7668681235357845770[0m
[2m2026-09-30T22:51:29.086310Z[0m [32m INFO[0m [2mmetrics_reporter.report_prefill_stats[0m[2m:[0m Prefill batch, #new-seq: 1, #new-token: 4096, #cached-token: 0, full token usage: 0.00, swa token usage: 0.02, #running-req: 0, #queue-req: 0, #pending-token: 251904, cuda graph: False, input throughput (token/s): 151.36
[2m2026-09-30T22:51:29.470344Z[0m [32m INFO[0m [2mmetrics_reporter.report_prefill_stats[0m[2m:[0m Prefill batch, #new-seq: 1, #new-token: 4096, #cached-token: 0, full token usage: 0.01, swa token usage: 0.02, #running-req: 0, #queue-req: 0, #pending-token: 247808, cuda graph: False, input throughput (token/s): 10663.48
[2m2026-09-30T22:51:29.858072Z[0m [32m INFO[0m [2mmetrics_reporter.report_prefill_stats[0m[2m:[0m Prefill batch, #new-seq: 1, #new-token: 4096, #cached-token: 0, full token usage: 0.01, swa token usage: 0.02, #running-req: 0, #queue-req: 0, #pending-token: 243712, cuda graph: False, input throughput (token/s): 10563.70
[2m2026-09-30T22:51:30.252079Z[0m [32m INFO[0m [2mmetrics_reporter.report_prefill_stats[0m[2m:[0m Prefill batch, #new-seq: 1, #new-token: 4096, #cached-token: 0, full token usage: 0.01, swa token usage: 0.02, #running-req: 0, #queue-req: 0, #pending-token: 239616, cuda graph: False, input throughput (token/s): 10395.89
[2m2026-09-30T22:51:30.647225Z[0m [32m INFO[0m [2mmetrics_reporter.report_prefill_stats[0m[2m:[0m Prefill batch, #new-seq: 1, #new-token: 4096, #cached-token: 0, full token usage: 0.01, swa token usage: 0.02, #running-req: 0, #queue-req: 0, #pending-token: 235520, cuda graph: False, input throughput (token/s): 10365.47
[2m2026-09-30T22:51:31.045227Z[0m [32m INFO[0m [2mmetrics_reporter.report_prefill_stats[0m[2m:[0m Prefill batch, #new-seq: 1, #new-token: 4096, #cached-token: 0, full token usage: 0.02, swa token usage: 0.02, #running-req: 0, #queue-req: 0, #pending-token: 231424, cuda graph: False, input throughput (token/s): 10291.82
[2m2026-09-30T22:51:31.447244Z[0m [32m INFO[0m [2mmetrics_reporter.report_prefill_stats[0m[2m:[0m Prefill batch, #new-seq: 1, #new-token: 4096, #cached-token: 0, full token usage: 0.02, swa token usage: 0.02, #running-req: 0, #queue-req: 0, #pending-token: 227328, cuda graph: False, input throughput (token/s): 10188.49
[2m2026-09-30T22:51:31.855009Z[0m [32m INFO[0m [2mmetrics_reporter.report_prefill_stats[0m[2m:[0m Prefill batch, #new-seq: 1, #new-token: 4096, #cached-token: 0, full token usage: 0.02, swa token usage: 0.02, #running-req: 0, #queue-req: 0, #pending-token: 223232, cuda graph: False, input throughput (token/s): 10044.95
[2m2026-09-30T22:51:32.263027Z[0m [32m INFO[0m [2mmetrics_reporter.report_prefill_stats[0m[2m:[0m Prefill batch, #new-seq: 1, #new-token: 4096, #cached-token: 0, full token usage: 0.02, swa token usage: 0.02, #running-req: 0, #queue-req: 0, #pending-token: 219136, cuda graph: False, input throughput (token/s): 10038.36
[2m2026-09-30T22:51:32.672205Z[0m [32m INFO[0m [2mmetrics_reporter.report_prefill_stats[0m[2m:[0m Prefill batch, #new-seq: 1, #new-token: 4096, #cached-token: 0, full token usage: 0.03, swa token usage: 0.02, #running-req: 0, #queue-req: 0, #pending-token: 215040, cuda graph: False, input throughput (token/s): 10011.08
[2m2026-09-30T22:51:33.086537Z[0m [32m INFO[0m [2mmetrics_reporter.report_prefill_stats[0m[2m:[0m Prefill batch, #new-seq: 1, #new-token: 4096, #cached-token: 0, full token usage: 0.03, swa token usage: 0.02, #running-req: 0, #queue-req: 0, #pending-token: 210944, cuda graph: False, input throughput (token/s): 9885.39
[2m2026-09-30T22:51:33.506362Z[0m [32m INFO[0m [2mmetrics_reporter.report_prefill_stats[0m[2m:[0m Prefill batch, #new-seq: 1, #new-token: 4096, #cached-token: 0, full token usage: 0.03, swa token usage: 0.02, #running-req: 0, #queue-req: 0, #pending-token: 206848, cuda graph: False, input throughput (token/s): 9757.45
[2m2026-09-30T22:51:33.930652Z[0m [32m INFO[0m [2mmetrics_reporter.report_prefill_stats[0m[2m:[0m Prefill batch, #new-seq: 1, #new-token: 4096, #cached-token: 0, full token usage: 0.03, swa token usage: 0.02, #running-req: 0, #queue-req: 0, #pending-token: 202752, cuda graph: False, input throughput (token/s): 9654.01
[2m2026-09-30T22:51:34.359462Z[0m [32m INFO[0m [2mmetrics_reporter.report_prefill_stats[0m[2m:[0m Prefill batch, #new-seq: 1, #new-token: 4096, #cached-token: 0, full token usage: 0.03, swa token usage: 0.02, #running-req: 0, #queue-req: 0, #pending-token: 198656, cuda graph: False, input throughput (token/s): 9551.07
[2m2026-09-30T22:51:34.790690Z[0m [32m INFO[0m [2mmetrics_reporter.report_prefill_stats[0m[2m:[0m Prefill batch, #new-seq: 1, #new-token: 4096, #cached-token: 0, full token usage: 0.04, swa token usage: 0.02, #running-req: 0, #queue-req: 0, #pending-token: 194560, cuda graph: False, input throughput (token/s): 9498.11
[2m2026-09-30T22:51:35.229144Z[0m [32m INFO[0m [2mmetrics_reporter.report_prefill_stats[0m[2m:[0m Prefill batch, #new-seq: 1, #new-token: 4096, #cached-token: 0, full token usage: 0.04, swa token usage: 0.02, #running-req: 0, #queue-req: 0, #pending-token: 190464, cuda graph: False, input throughput (token/s): 9342.32
[2m2026-09-30T22:51:35.667368Z[0m [32m INFO[0m [2mmetrics_reporter.report_prefill_stats[0m[2m:[0m Prefill batch, #new-seq: 1, #new-token: 4096, #cached-token: 0, full token usage: 0.04, swa token usage: 0.02, #running-req: 0, #queue-req: 0, #pending-token: 186368, cuda graph: False, input throughput (token/s): 9350.20
[2m2026-09-30T22:51:36.108223Z[0m [32m INFO[0m [2mmetrics_reporter.report_prefill_stats[0m[2m:[0m Prefill batch, #new-seq: 1, #new-token: 4096, #cached-token: 0, full token usage: 0.04, swa token usage: 0.02, #running-req: 0, #queue-req: 0, #pending-token: 182272, cuda graph: False, input throughput (token/s): 9287.46
[2m2026-09-30T22:51:36.553120Z[0m [32m INFO[0m [2mmetrics_reporter.report_prefill_stats[0m[2m:[0m Prefill batch, #new-seq: 1, #new-token: 4096, #cached-token: 0, full token usage: 0.05, swa token usage: 0.02, #running-req: 0, #queue-req: 0, #pending-token: 178176, cuda graph: False, input throughput (token/s): 9206.77
[2m2026-09-30T22:51:37.002621Z[0m [32m INFO[0m [2mmetrics_reporter.report_prefill_stats[0m[2m:[0m Prefill batch, #new-seq: 1, #new-token: 4096, #cached-token: 0, full token usage: 0.05, swa token usage: 0.02, #running-req: 0, #queue-req: 0, #pending-token: 174080, cuda graph: False, input throughput (token/s): 9112.41
[2m2026-09-30T22:51:37.460284Z[0m [32m INFO[0m [2mmetrics_reporter.report_prefill_stats[0m[2m:[0m Prefill batch, #new-seq: 1, #new-token: 4096, #cached-token: 0, full token usage: 0.05, swa token usage: 0.02, #running-req: 0, #queue-req: 0, #pending-token: 169984, cuda graph: False, input throughput (token/s): 8950.01
[2m2026-09-30T22:51:37.918566Z[0m [32m INFO[0m [2mmetrics_reporter.report_prefill_stats[0m[2m:[0m Prefill batch, #new-seq: 1, #new-token: 4096, #cached-token: 0, full token usage: 0.05, swa token usage: 0.02, #running-req: 0, #queue-req: 0, #pending-token: 165888, cuda graph: False, input throughput (token/s): 8937.70
[2m2026-09-30T22:51:38.383027Z[0m [32m INFO[0m [2mmetrics_reporter.report_prefill_stats[0m[2m:[0m Prefill batch, #new-seq: 1, #new-token: 4096, #cached-token: 0, full token usage: 0.06, swa token usage: 0.02, #running-req: 0, #queue-req: 0, #pending-token: 161792, cuda graph: False, input throughput (token/s): 8818.91
[2m2026-09-30T22:51:38.850521Z[0m [32m INFO[0m [2mmetrics_reporter.report_prefill_stats[0m[2m:[0m Prefill batch, #new-seq: 1, #new-token: 4096, #cached-token: 0, full token usage: 0.06, swa token usage: 0.02, #running-req: 0, #queue-req: 0, #pending-token: 157696, cuda graph: False, input throughput (token/s): 8761.63
[2m2026-09-30T22:51:39.323729Z[0m [32m INFO[0m [2mmetrics_reporter.report_prefill_stats[0m[2m:[0m Prefill batch, #new-seq: 1, #new-token: 4096, #cached-token: 0, full token usage: 0.06, swa token usage: 0.02, #running-req: 0, #queue-req: 0, #pending-token: 153600, cuda graph: False, input throughput (token/s): 8655.78
[2m2026-09-30T22:51:39.799090Z[0m [32m INFO[0m [2mmetrics_reporter.report_prefill_stats[0m[2m:[0m Prefill batch, #new-seq: 1, #new-token: 4096, #cached-token: 0, full token usage: 0.06, swa token usage: 0.02, #running-req: 0, #queue-req: 0, #pending-token: 149504, cuda graph: False, input throughput (token/s): 8616.82
[2m2026-09-30T22:51:40.276506Z[0m [32m INFO[0m [2mmetrics_reporter.report_prefill_stats[0m[2m:[0m Prefill batch, #new-seq: 1, #new-token: 4096, #cached-token: 0, full token usage: 0.07, swa token usage: 0.02, #running-req: 0, #queue-req: 0, #pending-token: 145408, cuda graph: False, input throughput (token/s): 8579.37
[2m2026-09-30T22:51:40.760488Z[0m [32m INFO[0m [2mmetrics_reporter.report_prefill_stats[0m[2m:[0m Prefill batch, #new-seq: 1, #new-token: 4096, #cached-token: 0, full token usage: 0.07, swa token usage: 0.02, #running-req: 0, #queue-req: 0, #pending-token: 141312, cuda graph: False, input throughput (token/s): 8463.08
[2m2026-09-30T22:51:41.253017Z[0m [32m INFO[0m [2mmetrics_reporter.report_prefill_stats[0m[2m:[0m Prefill batch, #new-seq: 1, #new-token: 4096, #cached-token: 0, full token usage: 0.07, swa token usage: 0.02, #running-req: 0, #queue-req: 0, #pending-token: 137216, cuda graph: False, input throughput (token/s): 8316.23
[2m2026-09-30T22:51:41.745440Z[0m [32m INFO[0m [2mmetrics_reporter.report_prefill_stats[0m[2m:[0m Prefill batch, #new-seq: 1, #new-token: 4096, #cached-token: 0, full token usage: 0.07, swa token usage: 0.02, #running-req: 0, #queue-req: 0, #pending-token: 133120, cuda graph: False, input throughput (token/s): 8318.17
[2m2026-09-30T22:51:42.242088Z[0m [32m INFO[0m [2mmetrics_reporter.report_prefill_stats[0m[2m:[0m Prefill batch, #new-seq: 1, #new-token: 4096, #cached-token: 0, full token usage: 0.07, swa token usage: 0.02, #running-req: 0, #queue-req: 0, #pending-token: 129024, cuda graph: False, input throughput (token/s): 8247.02
[2m2026-09-30T22:51:42.744552Z[0m [32m INFO[0m [2mmetrics_reporter.report_prefill_stats[0m[2m:[0m Prefill batch, #new-seq: 1, #new-token: 4096, #cached-token: 0, full token usage: 0.08, swa token usage: 0.02, #running-req: 0, #queue-req: 0, #pending-token: 124928, cuda graph: False, input throughput (token/s): 8153.25
[2m2026-09-30T22:51:43.250332Z[0m [32m INFO[0m [2mmetrics_reporter.report_prefill_stats[0m[2m:[0m Prefill batch, #new-seq: 1, #new-token: 4096, #cached-token: 0, full token usage: 0.08, swa token usage: 0.02, #running-req: 0, #queue-req: 0, #pending-token: 120832, cuda graph: False, input throughput (token/s): 8097.69
[2m2026-09-30T22:51:43.759054Z[0m [32m INFO[0m [2mmetrics_reporter.report_prefill_stats[0m[2m:[0m Prefill batch, #new-seq: 1, #new-token: 4096, #cached-token: 0, full token usage: 0.08, swa token usage: 0.02, #running-req: 0, #queue-req: 0, #pending-token: 116736, cuda graph: False, input throughput (token/s): 8050.50
[2m2026-09-30T22:51:44.275429Z[0m [32m INFO[0m [2mmetrics_reporter.report_prefill_stats[0m[2m:[0m Prefill batch, #new-seq: 1, #new-token: 4096, #cached-token: 0, full token usage: 0.08, swa token usage: 0.02, #running-req: 0, #queue-req: 0, #pending-token: 112640, cuda graph: False, input throughput (token/s): 7932.60
[2m2026-09-30T22:51:44.792866Z[0m [32m INFO[0m [2mmetrics_reporter.report_prefill_stats[0m[2m:[0m Prefill batch, #new-seq: 1, #new-token: 4096, #cached-token: 0, full token usage: 0.09, swa token usage: 0.02, #running-req: 0, #queue-req: 0, #pending-token: 108544, cuda graph: False, input throughput (token/s): 7915.69
[2m2026-09-30T22:51:45.317967Z[0m [32m INFO[0m [2mmetrics_reporter.report_prefill_stats[0m[2m:[0m Prefill batch, #new-seq: 1, #new-token: 4096, #cached-token: 0, full token usage: 0.09, swa token usage: 0.02, #running-req: 0, #queue-req: 0, #pending-token: 104448, cuda graph: False, input throughput (token/s): 7800.43
[2m2026-09-30T22:51:45.847342Z[0m [32m INFO[0m [2mmetrics_reporter.report_prefill_stats[0m[2m:[0m Prefill batch, #new-seq: 1, #new-token: 4096, #cached-token: 0, full token usage: 0.09, swa token usage: 0.02, #running-req: 0, #queue-req: 0, #pending-token: 100352, cuda graph: False, input throughput (token/s): 7737.61
[2m2026-09-30T22:51:46.380635Z[0m [32m INFO[0m [2mmetrics_reporter.report_prefill_stats[0m[2m:[0m Prefill batch, #new-seq: 1, #new-token: 4096, #cached-token: 0, full token usage: 0.09, swa token usage: 0.02, #running-req: 0, #queue-req: 0, #pending-token: 96256, cuda graph: False, input throughput (token/s): 7680.44
[2m2026-09-30T22:51:46.917878Z[0m [32m INFO[0m [2mmetrics_reporter.report_prefill_stats[0m[2m:[0m Prefill batch, #new-seq: 1, #new-token: 4096, #cached-token: 0, full token usage: 0.10, swa token usage: 0.02, #running-req: 0, #queue-req: 0, #pending-token: 92160, cuda graph: False, input throughput (token/s): 7624.05
[2m2026-09-30T22:51:47.460350Z[0m [32m INFO[0m [2mmetrics_reporter.report_prefill_stats[0m[2m:[0m Prefill batch, #new-seq: 1, #new-token: 4096, #cached-token: 0, full token usage: 0.10, swa token usage: 0.02, #running-req: 0, #queue-req: 0, #pending-token: 88064, cuda graph: False, input throughput (token/s): 7551.70
[2m2026-09-30T22:51:48.008358Z[0m [32m INFO[0m [2mmetrics_reporter.report_prefill_stats[0m[2m:[0m Prefill batch, #new-seq: 1, #new-token: 4096, #cached-token: 0, full token usage: 0.10, swa token usage: 0.02, #running-req: 0, #queue-req: 0, #pending-token: 83968, cuda graph: False, input throughput (token/s): 7473.49
[2m2026-09-30T22:51:48.560206Z[0m [32m INFO[0m [2mmetrics_reporter.report_prefill_stats[0m[2m:[0m Prefill batch, #new-seq: 1, #new-token: 4096, #cached-token: 0, full token usage: 0.10, swa token usage: 0.02, #running-req: 0, #queue-req: 0, #pending-token: 79872, cuda graph: False, input throughput (token/s): 7421.96
[2m2026-09-30T22:51:49.116000Z[0m [32m INFO[0m [2mmetrics_reporter.report_prefill_stats[0m[2m:[0m Prefill batch, #new-seq: 1, #new-token: 4096, #cached-token: 0, full token usage: 0.10, swa token usage: 0.02, #running-req: 0, #queue-req: 0, #pending-token: 75776, cuda graph: False, input throughput (token/s): 7369.77
[2m2026-09-30T22:51:49.679058Z[0m [32m INFO[0m [2mmetrics_reporter.report_prefill_stats[0m[2m:[0m Prefill batch, #new-seq: 1, #new-token: 4096, #cached-token: 0, full token usage: 0.11, swa token usage: 0.02, #running-req: 0, #queue-req: 0, #pending-token: 71680, cuda graph: False, input throughput (token/s): 7275.15
[2m2026-09-30T22:51:50.309264Z[0m [32m INFO[0m [2mmetrics_reporter.report_prefill_stats[0m[2m:[0m Prefill batch, #new-seq: 1, #new-token: 4096, #cached-token: 0, full token usage: 0.11, swa token usage: 0.02, #running-req: 0, #queue-req: 0, #pending-token: 67584, cuda graph: False, input throughput (token/s): 6498.92
[2m2026-09-30T22:51:50.878006Z[0m [32m INFO[0m [2mmetrics_reporter.report_prefill_stats[0m[2m:[0m Prefill batch, #new-seq: 1, #new-token: 4096, #cached-token: 0, full token usage: 0.11, swa token usage: 0.02, #running-req: 0, #queue-req: 0, #pending-token: 63488, cuda graph: False, input throughput (token/s): 7201.91
[2m2026-09-30T22:51:51.452593Z[0m [32m INFO[0m [2mmetrics_reporter.report_prefill_stats[0m[2m:[0m Prefill batch, #new-seq: 1, #new-token: 4096, #cached-token: 0, full token usage: 0.11, swa token usage: 0.02, #running-req: 0, #queue-req: 0, #pending-token: 59392, cuda graph: False, input throughput (token/s): 7128.62
[2m2026-09-30T22:51:52.038488Z[0m [32m INFO[0m [2mmetrics_reporter.report_prefill_stats[0m[2m:[0m Prefill batch, #new-seq: 1, #new-token: 4096, #cached-token: 0, full token usage: 0.12, swa token usage: 0.02, #running-req: 0, #queue-req: 0, #pending-token: 55296, cuda graph: False, input throughput (token/s): 6990.99
[2m2026-09-30T22:51:52.616376Z[0m [32m INFO[0m [2mmetrics_reporter.report_prefill_stats[0m[2m:[0m Prefill batch, #new-seq: 1, #new-token: 4096, #cached-token: 0, full token usage: 0.12, swa token usage: 0.02, #running-req: 0, #queue-req: 0, #pending-token: 51200, cuda graph: False, input throughput (token/s): 7088.10
[2m2026-09-30T22:51:53.209180Z[0m [32m INFO[0m [2mmetrics_reporter.report_prefill_stats[0m[2m:[0m Prefill batch, #new-seq: 1, #new-token: 4096, #cached-token: 0, full token usage: 0.12, swa token usage: 0.02, #running-req: 0, #queue-req: 0, #pending-token: 47104, cuda graph: False, input throughput (token/s): 6909.42
[2m2026-09-30T22:51:53.799894Z[0m [32m INFO[0m [2mmetrics_reporter.report_prefill_stats[0m[2m:[0m Prefill batch, #new-seq: 1, #new-token: 4096, #cached-token: 0, full token usage: 0.12, swa token usage: 0.02, #running-req: 0, #queue-req: 0, #pending-token: 43008, cuda graph: False, input throughput (token/s): 6934.06
[2m2026-09-30T22:51:54.396196Z[0m [32m INFO[0m [2mmetrics_reporter.report_prefill_stats[0m[2m:[0m Prefill batch, #new-seq: 1, #new-token: 4096, #cached-token: 0, full token usage: 0.13, swa token usage: 0.02, #running-req: 0, #queue-req: 0, #pending-token: 38912, cuda graph: False, input throughput (token/s): 6868.99
[2m2026-09-30T22:51:54.995879Z[0m [32m INFO[0m [2mmetrics_reporter.report_prefill_stats[0m[2m:[0m Prefill batch, #new-seq: 1, #new-token: 4096, #cached-token: 0, full token usage: 0.13, swa token usage: 0.02, #running-req: 0, #queue-req: 0, #pending-token: 34816, cuda graph: False, input throughput (token/s): 6830.18
[2m2026-09-30T22:51:55.606557Z[0m [32m INFO[0m [2mmetrics_reporter.report_prefill_stats[0m[2m:[0m Prefill batch, #new-seq: 1, #new-token: 4096, #cached-token: 0, full token usage: 0.13, swa token usage: 0.02, #running-req: 0, #queue-req: 0, #pending-token: 30720, cuda graph: False, input throughput (token/s): 6707.25
[2m2026-09-30T22:51:56.218544Z[0m [32m INFO[0m [2mmetrics_reporter.report_prefill_stats[0m[2m:[0m Prefill batch, #new-seq: 1, #new-token: 4096, #cached-token: 0, full token usage: 0.13, swa token usage: 0.02, #running-req: 0, #queue-req: 0, #pending-token: 26624, cuda graph: False, input throughput (token/s): 6692.91
[2m2026-09-30T22:51:56.834666Z[0m [32m INFO[0m [2mmetrics_reporter.report_prefill_stats[0m[2m:[0m Prefill batch, #new-seq: 1, #new-token: 4096, #cached-token: 0, full token usage: 0.13, swa token usage: 0.02, #running-req: 0, #queue-req: 0, #pending-token: 22528, cuda graph: False, input throughput (token/s): 6648.04
[2m2026-09-30T22:51:57.456183Z[0m [32m INFO[0m [2mmetrics_reporter.report_prefill_stats[0m[2m:[0m Prefill batch, #new-seq: 1, #new-token: 4096, #cached-token: 0, full token usage: 0.14, swa token usage: 0.02, #running-req: 0, #queue-req: 0, #pending-token: 18432, cuda graph: False, input throughput (token/s): 6590.38
[2m2026-09-30T22:51:58.080749Z[0m [32m INFO[0m [2mmetrics_reporter.report_prefill_stats[0m[2m:[0m Prefill batch, #new-seq: 1, #new-token: 4096, #cached-token: 0, full token usage: 0.14, swa token usage: 0.02, #running-req: 0, #queue-req: 0, #pending-token: 14336, cuda graph: False, input throughput (token/s): 6558.16
[2m2026-09-30T22:51:58.703966Z[0m [32m INFO[0m [2mmetrics_reporter.report_prefill_stats[0m[2m:[0m Prefill batch, #new-seq: 1, #new-token: 4096, #cached-token: 0, full token usage: 0.14, swa token usage: 0.02, #running-req: 0, #queue-req: 0, #pending-token: 10240, cuda graph: False, input throughput (token/s): 6572.35
[2m2026-09-30T22:51:59.338825Z[0m [32m INFO[0m [2mmetrics_reporter.report_prefill_stats[0m[2m:[0m Prefill batch, #new-seq: 1, #new-token: 4096, #cached-token: 0, full token usage: 0.14, swa token usage: 0.02, #running-req: 0, #queue-req: 0, #pending-token: 6144, cuda graph: False, input throughput (token/s): 6452.42
[2m2026-09-30T22:51:59.778922Z[0m [32m INFO[0m [2mmetrics_reporter.report_prefill_stats[0m[2m:[0m Prefill batch, #new-seq: 1, #new-token: 4096, #cached-token: 0, full token usage: 0.15, swa token usage: 0.01, #running-req: 0, #queue-req: 0, #pending-token: 2048, cuda graph: False, input throughput (token/s): 9306.10
[2m2026-09-30T22:51:59.919268Z[0m [32m INFO[0m [2mmetrics_reporter.report_prefill_stats[0m[2m:[0m Prefill batch, #new-seq: 1, #new-token: 2048, #cached-token: 0, full token usage: 0.15, swa token usage: 0.00, #running-req: 0, #queue-req: 0, #pending-token: 0, cuda graph: False, input throughput (token/s): 14591.22
[2m2026-09-30T22:52:00.420126Z[0m [32m INFO[0m [2mmetrics_reporter.report_decode_stats[0m[2m:[0m Decode batch, #running-req: 1, #full token: 256256, full token usage: 0.15, #swa token: 512, swa token usage: 0.00, cuda graph: True, gen throughput (token/s): 0.68, #queue-req: 0
[2m2026-09-30T22:52:00.929018Z[0m [32m INFO[0m [2mmetrics_reporter.report_decode_stats[0m[2m:[0m Decode batch, #running-req: 1, #full token: 256256, full token usage: 0.15, #swa token: 512, swa token usage: 0.00, cuda graph: True, gen throughput (token/s): 78.60, #queue-req: 0
[2m2026-09-30T22:52:01.438033Z[0m [32m INFO[0m [2mmetrics_reporter.report_decode_stats[0m[2m:[0m Decode batch, #running-req: 1, #full token: 256256, full token usage: 0.15, #swa token: 512, swa token usage: 0.00, cuda graph: True, gen throughput (token/s): 78.58, #queue-req: 0
[2m2026-09-30T22:52:01.946970Z[0m [32m INFO[0m [2mmetrics_reporter.report_decode_stats[0m[2m:[0m Decode batch, #running-req: 1, #full token: 256256, full token usage: 0.15, #swa token: 512, swa token usage: 0.00, cuda graph: True, gen throughput (token/s): 78.60, #queue-req: 0
[2m2026-09-30T22:52:02.455870Z[0m [32m INFO[0m [2mmetrics_reporter.report_decode_stats[0m[2m:[0m Decode batch, #running-req: 1, #full token: 256256, full token usage: 0.15, #swa token: 512, swa token usage: 0.00, cuda graph: True, gen throughput (token/s): 78.60, #queue-req: 0
[2m2026-09-30T22:52:02.964824Z[0m [32m INFO[0m [2mmetrics_reporter.report_decode_stats[0m[2m:[0m Decode batch, #running-req: 1, #full token: 256256, full token usage: 0.15, #swa token: 512, swa token usage: 0.00, cuda graph: True, gen throughput (token/s): 78.59, #queue-req: 0
[2m2026-09-30T22:52:03.173752Z[0m [32m INFO[0m [1mhandle_payload[0m: [2mdynamo_runtime::pipeline::network::ingress::push_handler[0m[2m:[0m request completed [3mrequest_id[0m[2m=[0mfd990a95-20d8-4291-8073-887a13c53315 [2m[3mrequest_id[0m[2m=[0m"fd990a95-20d8-4291-8073-887a13c53315" [3mcomponent[0m[2m=[0m"backend" [3mendpoint[0m[2m=[0m"generate" [3mnamespace[0m[2m=[0m"deepseek-v4-pro" [3minstance_id[0m[2m=[0m7668681235357845770[0m
[2m2026-09-30T22:52:41.679267Z[0m [32m INFO[0m [1mhandle_payload[0m: [2mdynamo_runtime::pipeline::network::ingress::push_handler[0m[2m:[0m request received [3mrequest_id[0m[2m=[0me5eb2a26-50de-4410-adc9-eb579c46b77b [2m[3mrequest_id[0m[2m=[0m"e5eb2a26-50de-4410-adc9-eb579c46b77b" [3mcomponent[0m[2m=[0m"backend" [3mendpoint[0m[2m=[0m"clear_kv_blocks" [3mnamespace[0m[2m=[0m"deepseek-v4-pro" [3minstance_id[0m[2m=[0m7668681235357845770[0m
[2m2026-09-30T22:52:41.751435Z[0m [32m INFO[0m [2mscheduler.flush_cache[0m[2m:[0m Cache flushed successfully!
[2m2026-09-30T22:52:41.752851Z[0m [32m INFO[0m [1mhandle_payload[0m: [2mdynamo_runtime::pipeline::network::ingress::push_handler[0m[2m:[0m request completed [3mrequest_id[0m[2m=[0me5eb2a26-50de-4410-adc9-eb579c46b77b [2m[3mrequest_id[0m[2m=[0m"e5eb2a26-50de-4410-adc9-eb579c46b77b" [3mcomponent[0m[2m=[0m"backend" [3mendpoint[0m[2m=[0m"clear_kv_blocks" [3mnamespace[0m[2m=[0m"deepseek-v4-pro" [3minstance_id[0m[2m=[0m7668681235357845770[0m
[2m2026-09-30T22:52:43.191118Z[0m [32m INFO[0m [1mhandle_payload[0m: [2mdynamo_runtime::pipeline::network::ingress::push_handler[0m[2m:[0m request received [3mrequest_id[0m[2m=[0mb18e4490-c7f2-4981-abec-28a5046de797 [2m[3mrequest_id[0m[2m=[0m"b18e4490-c7f2-4981-abec-28a5046de797" [3mcomponent[0m[2m=[0m"backend" [3mendpoint[0m[2m=[0m"generate" [3mnamespace[0m[2m=[0m"deepseek-v4-pro" [3minstance_id[0m[2m=[0m7668681235357845770[0m
[2m2026-09-30T22:52:43.209011Z[0m [32m INFO[0m [1mhandle_payload[0m: [2mdynamo_runtime::pipeline::network::ingress::push_handler[0m[2m:[0m request received [3mrequest_id[0m[2m=[0m93b6fe40-349b-459d-8252-ed48878a94e1 [2m[3mrequest_id[0m[2m=[0m"93b6fe40-349b-459d-8252-ed48878a94e1" [3mcomponent[0m[2m=[0m"backend" [3mendpoint[0m[2m=[0m"generate" [3mnamespace[0m[2m=[0m"deepseek-v4-pro" [3minstance_id[0m[2m=[0m7668681235357845770[0m
[2m2026-09-30T22:52:43.866696Z[0m [32m INFO[0m [2mmetrics_reporter.report_prefill_stats[0m[2m:[0m Prefill batch, #new-seq: 1, #new-token: 4096, #cached-token: 0, full token usage: 0.00, swa token usage: 0.02, #running-req: 0, #queue-req: 1, #pending-token: 251904, cuda graph: False, input throughput (token/s): 93.20
[2m2026-09-30T22:52:44.250380Z[0m [32m INFO[0m [2mmetrics_reporter.report_prefill_stats[0m[2m:[0m Prefill batch, #new-seq: 1, #new-token: 4096, #cached-token: 0, full token usage: 0.01, swa token usage: 0.02, #running-req: 0, #queue-req: 1, #pending-token: 503808, cuda graph: False, input throughput (token/s): 10674.21
[2m2026-09-30T22:52:44.636222Z[0m [32m INFO[0m [2mmetrics_reporter.report_prefill_stats[0m[2m:[0m Prefill batch, #new-seq: 1, #new-token: 4096, #cached-token: 0, full token usage: 0.01, swa token usage: 0.02, #running-req: 0, #queue-req: 1, #pending-token: 499712, cuda graph: False, input throughput (token/s): 10615.13
[2m2026-09-30T22:52:45.026462Z[0m [32m INFO[0m [2mmetrics_reporter.report_prefill_stats[0m[2m:[0m Prefill batch, #new-seq: 1, #new-token: 4096, #cached-token: 0, full token usage: 0.01, swa token usage: 0.02, #running-req: 0, #queue-req: 1, #pending-token: 495616, cuda graph: False, input throughput (token/s): 10495.89
[2m2026-09-30T22:52:45.421541Z[0m [32m INFO[0m [2mmetrics_reporter.report_prefill_stats[0m[2m:[0m Prefill batch, #new-seq: 1, #new-token: 4096, #cached-token: 0, full token usage: 0.01, swa token usage: 0.02, #running-req: 0, #queue-req: 1, #pending-token: 491520, cuda graph: False, input throughput (token/s): 10367.75
[2m2026-09-30T22:52:45.821550Z[0m [32m INFO[0m [2mmetrics_reporter.report_prefill_stats[0m[2m:[0m Prefill batch, #new-seq: 1, #new-token: 4096, #cached-token: 0, full token usage: 0.02, swa token usage: 0.02, #running-req: 0, #queue-req: 1, #pending-token: 487424, cuda graph: False, input throughput (token/s): 10240.45
[2m2026-09-30T22:52:46.224916Z[0m [32m INFO[0m [2mmetrics_reporter.report_prefill_stats[0m[2m:[0m Prefill batch, #new-seq: 1, #new-token: 4096, #cached-token: 0, full token usage: 0.02, swa token usage: 0.02, #running-req: 0, #queue-req: 1, #pending-token: 483328, cuda graph: False, input throughput (token/s): 10153.65
[2m2026-09-30T22:52:46.630033Z[0m [32m INFO[0m [2mmetrics_reporter.report_prefill_stats[0m[2m:[0m Prefill batch, #new-seq: 1, #new-token: 4096, #cached-token: 0, full token usage: 0.02, swa token usage: 0.02, #running-req: 0, #queue-req: 1, #pending-token: 479232, cuda graph: False, input throughput (token/s): 10110.69
[2m2026-09-30T22:52:47.038193Z[0m [32m INFO[0m [2mmetrics_reporter.report_prefill_stats[0m[2m:[0m Prefill batch, #new-seq: 1, #new-token: 4096, #cached-token: 0, full token usage: 0.02, swa token usage: 0.02, #running-req: 0, #queue-req: 1, #pending-token: 475136, cuda graph: False, input throughput (token/s): 10035.32
[2m2026-09-30T22:52:47.450119Z[0m [32m INFO[0m [2mmetrics_reporter.report_prefill_stats[0m[2m:[0m Prefill batch, #new-seq: 1, #new-token: 4096, #cached-token: 0, full token usage: 0.03, swa token usage: 0.02, #running-req: 0, #queue-req: 1, #pending-token: 471040, cuda graph: False, input throughput (token/s): 9943.71
[2m2026-09-30T22:52:47.865084Z[0m [32m INFO[0m [2mmetrics_reporter.report_prefill_stats[0m[2m:[0m Prefill batch, #new-seq: 1, #new-token: 4096, #cached-token: 0, full token usage: 0.03, swa token usage: 0.02, #running-req: 0, #queue-req: 1, #pending-token: 466944, cuda graph: False, input throughput (token/s): 9870.69
[2m2026-09-30T22:52:48.285088Z[0m [32m INFO[0m [2mmetrics_reporter.report_prefill_stats[0m[2m:[0m Prefill batch, #new-seq: 1, #new-token: 4096, #cached-token: 0, full token usage: 0.03, swa token usage: 0.02, #running-req: 0, #queue-req: 1, #pending-token: 462848, cuda graph: False, input throughput (token/s): 9752.13
[2m2026-09-30T22:52:48.710099Z[0m [32m INFO[0m [2mmetrics_reporter.report_prefill_stats[0m[2m:[0m Prefill batch, #new-seq: 1, #new-token: 4096, #cached-token: 0, full token usage: 0.03, swa token usage: 0.02, #running-req: 0, #queue-req: 1, #pending-token: 458752, cuda graph: False, input throughput (token/s): 9637.46
[2m2026-09-30T22:52:49.138754Z[0m [32m INFO[0m [2mmetrics_reporter.report_prefill_stats[0m[2m:[0m Prefill batch, #new-seq: 1, #new-token: 4096, #cached-token: 0, full token usage: 0.03, swa token usage: 0.02, #running-req: 0, #queue-req: 1, #pending-token: 454656, cuda graph: False, input throughput (token/s): 9555.40
[2m2026-09-30T22:52:49.570623Z[0m [32m INFO[0m [2mmetrics_reporter.report_prefill_stats[0m[2m:[0m Prefill batch, #new-seq: 1, #new-token: 4096, #cached-token: 0, full token usage: 0.04, swa token usage: 0.02, #running-req: 0, #queue-req: 1, #pending-token: 450560, cuda graph: False, input throughput (token/s): 9484.44
[2m2026-09-30T22:52:50.006804Z[0m [32m INFO[0m [2mmetrics_reporter.report_prefill_stats[0m[2m:[0m Prefill batch, #new-seq: 1, #new-token: 4096, #cached-token: 0, full token usage: 0.04, swa token usage: 0.02, #running-req: 0, #queue-req: 1, #pending-token: 446464, cuda graph: False, input throughput (token/s): 9390.73
[2m2026-09-30T22:52:50.446403Z[0m [32m INFO[0m [2mmetrics_reporter.report_prefill_stats[0m[2m:[0m Prefill batch, #new-seq: 1, #new-token: 4096, #cached-token: 0, full token usage: 0.04, swa token usage: 0.02, #running-req: 0, #queue-req: 1, #pending-token: 442368, cuda graph: False, input throughput (token/s): 9317.93
[2m2026-09-30T22:52:50.890544Z[0m [32m INFO[0m [2mmetrics_reporter.report_prefill_stats[0m[2m:[0m Prefill batch, #new-seq: 1, #new-token: 4096, #cached-token: 0, full token usage: 0.04, swa token usage: 0.02, #running-req: 0, #queue-req: 1, #pending-token: 438272, cuda graph: False, input throughput (token/s): 9222.01
[2m2026-09-30T22:52:51.335930Z[0m [32m INFO[0m [2mmetrics_reporter.report_prefill_stats[0m[2m:[0m Prefill batch, #new-seq: 1, #new-token: 4096, #cached-token: 0, full token usage: 0.05, swa token usage: 0.02, #running-req: 0, #queue-req: 1, #pending-token: 434176, cuda graph: False, input throughput (token/s): 9196.47
[2m2026-09-30T22:52:51.789735Z[0m [32m INFO[0m [2mmetrics_reporter.report_prefill_stats[0m[2m:[0m Prefill batch, #new-seq: 1, #new-token: 4096, #cached-token: 0, full token usage: 0.05, swa token usage: 0.02, #running-req: 0, #queue-req: 1, #pending-token: 430080, cuda graph: False, input throughput (token/s): 9025.65
[2m2026-09-30T22:52:52.245615Z[0m [32m INFO[0m [2mmetrics_reporter.report_prefill_stats[0m[2m:[0m Prefill batch, #new-seq: 1, #new-token: 4096, #cached-token: 0, full token usage: 0.05, swa token usage: 0.02, #running-req: 0, #queue-req: 1, #pending-token: 425984, cuda graph: False, input throughput (token/s): 8985.09
[2m2026-09-30T22:52:52.704137Z[0m [32m INFO[0m [2mmetrics_reporter.report_prefill_stats[0m[2m:[0m Prefill batch, #new-seq: 1, #new-token: 4096, #cached-token: 0, full token usage: 0.05, swa token usage: 0.02, #running-req: 0, #queue-req: 1, #pending-token: 421888, cuda graph: False, input throughput (token/s): 8932.99
[2m2026-09-30T22:52:53.166825Z[0m [32m INFO[0m [2mmetrics_reporter.report_prefill_stats[0m[2m:[0m Prefill batch, #new-seq: 1, #new-token: 4096, #cached-token: 0, full token usage: 0.06, swa token usage: 0.02, #running-req: 0, #queue-req: 1, #pending-token: 417792, cuda graph: False, input throughput (token/s): 8852.69
[2m2026-09-30T22:52:53.635344Z[0m [32m INFO[0m [2mmetrics_reporter.report_prefill_stats[0m[2m:[0m Prefill batch, #new-seq: 1, #new-token: 4096, #cached-token: 0, full token usage: 0.06, swa token usage: 0.02, #running-req: 0, #queue-req: 1, #pending-token: 413696, cuda graph: False, input throughput (token/s): 8742.75
[2m2026-09-30T22:52:54.108722Z[0m [32m INFO[0m [2mmetrics_reporter.report_prefill_stats[0m[2m:[0m Prefill batch, #new-seq: 1, #new-token: 4096, #cached-token: 0, full token usage: 0.06, swa token usage: 0.02, #running-req: 0, #queue-req: 1, #pending-token: 409600, cuda graph: False, input throughput (token/s): 8652.37
[2m2026-09-30T22:52:54.584797Z[0m [32m INFO[0m [2mmetrics_reporter.report_prefill_stats[0m[2m:[0m Prefill batch, #new-seq: 1, #new-token: 4096, #cached-token: 0, full token usage: 0.06, swa token usage: 0.02, #running-req: 0, #queue-req: 1, #pending-token: 405504, cuda graph: False, input throughput (token/s): 8603.62
[2m2026-09-30T22:52:55.065173Z[0m [32m INFO[0m [2mmetrics_reporter.report_prefill_stats[0m[2m:[0m Prefill batch, #new-seq: 1, #new-token: 4096, #cached-token: 0, full token usage: 0.07, swa token usage: 0.02, #running-req: 0, #queue-req: 1, #pending-token: 401408, cuda graph: False, input throughput (token/s): 8526.74
[2m2026-09-30T22:52:55.552724Z[0m [32m INFO[0m [2mmetrics_reporter.report_prefill_stats[0m[2m:[0m Prefill batch, #new-seq: 1, #new-token: 4096, #cached-token: 0, full token usage: 0.07, swa token usage: 0.02, #running-req: 0, #queue-req: 1, #pending-token: 397312, cuda graph: False, input throughput (token/s): 8401.94
[2m2026-09-30T22:52:56.055074Z[0m [32m INFO[0m [2mmetrics_reporter.report_prefill_stats[0m[2m:[0m Prefill batch, #new-seq: 1, #new-token: 4096, #cached-token: 0, full token usage: 0.07, swa token usage: 0.02, #running-req: 0, #queue-req: 1, #pending-token: 393216, cuda graph: False, input throughput (token/s): 8152.97
[2m2026-09-30T22:52:56.549478Z[0m [32m INFO[0m [2mmetrics_reporter.report_prefill_stats[0m[2m:[0m Prefill batch, #new-seq: 1, #new-token: 4096, #cached-token: 0, full token usage: 0.07, swa token usage: 0.02, #running-req: 0, #queue-req: 1, #pending-token: 389120, cuda graph: False, input throughput (token/s): 8284.80
[2m2026-09-30T22:52:57.050568Z[0m [32m INFO[0m [2mmetrics_reporter.report_prefill_stats[0m[2m:[0m Prefill batch, #new-seq: 1, #new-token: 4096, #cached-token: 0, full token usage: 0.07, swa token usage: 0.02, #running-req: 0, #queue-req: 1, #pending-token: 385024, cuda graph: False, input throughput (token/s): 8174.00
[2m2026-09-30T22:52:57.552272Z[0m [32m INFO[0m [2mmetrics_reporter.report_prefill_stats[0m[2m:[0m Prefill batch, #new-seq: 1, #new-token: 4096, #cached-token: 0, full token usage: 0.08, swa token usage: 0.02, #running-req: 0, #queue-req: 1, #pending-token: 380928, cuda graph: False, input throughput (token/s): 8164.19
[2m2026-09-30T22:52:58.063725Z[0m [32m INFO[0m [2mmetrics_reporter.report_prefill_stats[0m[2m:[0m Prefill batch, #new-seq: 1, #new-token: 4096, #cached-token: 0, full token usage: 0.08, swa token usage: 0.02, #running-req: 0, #queue-req: 1, #pending-token: 376832, cuda graph: False, input throughput (token/s): 8008.50
[2m2026-09-30T22:52:58.571198Z[0m [32m INFO[0m [2mmetrics_reporter.report_prefill_stats[0m[2m:[0m Prefill batch, #new-seq: 1, #new-token: 4096, #cached-token: 0, full token usage: 0.08, swa token usage: 0.02, #running-req: 0, #queue-req: 1, #pending-token: 372736, cuda graph: False, input throughput (token/s): 8071.45
[2m2026-09-30T22:52:59.087888Z[0m [32m INFO[0m [2mmetrics_reporter.report_prefill_stats[0m[2m:[0m Prefill batch, #new-seq: 1, #new-token: 4096, #cached-token: 0, full token usage: 0.08, swa token usage: 0.02, #running-req: 0, #queue-req: 1, #pending-token: 368640, cuda graph: False, input throughput (token/s): 7927.40
[2m2026-09-30T22:52:59.606545Z[0m [32m INFO[0m [2mmetrics_reporter.report_prefill_stats[0m[2m:[0m Prefill batch, #new-seq: 1, #new-token: 4096, #cached-token: 0, full token usage: 0.09, swa token usage: 0.02, #running-req: 0, #queue-req: 1, #pending-token: 364544, cuda graph: False, input throughput (token/s): 7897.34
[2m2026-09-30T22:53:00.129824Z[0m [32m INFO[0m [2mmetrics_reporter.report_prefill_stats[0m[2m:[0m Prefill batch, #new-seq: 1, #new-token: 4096, #cached-token: 0, full token usage: 0.09, swa token usage: 0.02, #running-req: 0, #queue-req: 1, #pending-token: 360448, cuda graph: False, input throughput (token/s): 7827.54
[2m2026-09-30T22:53:00.656537Z[0m [32m INFO[0m [2mmetrics_reporter.report_prefill_stats[0m[2m:[0m Prefill batch, #new-seq: 1, #new-token: 4096, #cached-token: 0, full token usage: 0.09, swa token usage: 0.02, #running-req: 0, #queue-req: 1, #pending-token: 356352, cuda graph: False, input throughput (token/s): 7776.57
[2m2026-09-30T22:53:01.187624Z[0m [32m INFO[0m [2mmetrics_reporter.report_prefill_stats[0m[2m:[0m Prefill batch, #new-seq: 1, #new-token: 4096, #cached-token: 0, full token usage: 0.09, swa token usage: 0.02, #running-req: 0, #queue-req: 1, #pending-token: 352256, cuda graph: False, input throughput (token/s): 7712.43
[2m2026-09-30T22:53:01.725298Z[0m [32m INFO[0m [2mmetrics_reporter.report_prefill_stats[0m[2m:[0m Prefill batch, #new-seq: 1, #new-token: 4096, #cached-token: 0, full token usage: 0.10, swa token usage: 0.02, #running-req: 0, #queue-req: 1, #pending-token: 348160, cuda graph: False, input throughput (token/s): 7617.94
[2m2026-09-30T22:53:02.264556Z[0m [32m INFO[0m [2mmetrics_reporter.report_prefill_stats[0m[2m:[0m Prefill batch, #new-seq: 1, #new-token: 4096, #cached-token: 0, full token usage: 0.10, swa token usage: 0.02, #running-req: 0, #queue-req: 1, #pending-token: 344064, cuda graph: False, input throughput (token/s): 7595.60
[2m2026-09-30T22:53:02.813261Z[0m [32m INFO[0m [2mmetrics_reporter.report_prefill_stats[0m[2m:[0m Prefill batch, #new-seq: 1, #new-token: 4096, #cached-token: 0, full token usage: 0.10, swa token usage: 0.02, #running-req: 0, #queue-req: 1, #pending-token: 339968, cuda graph: False, input throughput (token/s): 7464.92
[2m2026-09-30T22:53:03.364356Z[0m [32m INFO[0m [2mmetrics_reporter.report_prefill_stats[0m[2m:[0m Prefill batch, #new-seq: 1, #new-token: 4096, #cached-token: 0, full token usage: 0.10, swa token usage: 0.02, #running-req: 0, #queue-req: 1, #pending-token: 335872, cuda graph: False, input throughput (token/s): 7432.80
[2m2026-09-30T22:53:03.920879Z[0m [32m INFO[0m [2mmetrics_reporter.report_prefill_stats[0m[2m:[0m Prefill batch, #new-seq: 1, #new-token: 4096, #cached-token: 0, full token usage: 0.10, swa token usage: 0.02, #running-req: 0, #queue-req: 1, #pending-token: 331776, cuda graph: False, input throughput (token/s): 7359.65
[2m2026-09-30T22:53:04.530233Z[0m [32m INFO[0m [2mmetrics_reporter.report_prefill_stats[0m[2m:[0m Prefill batch, #new-seq: 1, #new-token: 4096, #cached-token: 0, full token usage: 0.11, swa token usage: 0.02, #running-req: 0, #queue-req: 1, #pending-token: 327680, cuda graph: False, input throughput (token/s): 6722.39
[2m2026-09-30T22:53:05.108353Z[0m [32m INFO[0m [2mmetrics_reporter.report_prefill_stats[0m[2m:[0m Prefill batch, #new-seq: 1, #new-token: 4096, #cached-token: 0, full token usage: 0.11, swa token usage: 0.02, #running-req: 0, #queue-req: 1, #pending-token: 323584, cuda graph: False, input throughput (token/s): 7084.75
[2m2026-09-30T22:53:05.678631Z[0m [32m INFO[0m [2mmetrics_reporter.report_prefill_stats[0m[2m:[0m Prefill batch, #new-seq: 1, #new-token: 4096, #cached-token: 0, full token usage: 0.11, swa token usage: 0.02, #running-req: 0, #queue-req: 1, #pending-token: 319488, cuda graph: False, input throughput (token/s): 7182.29
[2m2026-09-30T22:53:06.259246Z[0m [32m INFO[0m [2mmetrics_reporter.report_prefill_stats[0m[2m:[0m Prefill batch, #new-seq: 1, #new-token: 4096, #cached-token: 0, full token usage: 0.11, swa token usage: 0.02, #running-req: 0, #queue-req: 1, #pending-token: 315392, cuda graph: False, input throughput (token/s): 7054.51
[2m2026-09-30T22:53:06.837836Z[0m [32m INFO[0m [2mmetrics_reporter.report_prefill_stats[0m[2m:[0m Prefill batch, #new-seq: 1, #new-token: 4096, #cached-token: 0, full token usage: 0.12, swa token usage: 0.02, #running-req: 0, #queue-req: 1, #pending-token: 311296, cuda graph: False, input throughput (token/s): 7079.24
[2m2026-09-30T22:53:07.425155Z[0m [32m INFO[0m [2mmetrics_reporter.report_prefill_stats[0m[2m:[0m Prefill batch, #new-seq: 1, #new-token: 4096, #cached-token: 0, full token usage: 0.12, swa token usage: 0.02, #running-req: 0, #queue-req: 1, #pending-token: 307200, cuda graph: False, input throughput (token/s): 6974.09
[2m2026-09-30T22:53:08.009469Z[0m [32m INFO[0m [2mmetrics_reporter.report_prefill_stats[0m[2m:[0m Prefill batch, #new-seq: 1, #new-token: 4096, #cached-token: 0, full token usage: 0.12, swa token usage: 0.02, #running-req: 0, #queue-req: 1, #pending-token: 303104, cuda graph: False, input throughput (token/s): 7009.92
[2m2026-09-30T22:53:08.608057Z[0m [32m INFO[0m [2mmetrics_reporter.report_prefill_stats[0m[2m:[0m Prefill batch, #new-seq: 1, #new-token: 4096, #cached-token: 0, full token usage: 0.12, swa token usage: 0.02, #running-req: 0, #queue-req: 1, #pending-token: 299008, cuda graph: False, input throughput (token/s): 6842.71
[2m2026-09-30T22:53:09.209566Z[0m [32m INFO[0m [2mmetrics_reporter.report_prefill_stats[0m[2m:[0m Prefill batch, #new-seq: 1, #new-token: 4096, #cached-token: 0, full token usage: 0.13, swa token usage: 0.02, #running-req: 0, #queue-req: 1, #pending-token: 294912, cuda graph: False, input throughput (token/s): 6809.70
[2m2026-09-30T22:53:09.812197Z[0m [32m INFO[0m [2mmetrics_reporter.report_prefill_stats[0m[2m:[0m Prefill batch, #new-seq: 1, #new-token: 4096, #cached-token: 0, full token usage: 0.13, swa token usage: 0.02, #running-req: 0, #queue-req: 1, #pending-token: 290816, cuda graph: False, input throughput (token/s): 6796.82
[2m2026-09-30T22:53:10.417390Z[0m [32m INFO[0m [2mmetrics_reporter.report_prefill_stats[0m[2m:[0m Prefill batch, #new-seq: 1, #new-token: 4096, #cached-token: 0, full token usage: 0.13, swa token usage: 0.02, #running-req: 0, #queue-req: 1, #pending-token: 286720, cuda graph: False, input throughput (token/s): 6768.20
[2m2026-09-30T22:53:11.030717Z[0m [32m INFO[0m [2mmetrics_reporter.report_prefill_stats[0m[2m:[0m Prefill batch, #new-seq: 1, #new-token: 4096, #cached-token: 0, full token usage: 0.13, swa token usage: 0.02, #running-req: 0, #queue-req: 1, #pending-token: 282624, cuda graph: False, input throughput (token/s): 6678.25
[2m2026-09-30T22:53:11.652163Z[0m [32m INFO[0m [2mmetrics_reporter.report_prefill_stats[0m[2m:[0m Prefill batch, #new-seq: 1, #new-token: 4096, #cached-token: 0, full token usage: 0.13, swa token usage: 0.02, #running-req: 0, #queue-req: 1, #pending-token: 278528, cuda graph: False, input throughput (token/s): 6590.95
[2m2026-09-30T22:53:12.274614Z[0m [32m INFO[0m [2mmetrics_reporter.report_prefill_stats[0m[2m:[0m Prefill batch, #new-seq: 1, #new-token: 4096, #cached-token: 0, full token usage: 0.14, swa token usage: 0.02, #running-req: 0, #queue-req: 1, #pending-token: 274432, cuda graph: False, input throughput (token/s): 6580.47
[2m2026-09-30T22:53:12.899469Z[0m [32m INFO[0m [2mmetrics_reporter.report_prefill_stats[0m[2m:[0m Prefill batch, #new-seq: 1, #new-token: 4096, #cached-token: 0, full token usage: 0.14, swa token usage: 0.02, #running-req: 0, #queue-req: 1, #pending-token: 270336, cuda graph: False, input throughput (token/s): 6555.10
[2m2026-09-30T22:53:13.523608Z[0m [32m INFO[0m [2mmetrics_reporter.report_prefill_stats[0m[2m:[0m Prefill batch, #new-seq: 1, #new-token: 4096, #cached-token: 0, full token usage: 0.14, swa token usage: 0.02, #running-req: 0, #queue-req: 1, #pending-token: 266240, cuda graph: False, input throughput (token/s): 6562.73
[2m2026-09-30T22:53:14.195800Z[0m [32m INFO[0m [2mmetrics_reporter.report_prefill_stats[0m[2m:[0m Prefill batch, #new-seq: 1, #new-token: 4096, #cached-token: 0, full token usage: 0.14, swa token usage: 0.02, #running-req: 0, #queue-req: 1, #pending-token: 262144, cuda graph: False, input throughput (token/s): 6093.41
[2m2026-09-30T22:53:14.941801Z[0m [32m INFO[0m [2mmetrics_reporter.report_prefill_stats[0m[2m:[0m Prefill batch, #new-seq: 1, #new-token: 4096, #cached-token: 0, full token usage: 0.15, swa token usage: 0.02, #running-req: 0, #queue-req: 0, #pending-token: 258048, cuda graph: False, input throughput (token/s): 5490.62
[2m2026-09-30T22:53:15.233266Z[0m [32m INFO[0m [2mmetrics_reporter.report_prefill_stats[0m[2m:[0m Prefill batch, #new-seq: 2, #new-token: 4096, #cached-token: 0, full token usage: 0.15, swa token usage: 0.03, #running-req: 0, #queue-req: 0, #pending-token: 253952, cuda graph: False, input throughput (token/s): 14054.36
[2m2026-09-30T22:53:15.593378Z[0m [32m INFO[0m [2mmetrics_reporter.report_prefill_stats[0m[2m:[0m Prefill batch, #new-seq: 1, #new-token: 4096, #cached-token: 0, full token usage: 0.15, swa token usage: 0.03, #running-req: 1, #queue-req: 0, #pending-token: 249856, cuda graph: False, input throughput (token/s): 11373.95
[2m2026-09-30T22:53:15.979036Z[0m [32m INFO[0m [2mmetrics_reporter.report_prefill_stats[0m[2m:[0m Prefill batch, #new-seq: 1, #new-token: 4096, #cached-token: 0, full token usage: 0.15, swa token usage: 0.03, #running-req: 1, #queue-req: 0, #pending-token: 245760, cuda graph: False, input throughput (token/s): 10620.12
[2m2026-09-30T22:53:16.367905Z[0m [32m INFO[0m [2mmetrics_reporter.report_prefill_stats[0m[2m:[0m Prefill batch, #new-seq: 1, #new-token: 4096, #cached-token: 0, full token usage: 0.16, swa token usage: 0.03, #running-req: 1, #queue-req: 0, #pending-token: 241664, cuda graph: False, input throughput (token/s): 10532.89
[2m2026-09-30T22:53:16.762482Z[0m [32m INFO[0m [2mmetrics_reporter.report_prefill_stats[0m[2m:[0m Prefill batch, #new-seq: 1, #new-token: 4096, #cached-token: 0, full token usage: 0.16, swa token usage: 0.03, #running-req: 1, #queue-req: 0, #pending-token: 237568, cuda graph: False, input throughput (token/s): 10381.53
[2m2026-09-30T22:53:17.162135Z[0m [32m INFO[0m [2mmetrics_reporter.report_prefill_stats[0m[2m:[0m Prefill batch, #new-seq: 1, #new-token: 4096, #cached-token: 0, full token usage: 0.16, swa token usage: 0.03, #running-req: 1, #queue-req: 0, #pending-token: 233472, cuda graph: False, input throughput (token/s): 10248.13
[2m2026-09-30T22:53:17.562925Z[0m [32m INFO[0m [2mmetrics_reporter.report_prefill_stats[0m[2m:[0m Prefill batch, #new-seq: 1, #new-token: 4096, #cached-token: 0, full token usage: 0.16, swa token usage: 0.03, #running-req: 1, #queue-req: 0, #pending-token: 229376, cuda graph: False, input throughput (token/s): 10220.74
[2m2026-09-30T22:53:17.969675Z[0m [32m INFO[0m [2mmetrics_reporter.report_prefill_stats[0m[2m:[0m Prefill batch, #new-seq: 1, #new-token: 4096, #cached-token: 0, full token usage: 0.17, swa token usage: 0.03, #running-req: 1, #queue-req: 0, #pending-token: 225280, cuda graph: False, input throughput (token/s): 10069.45
[2m2026-09-30T22:53:18.380264Z[0m [32m INFO[0m [2mmetrics_reporter.report_prefill_stats[0m[2m:[0m Prefill batch, #new-seq: 1, #new-token: 4096, #cached-token: 0, full token usage: 0.17, swa token usage: 0.03, #running-req: 1, #queue-req: 0, #pending-token: 221184, cuda graph: False, input throughput (token/s): 9976.21
[2m2026-09-30T22:53:18.795163Z[0m [32m INFO[0m [2mmetrics_reporter.report_prefill_stats[0m[2m:[0m Prefill batch, #new-seq: 1, #new-token: 4096, #cached-token: 0, full token usage: 0.17, swa token usage: 0.03, #running-req: 1, #queue-req: 0, #pending-token: 217088, cuda graph: False, input throughput (token/s): 9872.07
[2m2026-09-30T22:53:19.211199Z[0m [32m INFO[0m [2mmetrics_reporter.report_prefill_stats[0m[2m:[0m Prefill batch, #new-seq: 1, #new-token: 4096, #cached-token: 0, full token usage: 0.17, swa token usage: 0.03, #running-req: 1, #queue-req: 0, #pending-token: 212992, cuda graph: False, input throughput (token/s): 9845.51
[2m2026-09-30T22:53:19.630355Z[0m [32m INFO[0m [2mmetrics_reporter.report_prefill_stats[0m[2m:[0m Prefill batch, #new-seq: 1, #new-token: 4096, #cached-token: 0, full token usage: 0.17, swa token usage: 0.03, #running-req: 1, #queue-req: 0, #pending-token: 208896, cuda graph: False, input throughput (token/s): 9771.84
[2m2026-09-30T22:53:20.058782Z[0m [32m INFO[0m [2mmetrics_reporter.report_prefill_stats[0m[2m:[0m Prefill batch, #new-seq: 1, #new-token: 4096, #cached-token: 0, full token usage: 0.18, swa token usage: 0.03, #running-req: 1, #queue-req: 0, #pending-token: 204800, cuda graph: False, input throughput (token/s): 9560.62
[2m2026-09-30T22:53:20.490051Z[0m [32m INFO[0m [2mmetrics_reporter.report_prefill_stats[0m[2m:[0m Prefill batch, #new-seq: 1, #new-token: 4096, #cached-token: 0, full token usage: 0.18, swa token usage: 0.03, #running-req: 1, #queue-req: 0, #pending-token: 200704, cuda graph: False, input throughput (token/s): 9497.50
[2m2026-09-30T22:53:20.923985Z[0m [32m INFO[0m [2mmetrics_reporter.report_prefill_stats[0m[2m:[0m Prefill batch, #new-seq: 1, #new-token: 4096, #cached-token: 0, full token usage: 0.18, swa token usage: 0.03, #running-req: 1, #queue-req: 0, #pending-token: 196608, cuda graph: False, input throughput (token/s): 9439.22
[2m2026-09-30T22:53:21.362326Z[0m [32m INFO[0m [2mmetrics_reporter.report_prefill_stats[0m[2m:[0m Prefill batch, #new-seq: 1, #new-token: 4096, #cached-token: 0, full token usage: 0.18, swa token usage: 0.03, #running-req: 1, #queue-req: 0, #pending-token: 192512, cuda graph: False, input throughput (token/s): 9344.49
[2m2026-09-30T22:53:21.803421Z[0m [32m INFO[0m [2mmetrics_reporter.report_prefill_stats[0m[2m:[0m Prefill batch, #new-seq: 1, #new-token: 4096, #cached-token: 0, full token usage: 0.19, swa token usage: 0.03, #running-req: 1, #queue-req: 0, #pending-token: 188416, cuda graph: False, input throughput (token/s): 9287.04
[2m2026-09-30T22:53:22.249809Z[0m [32m INFO[0m [2mmetrics_reporter.report_prefill_stats[0m[2m:[0m Prefill batch, #new-seq: 1, #new-token: 4096, #cached-token: 0, full token usage: 0.19, swa token usage: 0.03, #running-req: 1, #queue-req: 0, #pending-token: 184320, cuda graph: False, input throughput (token/s): 9174.42
[2m2026-09-30T22:53:22.698169Z[0m [32m INFO[0m [2mmetrics_reporter.report_prefill_stats[0m[2m:[0m Prefill batch, #new-seq: 1, #new-token: 4096, #cached-token: 0, full token usage: 0.19, swa token usage: 0.03, #running-req: 1, #queue-req: 0, #pending-token: 180224, cuda graph: False, input throughput (token/s): 9136.09
[2m2026-09-30T22:53:23.152163Z[0m [32m INFO[0m [2mmetrics_reporter.report_prefill_stats[0m[2m:[0m Prefill batch, #new-seq: 1, #new-token: 4096, #cached-token: 0, full token usage: 0.19, swa token usage: 0.03, #running-req: 1, #queue-req: 0, #pending-token: 176128, cuda graph: False, input throughput (token/s): 9021.70
[2m2026-09-30T22:53:23.611490Z[0m [32m INFO[0m [2mmetrics_reporter.report_prefill_stats[0m[2m:[0m Prefill batch, #new-seq: 1, #new-token: 4096, #cached-token: 0, full token usage: 0.20, swa token usage: 0.03, #running-req: 1, #queue-req: 0, #pending-token: 172032, cuda graph: False, input throughput (token/s): 8918.06
[2m2026-09-30T22:53:24.073112Z[0m [32m INFO[0m [2mmetrics_reporter.report_prefill_stats[0m[2m:[0m Prefill batch, #new-seq: 1, #new-token: 4096, #cached-token: 0, full token usage: 0.20, swa token usage: 0.03, #running-req: 1, #queue-req: 0, #pending-token: 167936, cuda graph: False, input throughput (token/s): 8872.58
[2m2026-09-30T22:53:24.541433Z[0m [32m INFO[0m [2mmetrics_reporter.report_prefill_stats[0m[2m:[0m Prefill batch, #new-seq: 1, #new-token: 4096, #cached-token: 0, full token usage: 0.20, swa token usage: 0.03, #running-req: 1, #queue-req: 0, #pending-token: 163840, cuda graph: False, input throughput (token/s): 8746.79
[2m2026-09-30T22:53:25.011696Z[0m [32m INFO[0m [2mmetrics_reporter.report_prefill_stats[0m[2m:[0m Prefill batch, #new-seq: 1, #new-token: 4096, #cached-token: 0, full token usage: 0.20, swa token usage: 0.03, #running-req: 1, #queue-req: 0, #pending-token: 159744, cuda graph: False, input throughput (token/s): 8709.33
[2m2026-09-30T22:53:25.487034Z[0m [32m INFO[0m [2mmetrics_reporter.report_prefill_stats[0m[2m:[0m Prefill batch, #new-seq: 1, #new-token: 4096, #cached-token: 0, full token usage: 0.20, swa token usage: 0.03, #running-req: 1, #queue-req: 0, #pending-token: 155648, cuda graph: False, input throughput (token/s): 8617.04
[2m2026-09-30T22:53:25.967207Z[0m [32m INFO[0m [2mmetrics_reporter.report_prefill_stats[0m[2m:[0m Prefill batch, #new-seq: 1, #new-token: 4096, #cached-token: 0, full token usage: 0.21, swa token usage: 0.03, #running-req: 1, #queue-req: 0, #pending-token: 151552, cuda graph: False, input throughput (token/s): 8530.51
[2m2026-09-30T22:53:26.450766Z[0m [32m INFO[0m [2mmetrics_reporter.report_prefill_stats[0m[2m:[0m Prefill batch, #new-seq: 1, #new-token: 4096, #cached-token: 0, full token usage: 0.21, swa token usage: 0.03, #running-req: 1, #queue-req: 0, #pending-token: 147456, cuda graph: False, input throughput (token/s): 8470.28
[2m2026-09-30T22:53:26.940777Z[0m [32m INFO[0m [2mmetrics_reporter.report_prefill_stats[0m[2m:[0m Prefill batch, #new-seq: 1, #new-token: 4096, #cached-token: 0, full token usage: 0.21, swa token usage: 0.03, #running-req: 1, #queue-req: 0, #pending-token: 143360, cuda graph: False, input throughput (token/s): 8359.13
[2m2026-09-30T22:53:27.434212Z[0m [32m INFO[0m [2mmetrics_reporter.report_prefill_stats[0m[2m:[0m Prefill batch, #new-seq: 1, #new-token: 4096, #cached-token: 0, full token usage: 0.21, swa token usage: 0.03, #running-req: 1, #queue-req: 0, #pending-token: 139264, cuda graph: False, input throughput (token/s): 8300.97
[2m2026-09-30T22:53:27.931675Z[0m [32m INFO[0m [2mmetrics_reporter.report_prefill_stats[0m[2m:[0m Prefill batch, #new-seq: 1, #new-token: 4096, #cached-token: 0, full token usage: 0.22, swa token usage: 0.03, #running-req: 1, #queue-req: 0, #pending-token: 135168, cuda graph: False, input throughput (token/s): 8233.70
[2m2026-09-30T22:53:28.431880Z[0m [32m INFO[0m [2mmetrics_reporter.report_prefill_stats[0m[2m:[0m Prefill batch, #new-seq: 1, #new-token: 4096, #cached-token: 0, full token usage: 0.22, swa token usage: 0.03, #running-req: 1, #queue-req: 0, #pending-token: 131072, cuda graph: False, input throughput (token/s): 8188.65
[2m2026-09-30T22:53:28.935146Z[0m [32m INFO[0m [2mmetrics_reporter.report_prefill_stats[0m[2m:[0m Prefill batch, #new-seq: 1, #new-token: 4096, #cached-token: 0, full token usage: 0.22, swa token usage: 0.03, #running-req: 1, #queue-req: 0, #pending-token: 126976, cuda graph: False, input throughput (token/s): 8138.94
[2m2026-09-30T22:53:29.444846Z[0m [32m INFO[0m [2mmetrics_reporter.report_prefill_stats[0m[2m:[0m Prefill batch, #new-seq: 1, #new-token: 4096, #cached-token: 0, full token usage: 0.22, swa token usage: 0.03, #running-req: 1, #queue-req: 0, #pending-token: 122880, cuda graph: False, input throughput (token/s): 8036.53
[2m2026-09-30T22:53:29.956267Z[0m [32m INFO[0m [2mmetrics_reporter.report_prefill_stats[0m[2m:[0m Prefill batch, #new-seq: 1, #new-token: 4096, #cached-token: 0, full token usage: 0.23, swa token usage: 0.03, #running-req: 1, #queue-req: 0, #pending-token: 118784, cuda graph: False, input throughput (token/s): 8008.48
[2m2026-09-30T22:53:30.472758Z[0m [32m INFO[0m [2mmetrics_reporter.report_prefill_stats[0m[2m:[0m Prefill batch, #new-seq: 1, #new-token: 4096, #cached-token: 0, full token usage: 0.23, swa token usage: 0.03, #running-req: 1, #queue-req: 0, #pending-token: 114688, cuda graph: False, input throughput (token/s): 7930.59
[2m2026-09-30T22:53:30.996985Z[0m [32m INFO[0m [2mmetrics_reporter.report_prefill_stats[0m[2m:[0m Prefill batch, #new-seq: 1, #new-token: 4096, #cached-token: 0, full token usage: 0.23, swa token usage: 0.03, #running-req: 1, #queue-req: 0, #pending-token: 110592, cuda graph: False, input throughput (token/s): 7813.25
[2m2026-09-30T22:53:31.525969Z[0m [32m INFO[0m [2mmetrics_reporter.report_prefill_stats[0m[2m:[0m Prefill batch, #new-seq: 1, #new-token: 4096, #cached-token: 0, full token usage: 0.23, swa token usage: 0.03, #running-req: 1, #queue-req: 0, #pending-token: 106496, cuda graph: False, input throughput (token/s): 7743.22
[2m2026-09-30T22:53:32.055931Z[0m [32m INFO[0m [2mmetrics_reporter.report_prefill_stats[0m[2m:[0m Prefill batch, #new-seq: 1, #new-token: 4096, #cached-token: 0, full token usage: 0.23, swa token usage: 0.03, #running-req: 1, #queue-req: 0, #pending-token: 102400, cuda graph: False, input throughput (token/s): 7728.82
[2m2026-09-30T22:53:32.591394Z[0m [32m INFO[0m [2mmetrics_reporter.report_prefill_stats[0m[2m:[0m Prefill batch, #new-seq: 1, #new-token: 4096, #cached-token: 0, full token usage: 0.24, swa token usage: 0.03, #running-req: 1, #queue-req: 0, #pending-token: 98304, cuda graph: False, input throughput (token/s): 7649.64
[2m2026-09-30T22:53:33.130962Z[0m [32m INFO[0m [2mmetrics_reporter.report_prefill_stats[0m[2m:[0m Prefill batch, #new-seq: 1, #new-token: 4096, #cached-token: 0, full token usage: 0.24, swa token usage: 0.03, #running-req: 1, #queue-req: 0, #pending-token: 94208, cuda graph: False, input throughput (token/s): 7591.02
[2m2026-09-30T22:53:33.675790Z[0m [32m INFO[0m [2mmetrics_reporter.report_prefill_stats[0m[2m:[0m Prefill batch, #new-seq: 1, #new-token: 4096, #cached-token: 0, full token usage: 0.24, swa token usage: 0.03, #running-req: 1, #queue-req: 0, #pending-token: 90112, cuda graph: False, input throughput (token/s): 7517.96
[2m2026-09-30T22:53:34.223063Z[0m [32m INFO[0m [2mmetrics_reporter.report_prefill_stats[0m[2m:[0m Prefill batch, #new-seq: 1, #new-token: 4096, #cached-token: 0, full token usage: 0.24, swa token usage: 0.03, #running-req: 1, #queue-req: 0, #pending-token: 86016, cuda graph: False, input throughput (token/s): 7484.45
[2m2026-09-30T22:53:34.775629Z[0m [32m INFO[0m [2mmetrics_reporter.report_prefill_stats[0m[2m:[0m Prefill batch, #new-seq: 1, #new-token: 4096, #cached-token: 0, full token usage: 0.25, swa token usage: 0.03, #running-req: 1, #queue-req: 0, #pending-token: 81920, cuda graph: False, input throughput (token/s): 7412.71
[2m2026-09-30T22:53:35.331877Z[0m [32m INFO[0m [2mmetrics_reporter.report_prefill_stats[0m[2m:[0m Prefill batch, #new-seq: 1, #new-token: 4096, #cached-token: 0, full token usage: 0.25, swa token usage: 0.03, #running-req: 1, #queue-req: 0, #pending-token: 77824, cuda graph: False, input throughput (token/s): 7363.59
[2m2026-09-30T22:53:35.893480Z[0m [32m INFO[0m [2mmetrics_reporter.report_prefill_stats[0m[2m:[0m Prefill batch, #new-seq: 1, #new-token: 4096, #cached-token: 0, full token usage: 0.25, swa token usage: 0.03, #running-req: 1, #queue-req: 0, #pending-token: 73728, cuda graph: False, input throughput (token/s): 7293.45
[2m2026-09-30T22:53:36.459213Z[0m [32m INFO[0m [2mmetrics_reporter.report_prefill_stats[0m[2m:[0m Prefill batch, #new-seq: 1, #new-token: 4096, #cached-token: 0, full token usage: 0.25, swa token usage: 0.03, #running-req: 1, #queue-req: 0, #pending-token: 69632, cuda graph: False, input throughput (token/s): 7240.18
[2m2026-09-30T22:53:37.032654Z[0m [32m INFO[0m [2mmetrics_reporter.report_prefill_stats[0m[2m:[0m Prefill batch, #new-seq: 1, #new-token: 4096, #cached-token: 0, full token usage: 0.26, swa token usage: 0.03, #running-req: 1, #queue-req: 0, #pending-token: 65536, cuda graph: False, input throughput (token/s): 7142.77
[2m2026-09-30T22:53:37.609606Z[0m [32m INFO[0m [2mmetrics_reporter.report_prefill_stats[0m[2m:[0m Prefill batch, #new-seq: 1, #new-token: 4096, #cached-token: 0, full token usage: 0.26, swa token usage: 0.03, #running-req: 1, #queue-req: 0, #pending-token: 61440, cuda graph: False, input throughput (token/s): 7099.40
[2m2026-09-30T22:53:38.191444Z[0m [32m INFO[0m [2mmetrics_reporter.report_prefill_stats[0m[2m:[0m Prefill batch, #new-seq: 1, #new-token: 4096, #cached-token: 0, full token usage: 0.26, swa token usage: 0.03, #running-req: 1, #queue-req: 0, #pending-token: 57344, cuda graph: False, input throughput (token/s): 7040.94
[2m2026-09-30T22:53:38.782180Z[0m [32m INFO[0m [2mmetrics_reporter.report_prefill_stats[0m[2m:[0m Prefill batch, #new-seq: 1, #new-token: 4096, #cached-token: 0, full token usage: 0.26, swa token usage: 0.03, #running-req: 1, #queue-req: 0, #pending-token: 53248, cuda graph: False, input throughput (token/s): 6932.65
[2m2026-09-30T22:53:39.370250Z[0m [32m INFO[0m [2mmetrics_reporter.report_prefill_stats[0m[2m:[0m Prefill batch, #new-seq: 1, #new-token: 4096, #cached-token: 0, full token usage: 0.27, swa token usage: 0.03, #running-req: 1, #queue-req: 0, #pending-token: 49152, cuda graph: False, input throughput (token/s): 6965.17
[2m2026-09-30T22:53:39.969704Z[0m [32m INFO[0m [2mmetrics_reporter.report_prefill_stats[0m[2m:[0m Prefill batch, #new-seq: 1, #new-token: 4096, #cached-token: 0, full token usage: 0.27, swa token usage: 0.03, #running-req: 1, #queue-req: 0, #pending-token: 45056, cuda graph: False, input throughput (token/s): 6832.84
[2m2026-09-30T22:53:40.572509Z[0m [32m INFO[0m [2mmetrics_reporter.report_prefill_stats[0m[2m:[0m Prefill batch, #new-seq: 1, #new-token: 4096, #cached-token: 0, full token usage: 0.27, swa token usage: 0.03, #running-req: 1, #queue-req: 0, #pending-token: 40960, cuda graph: False, input throughput (token/s): 6794.89
[2m2026-09-30T22:53:41.174260Z[0m [32m INFO[0m [2mmetrics_reporter.report_prefill_stats[0m[2m:[0m Prefill batch, #new-seq: 1, #new-token: 4096, #cached-token: 0, full token usage: 0.27, swa token usage: 0.03, #running-req: 1, #queue-req: 0, #pending-token: 36864, cuda graph: False, input throughput (token/s): 6806.82
[2m2026-09-30T22:53:41.779536Z[0m [32m INFO[0m [2mmetrics_reporter.report_prefill_stats[0m[2m:[0m Prefill batch, #new-seq: 1, #new-token: 4096, #cached-token: 0, full token usage: 0.27, swa token usage: 0.03, #running-req: 1, #queue-req: 0, #pending-token: 32768, cuda graph: False, input throughput (token/s): 6767.07
[2m2026-09-30T22:53:42.392936Z[0m [32m INFO[0m [2mmetrics_reporter.report_prefill_stats[0m[2m:[0m Prefill batch, #new-seq: 1, #new-token: 4096, #cached-token: 0, full token usage: 0.28, swa token usage: 0.03, #running-req: 1, #queue-req: 0, #pending-token: 28672, cuda graph: False, input throughput (token/s): 6677.60
[2m2026-09-30T22:53:43.015323Z[0m [32m INFO[0m [2mmetrics_reporter.report_prefill_stats[0m[2m:[0m Prefill batch, #new-seq: 1, #new-token: 4096, #cached-token: 0, full token usage: 0.28, swa token usage: 0.03, #running-req: 1, #queue-req: 0, #pending-token: 24576, cuda graph: False, input throughput (token/s): 6581.25
[2m2026-09-30T22:53:43.638885Z[0m [32m INFO[0m [2mmetrics_reporter.report_prefill_stats[0m[2m:[0m Prefill batch, #new-seq: 1, #new-token: 4096, #cached-token: 0, full token usage: 0.28, swa token usage: 0.03, #running-req: 1, #queue-req: 0, #pending-token: 20480, cuda graph: False, input throughput (token/s): 6568.57
[2m2026-09-30T22:53:44.260890Z[0m [32m INFO[0m [2mmetrics_reporter.report_prefill_stats[0m[2m:[0m Prefill batch, #new-seq: 1, #new-token: 4096, #cached-token: 0, full token usage: 0.28, swa token usage: 0.03, #running-req: 1, #queue-req: 0, #pending-token: 16384, cuda graph: False, input throughput (token/s): 6585.22
[2m2026-09-30T22:53:44.890368Z[0m [32m INFO[0m [2mmetrics_reporter.report_prefill_stats[0m[2m:[0m Prefill batch, #new-seq: 1, #new-token: 4096, #cached-token: 0, full token usage: 0.29, swa token usage: 0.03, #running-req: 1, #queue-req: 0, #pending-token: 12288, cuda graph: False, input throughput (token/s): 6507.10
[2m2026-09-30T22:53:45.528205Z[0m [32m INFO[0m [2mmetrics_reporter.report_prefill_stats[0m[2m:[0m Prefill batch, #new-seq: 1, #new-token: 4096, #cached-token: 0, full token usage: 0.29, swa token usage: 0.03, #running-req: 1, #queue-req: 0, #pending-token: 8192, cuda graph: False, input throughput (token/s): 6421.61
[2m2026-09-30T22:53:46.166154Z[0m [32m INFO[0m [2mmetrics_reporter.report_prefill_stats[0m[2m:[0m Prefill batch, #new-seq: 1, #new-token: 4096, #cached-token: 0, full token usage: 0.29, swa token usage: 0.03, #running-req: 1, #queue-req: 0, #pending-token: 4096, cuda graph: False, input throughput (token/s): 6420.60
[2m2026-09-30T22:53:46.400626Z[0m [32m INFO[0m [2mmetrics_reporter.report_prefill_stats[0m[2m:[0m Prefill batch, #new-seq: 1, #new-token: 4096, #cached-token: 0, full token usage: 0.29, swa token usage: 0.01, #running-req: 1, #queue-req: 0, #pending-token: 0, cuda graph: False, input throughput (token/s): 17471.06
[2m2026-09-30T22:53:46.728640Z[0m [32m INFO[0m [1mhandle_payload[0m: [2mdynamo_runtime::pipeline::network::ingress::push_handler[0m[2m:[0m request completed [3mrequest_id[0m[2m=[0m93b6fe40-349b-459d-8252-ed48878a94e1 [2m[3mrequest_id[0m[2m=[0m"93b6fe40-349b-459d-8252-ed48878a94e1" [3mcomponent[0m[2m=[0m"backend" [3mendpoint[0m[2m=[0m"generate" [3mnamespace[0m[2m=[0m"deepseek-v4-pro" [3minstance_id[0m[2m=[0m7668681235357845770[0m
[2m2026-09-30T22:53:46.919814Z[0m [32m INFO[0m [2mmetrics_reporter.report_decode_stats[0m[2m:[0m Decode batch, #running-req: 1, #full token: 256256, full token usage: 0.15, #swa token: 512, swa token usage: 0.00, cuda graph: True, gen throughput (token/s): 0.63, #queue-req: 0
[2m2026-09-30T22:53:47.262349Z[0m [32m INFO[0m [1mhandle_payload[0m: [2mdynamo_runtime::pipeline::network::ingress::push_handler[0m[2m:[0m request received [3mrequest_id[0m[2m=[0m760d30cb-8775-4ed7-b5ec-fcde1b7fd7f8 [2m[3mrequest_id[0m[2m=[0m"760d30cb-8775-4ed7-b5ec-fcde1b7fd7f8" [3mcomponent[0m[2m=[0m"backend" [3mendpoint[0m[2m=[0m"generate" [3mnamespace[0m[2m=[0m"deepseek-v4-pro" [3minstance_id[0m[2m=[0m7668681235357845770[0m
[2m2026-09-30T22:53:47.581211Z[0m [32m INFO[0m [2mmetrics_reporter.report_prefill_stats[0m[2m:[0m Prefill batch, #new-seq: 1, #new-token: 256, #cached-token: 256000, full token usage: 0.29, swa token usage: 0.01, #running-req: 1, #queue-req: 0, #pending-token: 0, cuda graph: False, input throughput (token/s): 216.84
[2m2026-09-30T22:53:47.703884Z[0m [32m INFO[0m [2mmetrics_reporter.report_decode_stats[0m[2m:[0m Decode batch, #running-req: 2, #full token: 512512, full token usage: 0.29, #swa token: 1024, swa token usage: 0.01, cuda graph: True, gen throughput (token/s): 63.77, #queue-req: 0
[2m2026-09-30T22:53:47.746783Z[0m [32m INFO[0m [1mhandle_payload[0m: [2mdynamo_runtime::pipeline::network::ingress::push_handler[0m[2m:[0m request completed [3mrequest_id[0m[2m=[0m760d30cb-8775-4ed7-b5ec-fcde1b7fd7f8 [2m[3mrequest_id[0m[2m=[0m"760d30cb-8775-4ed7-b5ec-fcde1b7fd7f8" [3mcomponent[0m[2m=[0m"backend" [3mendpoint[0m[2m=[0m"generate" [3mnamespace[0m[2m=[0m"deepseek-v4-pro" [3minstance_id[0m[2m=[0m7668681235357845770[0m
[2m2026-09-30T22:53:47.805813Z[0m [32m INFO[0m [1mhandle_payload[0m: [2mdynamo_runtime::pipeline::network::ingress::push_handler[0m[2m:[0m request received [3mrequest_id[0m[2m=[0m170ec045-a8d4-4fc8-b1fd-664b62e3e28f [2m[3mrequest_id[0m[2m=[0m"170ec045-a8d4-4fc8-b1fd-664b62e3e28f" [3mcomponent[0m[2m=[0m"backend" [3mendpoint[0m[2m=[0m"generate" [3mnamespace[0m[2m=[0m"deepseek-v4-pro" [3minstance_id[0m[2m=[0m7668681235357845770[0m
[2m2026-09-30T22:53:48.102873Z[0m [32m INFO[0m [2mmetrics_reporter.report_prefill_stats[0m[2m:[0m Prefill batch, #new-seq: 1, #new-token: 256, #cached-token: 256000, full token usage: 0.29, swa token usage: 0.01, #running-req: 1, #queue-req: 0, #pending-token: 0, cuda graph: False, input throughput (token/s): 490.73
[2m2026-09-30T22:53:48.494024Z[0m [32m INFO[0m [2mmetrics_reporter.report_decode_stats[0m[2m:[0m Decode batch, #running-req: 2, #full token: 512512, full token usage: 0.29, #swa token: 1024, swa token usage: 0.01, cuda graph: True, gen throughput (token/s): 92.39, #queue-req: 0
[2m2026-09-30T22:53:49.026247Z[0m [32m INFO[0m [2mmetrics_reporter.report_decode_stats[0m[2m:[0m Decode batch, #running-req: 2, #full token: 512512, full token usage: 0.29, #swa token: 1024, swa token usage: 0.01, cuda graph: True, gen throughput (token/s): 150.32, #queue-req: 0
[2m2026-09-30T22:53:49.558130Z[0m [32m INFO[0m [2mmetrics_reporter.report_decode_stats[0m[2m:[0m Decode batch, #running-req: 2, #full token: 512512, full token usage: 0.29, #swa token: 1024, swa token usage: 0.01, cuda graph: True, gen throughput (token/s): 150.40, #queue-req: 0
[2m2026-09-30T22:53:49.708168Z[0m [32m INFO[0m [1mhandle_payload[0m: [2mdynamo_runtime::pipeline::network::ingress::push_handler[0m[2m:[0m request completed [3mrequest_id[0m[2m=[0m170ec045-a8d4-4fc8-b1fd-664b62e3e28f [2m[3mrequest_id[0m[2m=[0m"170ec045-a8d4-4fc8-b1fd-664b62e3e28f" [3mcomponent[0m[2m=[0m"backend" [3mendpoint[0m[2m=[0m"generate" [3mnamespace[0m[2m=[0m"deepseek-v4-pro" [3minstance_id[0m[2m=[0m7668681235357845770[0m
[2m2026-09-30T22:53:50.076457Z[0m [32m INFO[0m [2mmetrics_reporter.report_decode_stats[0m[2m:[0m Decode batch, #running-req: 1, #full token: 256256, full token usage: 0.15, #swa token: 512, swa token usage: 0.00, cuda graph: True, gen throughput (token/s): 98.39, #queue-req: 0
[2m2026-09-30T22:53:50.201010Z[0m [32m INFO[0m [1mhandle_payload[0m: [2mdynamo_runtime::pipeline::network::ingress::push_handler[0m[2m:[0m request received [3mrequest_id[0m[2m=[0m569340a7-6235-46b0-94ee-d2462f21299e [2m[3mrequest_id[0m[2m=[0m"569340a7-6235-46b0-94ee-d2462f21299e" [3mcomponent[0m[2m=[0m"backend" [3mendpoint[0m[2m=[0m"generate" [3mnamespace[0m[2m=[0m"deepseek-v4-pro" [3minstance_id[0m[2m=[0m7668681235357845770[0m
[2m2026-09-30T22:53:50.865526Z[0m [32m INFO[0m [2mmetrics_reporter.report_prefill_stats[0m[2m:[0m Prefill batch, #new-seq: 1, #new-token: 4096, #cached-token: 0, full token usage: 0.15, swa token usage: 0.03, #running-req: 1, #queue-req: 0, #pending-token: 251904, cuda graph: False, input throughput (token/s): 1482.62
[2m2026-09-30T22:53:51.253082Z[0m [32m INFO[0m [2mmetrics_reporter.report_prefill_stats[0m[2m:[0m Prefill batch, #new-seq: 1, #new-token: 4096, #cached-token: 0, full token usage: 0.15, swa token usage: 0.03, #running-req: 1, #queue-req: 0, #pending-token: 247808, cuda graph: False, input throughput (token/s): 10568.26
[2m2026-09-30T22:53:51.645224Z[0m [32m INFO[0m [2mmetrics_reporter.report_prefill_stats[0m[2m:[0m Prefill batch, #new-seq: 1, #new-token: 4096, #cached-token: 0, full token usage: 0.15, swa token usage: 0.03, #running-req: 1, #queue-req: 0, #pending-token: 243712, cuda graph: False, input throughput (token/s): 10445.25
[2m2026-09-30T22:53:52.038500Z[0m [32m INFO[0m [2mmetrics_reporter.report_prefill_stats[0m[2m:[0m Prefill batch, #new-seq: 1, #new-token: 4096, #cached-token: 0, full token usage: 0.16, swa token usage: 0.03, #running-req: 1, #queue-req: 0, #pending-token: 239616, cuda graph: False, input throughput (token/s): 10415.10
[2m2026-09-30T22:53:52.435405Z[0m [32m INFO[0m [2mmetrics_reporter.report_prefill_stats[0m[2m:[0m Prefill batch, #new-seq: 1, #new-token: 4096, #cached-token: 0, full token usage: 0.16, swa token usage: 0.03, #running-req: 1, #queue-req: 0, #pending-token: 235520, cuda graph: False, input throughput (token/s): 10320.19
[2m2026-09-30T22:53:52.839066Z[0m [32m INFO[0m [2mmetrics_reporter.report_prefill_stats[0m[2m:[0m Prefill batch, #new-seq: 1, #new-token: 4096, #cached-token: 0, full token usage: 0.16, swa token usage: 0.03, #running-req: 1, #queue-req: 0, #pending-token: 231424, cuda graph: False, input throughput (token/s): 10146.78
[2m2026-09-30T22:53:53.243556Z[0m [32m INFO[0m [2mmetrics_reporter.report_prefill_stats[0m[2m:[0m Prefill batch, #new-seq: 1, #new-token: 4096, #cached-token: 0, full token usage: 0.16, swa token usage: 0.03, #running-req: 1, #queue-req: 0, #pending-token: 227328, cuda graph: False, input throughput (token/s): 10126.30
[2m2026-09-30T22:53:53.652564Z[0m [32m INFO[0m [2mmetrics_reporter.report_prefill_stats[0m[2m:[0m Prefill batch, #new-seq: 1, #new-token: 4096, #cached-token: 0, full token usage: 0.17, swa token usage: 0.03, #running-req: 1, #queue-req: 0, #pending-token: 223232, cuda graph: False, input throughput (token/s): 10014.60
[2m2026-09-30T22:53:54.065780Z[0m [32m INFO[0m [2mmetrics_reporter.report_prefill_stats[0m[2m:[0m Prefill batch, #new-seq: 1, #new-token: 4096, #cached-token: 0, full token usage: 0.17, swa token usage: 0.03, #running-req: 1, #queue-req: 0, #pending-token: 219136, cuda graph: False, input throughput (token/s): 9912.39
[2m2026-09-30T22:53:54.484917Z[0m [32m INFO[0m [2mmetrics_reporter.report_prefill_stats[0m[2m:[0m Prefill batch, #new-seq: 1, #new-token: 4096, #cached-token: 0, full token usage: 0.17, swa token usage: 0.03, #running-req: 1, #queue-req: 0, #pending-token: 215040, cuda graph: False, input throughput (token/s): 9772.66
[2m2026-09-30T22:53:54.906634Z[0m [32m INFO[0m [2mmetrics_reporter.report_prefill_stats[0m[2m:[0m Prefill batch, #new-seq: 1, #new-token: 4096, #cached-token: 0, full token usage: 0.17, swa token usage: 0.03, #running-req: 1, #queue-req: 0, #pending-token: 210944, cuda graph: False, input throughput (token/s): 9712.74
[2m2026-09-30T22:53:55.333873Z[0m [32m INFO[0m [2mmetrics_reporter.report_prefill_stats[0m[2m:[0m Prefill batch, #new-seq: 1, #new-token: 4096, #cached-token: 0, full token usage: 0.18, swa token usage: 0.03, #running-req: 1, #queue-req: 0, #pending-token: 206848, cuda graph: False, input throughput (token/s): 9587.06
[2m2026-09-30T22:53:55.762781Z[0m [32m INFO[0m [2mmetrics_reporter.report_prefill_stats[0m[2m:[0m Prefill batch, #new-seq: 1, #new-token: 4096, #cached-token: 0, full token usage: 0.18, swa token usage: 0.03, #running-req: 1, #queue-req: 0, #pending-token: 202752, cuda graph: False, input throughput (token/s): 9549.83
[2m2026-09-30T22:53:56.198842Z[0m [32m INFO[0m [2mmetrics_reporter.report_prefill_stats[0m[2m:[0m Prefill batch, #new-seq: 1, #new-token: 4096, #cached-token: 0, full token usage: 0.18, swa token usage: 0.03, #running-req: 1, #queue-req: 0, #pending-token: 198656, cuda graph: False, input throughput (token/s): 9393.23
[2m2026-09-30T22:53:56.637811Z[0m [32m INFO[0m [2mmetrics_reporter.report_prefill_stats[0m[2m:[0m Prefill batch, #new-seq: 1, #new-token: 4096, #cached-token: 0, full token usage: 0.18, swa token usage: 0.03, #running-req: 1, #queue-req: 0, #pending-token: 194560, cuda graph: False, input throughput (token/s): 9331.06
[2m2026-09-30T22:53:57.080469Z[0m [32m INFO[0m [2mmetrics_reporter.report_prefill_stats[0m[2m:[0m Prefill batch, #new-seq: 1, #new-token: 4096, #cached-token: 0, full token usage: 0.18, swa token usage: 0.03, #running-req: 1, #queue-req: 0, #pending-token: 190464, cuda graph: False, input throughput (token/s): 9253.20
[2m2026-09-30T22:53:57.526368Z[0m [32m INFO[0m [2mmetrics_reporter.report_prefill_stats[0m[2m:[0m Prefill batch, #new-seq: 1, #new-token: 4096, #cached-token: 0, full token usage: 0.19, swa token usage: 0.03, #running-req: 1, #queue-req: 0, #pending-token: 186368, cuda graph: False, input throughput (token/s): 9186.05
[2m2026-09-30T22:53:57.974915Z[0m [32m INFO[0m [2mmetrics_reporter.report_prefill_stats[0m[2m:[0m Prefill batch, #new-seq: 1, #new-token: 4096, #cached-token: 0, full token usage: 0.19, swa token usage: 0.03, #running-req: 1, #queue-req: 0, #pending-token: 182272, cuda graph: False, input throughput (token/s): 9131.56
[2m2026-09-30T22:53:58.427372Z[0m [32m INFO[0m [2mmetrics_reporter.report_prefill_stats[0m[2m:[0m Prefill batch, #new-seq: 1, #new-token: 4096, #cached-token: 0, full token usage: 0.19, swa token usage: 0.03, #running-req: 1, #queue-req: 0, #pending-token: 178176, cuda graph: False, input throughput (token/s): 9053.05
[2m2026-09-30T22:53:58.884512Z[0m [32m INFO[0m [2mmetrics_reporter.report_prefill_stats[0m[2m:[0m Prefill batch, #new-seq: 1, #new-token: 4096, #cached-token: 0, full token usage: 0.19, swa token usage: 0.03, #running-req: 1, #queue-req: 0, #pending-token: 174080, cuda graph: False, input throughput (token/s): 8959.75
[2m2026-09-30T22:53:59.347512Z[0m [32m INFO[0m [2mmetrics_reporter.report_prefill_stats[0m[2m:[0m Prefill batch, #new-seq: 1, #new-token: 4096, #cached-token: 0, full token usage: 0.20, swa token usage: 0.03, #running-req: 1, #queue-req: 0, #pending-token: 169984, cuda graph: False, input throughput (token/s): 8846.82
[2m2026-09-30T22:53:59.815078Z[0m [32m INFO[0m [2mmetrics_reporter.report_prefill_stats[0m[2m:[0m Prefill batch, #new-seq: 1, #new-token: 4096, #cached-token: 0, full token usage: 0.20, swa token usage: 0.03, #running-req: 1, #queue-req: 0, #pending-token: 165888, cuda graph: False, input throughput (token/s): 8760.93
[2m2026-09-30T22:54:00.284616Z[0m [32m INFO[0m [2mmetrics_reporter.report_prefill_stats[0m[2m:[0m Prefill batch, #new-seq: 1, #new-token: 4096, #cached-token: 0, full token usage: 0.20, swa token usage: 0.03, #running-req: 1, #queue-req: 0, #pending-token: 161792, cuda graph: False, input throughput (token/s): 8722.50
[2m2026-09-30T22:54:00.763175Z[0m [32m INFO[0m [2mmetrics_reporter.report_prefill_stats[0m[2m:[0m Prefill batch, #new-seq: 1, #new-token: 4096, #cached-token: 0, full token usage: 0.20, swa token usage: 0.03, #running-req: 1, #queue-req: 0, #pending-token: 157696, cuda graph: False, input throughput (token/s): 8559.24
[2m2026-09-30T22:54:01.240048Z[0m [32m INFO[0m [2mmetrics_reporter.report_prefill_stats[0m[2m:[0m Prefill batch, #new-seq: 1, #new-token: 4096, #cached-token: 0, full token usage: 0.21, swa token usage: 0.03, #running-req: 1, #queue-req: 0, #pending-token: 153600, cuda graph: False, input throughput (token/s): 8589.07
[2m2026-09-30T22:54:01.723525Z[0m [32m INFO[0m [2mmetrics_reporter.report_prefill_stats[0m[2m:[0m Prefill batch, #new-seq: 1, #new-token: 4096, #cached-token: 0, full token usage: 0.21, swa token usage: 0.03, #running-req: 1, #queue-req: 0, #pending-token: 149504, cuda graph: False, input throughput (token/s): 8472.16
[2m2026-09-30T22:54:02.207764Z[0m [32m INFO[0m [2mmetrics_reporter.report_prefill_stats[0m[2m:[0m Prefill batch, #new-seq: 1, #new-token: 4096, #cached-token: 0, full token usage: 0.21, swa token usage: 0.03, #running-req: 1, #queue-req: 0, #pending-token: 145408, cuda graph: False, input throughput (token/s): 8458.65
[2m2026-09-30T22:54:02.702695Z[0m [32m INFO[0m [2mmetrics_reporter.report_prefill_stats[0m[2m:[0m Prefill batch, #new-seq: 1, #new-token: 4096, #cached-token: 0, full token usage: 0.21, swa token usage: 0.03, #running-req: 1, #queue-req: 0, #pending-token: 141312, cuda graph: False, input throughput (token/s): 8275.96
[2m2026-09-30T22:54:03.199538Z[0m [32m INFO[0m [2mmetrics_reporter.report_prefill_stats[0m[2m:[0m Prefill batch, #new-seq: 1, #new-token: 4096, #cached-token: 0, full token usage: 0.22, swa token usage: 0.03, #running-req: 1, #queue-req: 0, #pending-token: 137216, cuda graph: False, input throughput (token/s): 8243.91
[2m2026-09-30T22:54:03.701848Z[0m [32m INFO[0m [2mmetrics_reporter.report_prefill_stats[0m[2m:[0m Prefill batch, #new-seq: 1, #new-token: 4096, #cached-token: 0, full token usage: 0.22, swa token usage: 0.03, #running-req: 1, #queue-req: 0, #pending-token: 133120, cuda graph: False, input throughput (token/s): 8154.27
[2m2026-09-30T22:54:04.204842Z[0m [32m INFO[0m [2mmetrics_reporter.report_prefill_stats[0m[2m:[0m Prefill batch, #new-seq: 1, #new-token: 4096, #cached-token: 0, full token usage: 0.22, swa token usage: 0.03, #running-req: 1, #queue-req: 0, #pending-token: 129024, cuda graph: False, input throughput (token/s): 8143.31
[2m2026-09-30T22:54:04.714186Z[0m [32m INFO[0m [2mmetrics_reporter.report_prefill_stats[0m[2m:[0m Prefill batch, #new-seq: 1, #new-token: 4096, #cached-token: 0, full token usage: 0.22, swa token usage: 0.03, #running-req: 1, #queue-req: 0, #pending-token: 124928, cuda graph: False, input throughput (token/s): 8041.74
[2m2026-09-30T22:54:05.228158Z[0m [32m INFO[0m [2mmetrics_reporter.report_prefill_stats[0m[2m:[0m Prefill batch, #new-seq: 1, #new-token: 4096, #cached-token: 0, full token usage: 0.22, swa token usage: 0.03, #running-req: 1, #queue-req: 0, #pending-token: 120832, cuda graph: False, input throughput (token/s): 7969.28
[2m2026-09-30T22:54:05.745954Z[0m [32m INFO[0m [2mmetrics_reporter.report_prefill_stats[0m[2m:[0m Prefill batch, #new-seq: 1, #new-token: 4096, #cached-token: 0, full token usage: 0.23, swa token usage: 0.03, #running-req: 1, #queue-req: 0, #pending-token: 116736, cuda graph: False, input throughput (token/s): 7910.46
[2m2026-09-30T22:54:06.267018Z[0m [32m INFO[0m [2mmetrics_reporter.report_prefill_stats[0m[2m:[0m Prefill batch, #new-seq: 1, #new-token: 4096, #cached-token: 0, full token usage: 0.23, swa token usage: 0.03, #running-req: 1, #queue-req: 0, #pending-token: 112640, cuda graph: False, input throughput (token/s): 7860.88
[2m2026-09-30T22:54:06.793327Z[0m [32m INFO[0m [2mmetrics_reporter.report_prefill_stats[0m[2m:[0m Prefill batch, #new-seq: 1, #new-token: 4096, #cached-token: 0, full token usage: 0.23, swa token usage: 0.03, #running-req: 1, #queue-req: 0, #pending-token: 108544, cuda graph: False, input throughput (token/s): 7782.70
[2m2026-09-30T22:54:07.322859Z[0m [32m INFO[0m [2mmetrics_reporter.report_prefill_stats[0m[2m:[0m Prefill batch, #new-seq: 1, #new-token: 4096, #cached-token: 0, full token usage: 0.23, swa token usage: 0.03, #running-req: 1, #queue-req: 0, #pending-token: 104448, cuda graph: False, input throughput (token/s): 7734.85
[2m2026-09-30T22:54:07.859193Z[0m [32m INFO[0m [2mmetrics_reporter.report_prefill_stats[0m[2m:[0m Prefill batch, #new-seq: 1, #new-token: 4096, #cached-token: 0, full token usage: 0.24, swa token usage: 0.03, #running-req: 1, #queue-req: 0, #pending-token: 100352, cuda graph: False, input throughput (token/s): 7637.02
[2m2026-09-30T22:54:08.396778Z[0m [32m INFO[0m [2mmetrics_reporter.report_prefill_stats[0m[2m:[0m Prefill batch, #new-seq: 1, #new-token: 4096, #cached-token: 0, full token usage: 0.24, swa token usage: 0.03, #running-req: 1, #queue-req: 0, #pending-token: 96256, cuda graph: False, input throughput (token/s): 7619.33
[2m2026-09-30T22:54:08.941704Z[0m [32m INFO[0m [2mmetrics_reporter.report_prefill_stats[0m[2m:[0m Prefill batch, #new-seq: 1, #new-token: 4096, #cached-token: 0, full token usage: 0.24, swa token usage: 0.03, #running-req: 1, #queue-req: 0, #pending-token: 92160, cuda graph: False, input throughput (token/s): 7516.98
[2m2026-09-30T22:54:09.490188Z[0m [32m INFO[0m [2mmetrics_reporter.report_prefill_stats[0m[2m:[0m Prefill batch, #new-seq: 1, #new-token: 4096, #cached-token: 0, full token usage: 0.24, swa token usage: 0.03, #running-req: 1, #queue-req: 0, #pending-token: 88064, cuda graph: False, input throughput (token/s): 7467.53
[2m2026-09-30T22:54:10.041831Z[0m [32m INFO[0m [2mmetrics_reporter.report_prefill_stats[0m[2m:[0m Prefill batch, #new-seq: 1, #new-token: 4096, #cached-token: 0, full token usage: 0.25, swa token usage: 0.03, #running-req: 1, #queue-req: 0, #pending-token: 83968, cuda graph: False, input throughput (token/s): 7425.03
[2m2026-09-30T22:54:10.595829Z[0m [32m INFO[0m [2mmetrics_reporter.report_prefill_stats[0m[2m:[0m Prefill batch, #new-seq: 1, #new-token: 4096, #cached-token: 0, full token usage: 0.25, swa token usage: 0.03, #running-req: 1, #queue-req: 0, #pending-token: 79872, cuda graph: False, input throughput (token/s): 7393.55
[2m2026-09-30T22:54:11.156024Z[0m [32m INFO[0m [2mmetrics_reporter.report_prefill_stats[0m[2m:[0m Prefill batch, #new-seq: 1, #new-token: 4096, #cached-token: 0, full token usage: 0.25, swa token usage: 0.03, #running-req: 1, #queue-req: 0, #pending-token: 75776, cuda graph: False, input throughput (token/s): 7311.66
[2m2026-09-30T22:54:11.725068Z[0m [32m INFO[0m [2mmetrics_reporter.report_prefill_stats[0m[2m:[0m Prefill batch, #new-seq: 1, #new-token: 4096, #cached-token: 0, full token usage: 0.25, swa token usage: 0.03, #running-req: 1, #queue-req: 0, #pending-token: 71680, cuda graph: False, input throughput (token/s): 7198.12
[2m2026-09-30T22:54:12.292773Z[0m [32m INFO[0m [2mmetrics_reporter.report_prefill_stats[0m[2m:[0m Prefill batch, #new-seq: 1, #new-token: 4096, #cached-token: 0, full token usage: 0.25, swa token usage: 0.03, #running-req: 1, #queue-req: 0, #pending-token: 67584, cuda graph: False, input throughput (token/s): 7215.01
[2m2026-09-30T22:54:12.867409Z[0m [32m INFO[0m [2mmetrics_reporter.report_prefill_stats[0m[2m:[0m Prefill batch, #new-seq: 1, #new-token: 4096, #cached-token: 0, full token usage: 0.26, swa token usage: 0.03, #running-req: 1, #queue-req: 0, #pending-token: 63488, cuda graph: False, input throughput (token/s): 7128.14
[2m2026-09-30T22:54:13.447497Z[0m [32m INFO[0m [2mmetrics_reporter.report_prefill_stats[0m[2m:[0m Prefill batch, #new-seq: 1, #new-token: 4096, #cached-token: 0, full token usage: 0.26, swa token usage: 0.03, #running-req: 1, #queue-req: 0, #pending-token: 59392, cuda graph: False, input throughput (token/s): 7060.80
[2m2026-09-30T22:54:14.032002Z[0m [32m INFO[0m [2mmetrics_reporter.report_prefill_stats[0m[2m:[0m Prefill batch, #new-seq: 1, #new-token: 4096, #cached-token: 0, full token usage: 0.26, swa token usage: 0.03, #running-req: 1, #queue-req: 0, #pending-token: 55296, cuda graph: False, input throughput (token/s): 7007.69
[2m2026-09-30T22:54:14.625233Z[0m [32m INFO[0m [2mmetrics_reporter.report_prefill_stats[0m[2m:[0m Prefill batch, #new-seq: 1, #new-token: 4096, #cached-token: 0, full token usage: 0.26, swa token usage: 0.03, #running-req: 1, #queue-req: 0, #pending-token: 51200, cuda graph: False, input throughput (token/s): 6904.58
[2m2026-09-30T22:54:15.216620Z[0m [32m INFO[0m [2mmetrics_reporter.report_prefill_stats[0m[2m:[0m Prefill batch, #new-seq: 1, #new-token: 4096, #cached-token: 0, full token usage: 0.27, swa token usage: 0.03, #running-req: 1, #queue-req: 0, #pending-token: 47104, cuda graph: False, input throughput (token/s): 6926.00
[2m2026-09-30T22:54:15.813014Z[0m [32m INFO[0m [2mmetrics_reporter.report_prefill_stats[0m[2m:[0m Prefill batch, #new-seq: 1, #new-token: 4096, #cached-token: 0, full token usage: 0.27, swa token usage: 0.03, #running-req: 1, #queue-req: 0, #pending-token: 43008, cuda graph: False, input throughput (token/s): 6867.98
[2m2026-09-30T22:54:16.417366Z[0m [32m INFO[0m [2mmetrics_reporter.report_prefill_stats[0m[2m:[0m Prefill batch, #new-seq: 1, #new-token: 4096, #cached-token: 0, full token usage: 0.27, swa token usage: 0.03, #running-req: 1, #queue-req: 0, #pending-token: 38912, cuda graph: False, input throughput (token/s): 6777.62
[2m2026-09-30T22:54:17.020077Z[0m [32m INFO[0m [2mmetrics_reporter.report_prefill_stats[0m[2m:[0m Prefill batch, #new-seq: 1, #new-token: 4096, #cached-token: 0, full token usage: 0.27, swa token usage: 0.03, #running-req: 1, #queue-req: 0, #pending-token: 34816, cuda graph: False, input throughput (token/s): 6795.82
[2m2026-09-30T22:54:17.631196Z[0m [32m INFO[0m [2mmetrics_reporter.report_prefill_stats[0m[2m:[0m Prefill batch, #new-seq: 1, #new-token: 4096, #cached-token: 0, full token usage: 0.28, swa token usage: 0.03, #running-req: 1, #queue-req: 0, #pending-token: 30720, cuda graph: False, input throughput (token/s): 6702.49
[2m2026-09-30T22:54:18.248495Z[0m [32m INFO[0m [2mmetrics_reporter.report_prefill_stats[0m[2m:[0m Prefill batch, #new-seq: 1, #new-token: 4096, #cached-token: 0, full token usage: 0.28, swa token usage: 0.03, #running-req: 1, #queue-req: 0, #pending-token: 26624, cuda graph: False, input throughput (token/s): 6635.37
[2m2026-09-30T22:54:18.875008Z[0m [32m INFO[0m [2mmetrics_reporter.report_prefill_stats[0m[2m:[0m Prefill batch, #new-seq: 1, #new-token: 4096, #cached-token: 0, full token usage: 0.28, swa token usage: 0.03, #running-req: 1, #queue-req: 0, #pending-token: 22528, cuda graph: False, input throughput (token/s): 6537.71
[2m2026-09-30T22:54:19.498220Z[0m [32m INFO[0m [2mmetrics_reporter.report_prefill_stats[0m[2m:[0m Prefill batch, #new-seq: 1, #new-token: 4096, #cached-token: 0, full token usage: 0.28, swa token usage: 0.03, #running-req: 1, #queue-req: 0, #pending-token: 18432, cuda graph: False, input throughput (token/s): 6572.47
[2m2026-09-30T22:54:20.122354Z[0m [32m INFO[0m [2mmetrics_reporter.report_prefill_stats[0m[2m:[0m Prefill batch, #new-seq: 1, #new-token: 4096, #cached-token: 0, full token usage: 0.28, swa token usage: 0.03, #running-req: 1, #queue-req: 0, #pending-token: 14336, cuda graph: False, input throughput (token/s): 6562.87
[2m2026-09-30T22:54:20.757324Z[0m [32m INFO[0m [2mmetrics_reporter.report_prefill_stats[0m[2m:[0m Prefill batch, #new-seq: 1, #new-token: 4096, #cached-token: 0, full token usage: 0.29, swa token usage: 0.03, #running-req: 1, #queue-req: 0, #pending-token: 10240, cuda graph: False, input throughput (token/s): 6450.70
[2m2026-09-30T22:54:21.391046Z[0m [32m INFO[0m [2mmetrics_reporter.report_prefill_stats[0m[2m:[0m Prefill batch, #new-seq: 1, #new-token: 4096, #cached-token: 0, full token usage: 0.29, swa token usage: 0.03, #running-req: 1, #queue-req: 0, #pending-token: 6144, cuda graph: False, input throughput (token/s): 6463.17
[2m2026-09-30T22:54:21.830380Z[0m [32m INFO[0m [2mmetrics_reporter.report_prefill_stats[0m[2m:[0m Prefill batch, #new-seq: 1, #new-token: 4096, #cached-token: 0, full token usage: 0.29, swa token usage: 0.02, #running-req: 1, #queue-req: 0, #pending-token: 2048, cuda graph: False, input throughput (token/s): 9323.42
[2m2026-09-30T22:54:21.959845Z[0m [32m INFO[0m [2mmetrics_reporter.report_prefill_stats[0m[2m:[0m Prefill batch, #new-seq: 1, #new-token: 2048, #cached-token: 0, full token usage: 0.29, swa token usage: 0.01, #running-req: 1, #queue-req: 0, #pending-token: 0, cuda graph: False, input throughput (token/s): 15819.16
[2m2026-09-30T22:54:22.007703Z[0m [32m INFO[0m [1mhandle_payload[0m: [2mdynamo_runtime::pipeline::network::ingress::push_handler[0m[2m:[0m request completed [3mrequest_id[0m[2m=[0mb18e4490-c7f2-4981-abec-28a5046de797 [2m[3mrequest_id[0m[2m=[0m"b18e4490-c7f2-4981-abec-28a5046de797" [3mcomponent[0m[2m=[0m"backend" [3mendpoint[0m[2m=[0m"generate" [3mnamespace[0m[2m=[0m"deepseek-v4-pro" [3minstance_id[0m[2m=[0m7668681235357845770[0m
[2m2026-09-30T22:54:22.280519Z[0m [32m INFO[0m [1mhandle_payload[0m: [2mdynamo_runtime::pipeline::network::ingress::push_handler[0m[2m:[0m request completed [3mrequest_id[0m[2m=[0m569340a7-6235-46b0-94ee-d2462f21299e [2m[3mrequest_id[0m[2m=[0m"569340a7-6235-46b0-94ee-d2462f21299e" [3mcomponent[0m[2m=[0m"backend" [3mendpoint[0m[2m=[0m"generate" [3mnamespace[0m[2m=[0m"deepseek-v4-pro" [3minstance_id[0m[2m=[0m7668681235357845770[0m
[2m2026-09-30T22:54:22.519550Z[0m [32m INFO[0m [1mhandle_payload[0m: [2mdynamo_runtime::pipeline::network::ingress::push_handler[0m[2m:[0m request received [3mrequest_id[0m[2m=[0m59c3a401-c651-4081-a32c-f2c642917b3d [2m[3mrequest_id[0m[2m=[0m"59c3a401-c651-4081-a32c-f2c642917b3d" [3mcomponent[0m[2m=[0m"backend" [3mendpoint[0m[2m=[0m"generate" [3mnamespace[0m[2m=[0m"deepseek-v4-pro" [3minstance_id[0m[2m=[0m7668681235357845770[0m
[2m2026-09-30T22:54:22.796445Z[0m [32m INFO[0m [1mhandle_payload[0m: [2mdynamo_runtime::pipeline::network::ingress::push_handler[0m[2m:[0m request received [3mrequest_id[0m[2m=[0mc38f0e02-6017-4d43-85fe-79df9ce76196 [2m[3mrequest_id[0m[2m=[0m"c38f0e02-6017-4d43-85fe-79df9ce76196" [3mcomponent[0m[2m=[0m"backend" [3mendpoint[0m[2m=[0m"generate" [3mnamespace[0m[2m=[0m"deepseek-v4-pro" [3minstance_id[0m[2m=[0m7668681235357845770[0m
[2m2026-09-30T22:54:22.811420Z[0m [32m INFO[0m [2mmetrics_reporter.report_prefill_stats[0m[2m:[0m Prefill batch, #new-seq: 1, #new-token: 256, #cached-token: 256000, full token usage: 0.15, swa token usage: 0.00, #running-req: 0, #queue-req: 0, #pending-token: 0, cuda graph: False, input throughput (token/s): 300.63
[2m2026-09-30T22:54:23.086785Z[0m [32m INFO[0m [2mmetrics_reporter.report_prefill_stats[0m[2m:[0m Prefill batch, #new-seq: 1, #new-token: 256, #cached-token: 256000, full token usage: 0.29, swa token usage: 0.01, #running-req: 1, #queue-req: 0, #pending-token: 0, cuda graph: False, input throughput (token/s): 929.61
[2m2026-09-30T22:54:23.093456Z[0m [32m INFO[0m [2mmetrics_reporter.report_decode_stats[0m[2m:[0m Decode batch, #running-req: 2, #full token: 512512, full token usage: 0.29, #swa token: 1024, swa token usage: 0.01, cuda graph: True, gen throughput (token/s): 1.36, #queue-req: 0
[2m2026-09-30T22:54:23.336512Z[0m [32m INFO[0m [1mhandle_payload[0m: [2mdynamo_runtime::pipeline::network::ingress::push_handler[0m[2m:[0m request completed [3mrequest_id[0m[2m=[0mc38f0e02-6017-4d43-85fe-79df9ce76196 [2m[3mrequest_id[0m[2m=[0m"c38f0e02-6017-4d43-85fe-79df9ce76196" [3mcomponent[0m[2m=[0m"backend" [3mendpoint[0m[2m=[0m"generate" [3mnamespace[0m[2m=[0m"deepseek-v4-pro" [3minstance_id[0m[2m=[0m7668681235357845770[0m
[2m2026-09-30T22:54:23.357617Z[0m [32m INFO[0m [1mhandle_payload[0m: [2mdynamo_runtime::pipeline::network::ingress::push_handler[0m[2m:[0m request received [3mrequest_id[0m[2m=[0m26d98d0f-aa96-430a-bfd3-410425cf4f3d [2m[3mrequest_id[0m[2m=[0m"26d98d0f-aa96-430a-bfd3-410425cf4f3d" [3mcomponent[0m[2m=[0m"backend" [3mendpoint[0m[2m=[0m"generate" [3mnamespace[0m[2m=[0m"deepseek-v4-pro" [3minstance_id[0m[2m=[0m7668681235357845770[0m
[2m2026-09-30T22:54:23.663033Z[0m [32m INFO[0m [2mmetrics_reporter.report_prefill_stats[0m[2m:[0m Prefill batch, #new-seq: 1, #new-token: 256, #cached-token: 256000, full token usage: 0.29, swa token usage: 0.01, #running-req: 1, #queue-req: 0, #pending-token: 0, cuda graph: False, input throughput (token/s): 444.26
[2m2026-09-30T22:54:23.881548Z[0m [32m INFO[0m [2mmetrics_reporter.report_decode_stats[0m[2m:[0m Decode batch, #running-req: 2, #full token: 512512, full token usage: 0.29, #swa token: 1024, swa token usage: 0.01, cuda graph: True, gen throughput (token/s): 95.17, #queue-req: 0
[2m2026-09-30T22:54:24.413403Z[0m [32m INFO[0m [2mmetrics_reporter.report_decode_stats[0m[2m:[0m Decode batch, #running-req: 2, #full token: 512512, full token usage: 0.29, #swa token: 1024, swa token usage: 0.01, cuda graph: True, gen throughput (token/s): 150.42, #queue-req: 0
[2m2026-09-30T22:54:24.655451Z[0m [32m INFO[0m [1mhandle_payload[0m: [2mdynamo_runtime::pipeline::network::ingress::push_handler[0m[2m:[0m request completed [3mrequest_id[0m[2m=[0m59c3a401-c651-4081-a32c-f2c642917b3d [2m[3mrequest_id[0m[2m=[0m"59c3a401-c651-4081-a32c-f2c642917b3d" [3mcomponent[0m[2m=[0m"backend" [3mendpoint[0m[2m=[0m"generate" [3mnamespace[0m[2m=[0m"deepseek-v4-pro" [3minstance_id[0m[2m=[0m7668681235357845770[0m
[2m2026-09-30T22:54:24.679131Z[0m [32m INFO[0m [1mhandle_payload[0m: [2mdynamo_runtime::pipeline::network::ingress::push_handler[0m[2m:[0m request received [3mrequest_id[0m[2m=[0m91dbec79-b72c-4168-968d-a2a06b8fe12a [2m[3mrequest_id[0m[2m=[0m"91dbec79-b72c-4168-968d-a2a06b8fe12a" [3mcomponent[0m[2m=[0m"backend" [3mendpoint[0m[2m=[0m"generate" [3mnamespace[0m[2m=[0m"deepseek-v4-pro" [3minstance_id[0m[2m=[0m7668681235357845770[0m
[2m2026-09-30T22:54:24.977789Z[0m [32m INFO[0m [2mmetrics_reporter.report_prefill_stats[0m[2m:[0m Prefill batch, #new-seq: 1, #new-token: 256, #cached-token: 256000, full token usage: 0.29, swa token usage: 0.01, #running-req: 1, #queue-req: 0, #pending-token: 0, cuda graph: False, input throughput (token/s): 194.71
[2m2026-09-30T22:54:25.206794Z[0m [32m INFO[0m [2mmetrics_reporter.report_decode_stats[0m[2m:[0m Decode batch, #running-req: 2, #full token: 512512, full token usage: 0.29, #swa token: 1024, swa token usage: 0.01, cuda graph: True, gen throughput (token/s): 95.79, #queue-req: 0
[2m2026-09-30T22:54:25.356835Z[0m [32m INFO[0m [1mhandle_payload[0m: [2mdynamo_runtime::pipeline::network::ingress::push_handler[0m[2m:[0m request completed [3mrequest_id[0m[2m=[0m26d98d0f-aa96-430a-bfd3-410425cf4f3d [2m[3mrequest_id[0m[2m=[0m"26d98d0f-aa96-430a-bfd3-410425cf4f3d" [3mcomponent[0m[2m=[0m"backend" [3mendpoint[0m[2m=[0m"generate" [3mnamespace[0m[2m=[0m"deepseek-v4-pro" [3minstance_id[0m[2m=[0m7668681235357845770[0m
[2m2026-09-30T22:54:25.622606Z[0m [32m INFO[0m [1mhandle_payload[0m: [2mdynamo_runtime::pipeline::network::ingress::push_handler[0m[2m:[0m request received [3mrequest_id[0m[2m=[0m6af7c1d6-01c3-48d7-aac3-be13fed5b8c9 [2m[3mrequest_id[0m[2m=[0m"6af7c1d6-01c3-48d7-aac3-be13fed5b8c9" [3mcomponent[0m[2m=[0m"backend" [3mendpoint[0m[2m=[0m"generate" [3mnamespace[0m[2m=[0m"deepseek-v4-pro" [3minstance_id[0m[2m=[0m7668681235357845770[0m
[2m2026-09-30T22:54:26.284477Z[0m [32m INFO[0m [2mmetrics_reporter.report_prefill_stats[0m[2m:[0m Prefill batch, #new-seq: 1, #new-token: 4096, #cached-token: 0, full token usage: 0.15, swa token usage: 0.03, #running-req: 1, #queue-req: 0, #pending-token: 251904, cuda graph: False, input throughput (token/s): 3134.57
[2m2026-09-30T22:54:26.671865Z[0m [32m INFO[0m [2mmetrics_reporter.report_prefill_stats[0m[2m:[0m Prefill batch, #new-seq: 1, #new-token: 4096, #cached-token: 0, full token usage: 0.15, swa token usage: 0.03, #running-req: 1, #queue-req: 0, #pending-token: 247808, cuda graph: False, input throughput (token/s): 10573.31
[2m2026-09-30T22:54:27.064120Z[0m [32m INFO[0m [2mmetrics_reporter.report_prefill_stats[0m[2m:[0m Prefill batch, #new-seq: 1, #new-token: 4096, #cached-token: 0, full token usage: 0.15, swa token usage: 0.03, #running-req: 1, #queue-req: 0, #pending-token: 243712, cuda graph: False, input throughput (token/s): 10442.13
[2m2026-09-30T22:54:27.461135Z[0m [32m INFO[0m [2mmetrics_reporter.report_prefill_stats[0m[2m:[0m Prefill batch, #new-seq: 1, #new-token: 4096, #cached-token: 0, full token usage: 0.16, swa token usage: 0.03, #running-req: 1, #queue-req: 0, #pending-token: 239616, cuda graph: False, input throughput (token/s): 10317.00
[2m2026-09-30T22:54:27.863179Z[0m [32m INFO[0m [2mmetrics_reporter.report_prefill_stats[0m[2m:[0m Prefill batch, #new-seq: 1, #new-token: 4096, #cached-token: 0, full token usage: 0.16, swa token usage: 0.03, #running-req: 1, #queue-req: 0, #pending-token: 235520, cuda graph: False, input throughput (token/s): 10187.80
[2m2026-09-30T22:54:28.266837Z[0m [32m INFO[0m [2mmetrics_reporter.report_prefill_stats[0m[2m:[0m Prefill batch, #new-seq: 1, #new-token: 4096, #cached-token: 0, full token usage: 0.16, swa token usage: 0.03, #running-req: 1, #queue-req: 0, #pending-token: 231424, cuda graph: False, input throughput (token/s): 10147.19
[2m2026-09-30T22:54:28.674259Z[0m [32m INFO[0m [2mmetrics_reporter.report_prefill_stats[0m[2m:[0m Prefill batch, #new-seq: 1, #new-token: 4096, #cached-token: 0, full token usage: 0.16, swa token usage: 0.03, #running-req: 1, #queue-req: 0, #pending-token: 227328, cuda graph: False, input throughput (token/s): 10053.36
[2m2026-09-30T22:54:29.089709Z[0m [32m INFO[0m [2mmetrics_reporter.report_prefill_stats[0m[2m:[0m Prefill batch, #new-seq: 1, #new-token: 4096, #cached-token: 0, full token usage: 0.17, swa token usage: 0.03, #running-req: 1, #queue-req: 0, #pending-token: 223232, cuda graph: False, input throughput (token/s): 9859.24
[2m2026-09-30T22:54:29.506122Z[0m [32m INFO[0m [2mmetrics_reporter.report_prefill_stats[0m[2m:[0m Prefill batch, #new-seq: 1, #new-token: 4096, #cached-token: 0, full token usage: 0.17, swa token usage: 0.03, #running-req: 1, #queue-req: 0, #pending-token: 219136, cuda graph: False, input throughput (token/s): 9836.68
[2m2026-09-30T22:54:29.925529Z[0m [32m INFO[0m [2mmetrics_reporter.report_prefill_stats[0m[2m:[0m Prefill batch, #new-seq: 1, #new-token: 4096, #cached-token: 0, full token usage: 0.17, swa token usage: 0.03, #running-req: 1, #queue-req: 0, #pending-token: 215040, cuda graph: False, input throughput (token/s): 9766.20
[2m2026-09-30T22:54:30.350535Z[0m [32m INFO[0m [2mmetrics_reporter.report_prefill_stats[0m[2m:[0m Prefill batch, #new-seq: 1, #new-token: 4096, #cached-token: 0, full token usage: 0.17, swa token usage: 0.03, #running-req: 1, #queue-req: 0, #pending-token: 210944, cuda graph: False, input throughput (token/s): 9637.41
[2m2026-09-30T22:54:30.777268Z[0m [32m INFO[0m [2mmetrics_reporter.report_prefill_stats[0m[2m:[0m Prefill batch, #new-seq: 1, #new-token: 4096, #cached-token: 0, full token usage: 0.18, swa token usage: 0.03, #running-req: 1, #queue-req: 0, #pending-token: 206848, cuda graph: False, input throughput (token/s): 9598.42
[2m2026-09-30T22:54:31.208156Z[0m [32m INFO[0m [2mmetrics_reporter.report_prefill_stats[0m[2m:[0m Prefill batch, #new-seq: 1, #new-token: 4096, #cached-token: 0, full token usage: 0.18, swa token usage: 0.03, #running-req: 1, #queue-req: 0, #pending-token: 202752, cuda graph: False, input throughput (token/s): 9506.17
[2m2026-09-30T22:54:31.647391Z[0m [32m INFO[0m [2mmetrics_reporter.report_prefill_stats[0m[2m:[0m Prefill batch, #new-seq: 1, #new-token: 4096, #cached-token: 0, full token usage: 0.18, swa token usage: 0.03, #running-req: 1, #queue-req: 0, #pending-token: 198656, cuda graph: False, input throughput (token/s): 9325.43
[2m2026-09-30T22:54:32.086185Z[0m [32m INFO[0m [2mmetrics_reporter.report_prefill_stats[0m[2m:[0m Prefill batch, #new-seq: 1, #new-token: 4096, #cached-token: 0, full token usage: 0.18, swa token usage: 0.03, #running-req: 1, #queue-req: 0, #pending-token: 194560, cuda graph: False, input throughput (token/s): 9334.34
[2m2026-09-30T22:54:32.530324Z[0m [32m INFO[0m [2mmetrics_reporter.report_prefill_stats[0m[2m:[0m Prefill batch, #new-seq: 1, #new-token: 4096, #cached-token: 0, full token usage: 0.18, swa token usage: 0.03, #running-req: 1, #queue-req: 0, #pending-token: 190464, cuda graph: False, input throughput (token/s): 9222.67
[2m2026-09-30T22:54:32.976145Z[0m [32m INFO[0m [2mmetrics_reporter.report_prefill_stats[0m[2m:[0m Prefill batch, #new-seq: 1, #new-token: 4096, #cached-token: 0, full token usage: 0.19, swa token usage: 0.03, #running-req: 1, #queue-req: 0, #pending-token: 186368, cuda graph: False, input throughput (token/s): 9187.62
[2m2026-09-30T22:54:33.427293Z[0m [32m INFO[0m [2mmetrics_reporter.report_prefill_stats[0m[2m:[0m Prefill batch, #new-seq: 1, #new-token: 4096, #cached-token: 0, full token usage: 0.19, swa token usage: 0.03, #running-req: 1, #queue-req: 0, #pending-token: 182272, cuda graph: False, input throughput (token/s): 9078.74
[2m2026-09-30T22:54:33.882657Z[0m [32m INFO[0m [2mmetrics_reporter.report_prefill_stats[0m[2m:[0m Prefill batch, #new-seq: 1, #new-token: 4096, #cached-token: 0, full token usage: 0.19, swa token usage: 0.03, #running-req: 1, #queue-req: 0, #pending-token: 178176, cuda graph: False, input throughput (token/s): 8994.98
[2m2026-09-30T22:54:34.342328Z[0m [32m INFO[0m [2mmetrics_reporter.report_prefill_stats[0m[2m:[0m Prefill batch, #new-seq: 1, #new-token: 4096, #cached-token: 0, full token usage: 0.19, swa token usage: 0.03, #running-req: 1, #queue-req: 0, #pending-token: 174080, cuda graph: False, input throughput (token/s): 8911.09
[2m2026-09-30T22:54:34.805716Z[0m [32m INFO[0m [2mmetrics_reporter.report_prefill_stats[0m[2m:[0m Prefill batch, #new-seq: 1, #new-token: 4096, #cached-token: 0, full token usage: 0.20, swa token usage: 0.03, #running-req: 1, #queue-req: 0, #pending-token: 169984, cuda graph: False, input throughput (token/s): 8838.94
[2m2026-09-30T22:54:35.273126Z[0m [32m INFO[0m [2mmetrics_reporter.report_prefill_stats[0m[2m:[0m Prefill batch, #new-seq: 1, #new-token: 4096, #cached-token: 0, full token usage: 0.20, swa token usage: 0.03, #running-req: 1, #queue-req: 0, #pending-token: 165888, cuda graph: False, input throughput (token/s): 8763.12
[2m2026-09-30T22:54:35.747339Z[0m [32m INFO[0m [2mmetrics_reporter.report_prefill_stats[0m[2m:[0m Prefill batch, #new-seq: 1, #new-token: 4096, #cached-token: 0, full token usage: 0.20, swa token usage: 0.03, #running-req: 1, #queue-req: 0, #pending-token: 161792, cuda graph: False, input throughput (token/s): 8639.57
[2m2026-09-30T22:54:36.224747Z[0m [32m INFO[0m [2mmetrics_reporter.report_prefill_stats[0m[2m:[0m Prefill batch, #new-seq: 1, #new-token: 4096, #cached-token: 0, full token usage: 0.20, swa token usage: 0.03, #running-req: 1, #queue-req: 0, #pending-token: 157696, cuda graph: False, input throughput (token/s): 8577.69
[2m2026-09-30T22:54:36.708417Z[0m [32m INFO[0m [2mmetrics_reporter.report_prefill_stats[0m[2m:[0m Prefill batch, #new-seq: 1, #new-token: 4096, #cached-token: 0, full token usage: 0.21, swa token usage: 0.03, #running-req: 1, #queue-req: 0, #pending-token: 153600, cuda graph: False, input throughput (token/s): 8468.99
[2m2026-09-30T22:54:37.191346Z[0m [32m INFO[0m [2mmetrics_reporter.report_prefill_stats[0m[2m:[0m Prefill batch, #new-seq: 1, #new-token: 4096, #cached-token: 0, full token usage: 0.21, swa token usage: 0.03, #running-req: 1, #queue-req: 0, #pending-token: 149504, cuda graph: False, input throughput (token/s): 8481.36
[2m2026-09-30T22:54:37.680280Z[0m [32m INFO[0m [2mmetrics_reporter.report_prefill_stats[0m[2m:[0m Prefill batch, #new-seq: 1, #new-token: 4096, #cached-token: 0, full token usage: 0.21, swa token usage: 0.03, #running-req: 1, #queue-req: 0, #pending-token: 145408, cuda graph: False, input throughput (token/s): 8377.19
[2m2026-09-30T22:54:38.178410Z[0m [32m INFO[0m [2mmetrics_reporter.report_prefill_stats[0m[2m:[0m Prefill batch, #new-seq: 1, #new-token: 4096, #cached-token: 0, full token usage: 0.21, swa token usage: 0.03, #running-req: 1, #queue-req: 0, #pending-token: 141312, cuda graph: False, input throughput (token/s): 8222.96
[2m2026-09-30T22:54:38.681538Z[0m [32m INFO[0m [2mmetrics_reporter.report_prefill_stats[0m[2m:[0m Prefill batch, #new-seq: 1, #new-token: 4096, #cached-token: 0, full token usage: 0.22, swa token usage: 0.03, #running-req: 1, #queue-req: 0, #pending-token: 137216, cuda graph: False, input throughput (token/s): 8140.91
[2m2026-09-30T22:54:39.185357Z[0m [32m INFO[0m [2mmetrics_reporter.report_prefill_stats[0m[2m:[0m Prefill batch, #new-seq: 1, #new-token: 4096, #cached-token: 0, full token usage: 0.22, swa token usage: 0.03, #running-req: 1, #queue-req: 0, #pending-token: 133120, cuda graph: False, input throughput (token/s): 8130.39
[2m2026-09-30T22:54:39.690948Z[0m [32m INFO[0m [2mmetrics_reporter.report_prefill_stats[0m[2m:[0m Prefill batch, #new-seq: 1, #new-token: 4096, #cached-token: 0, full token usage: 0.22, swa token usage: 0.03, #running-req: 1, #queue-req: 0, #pending-token: 129024, cuda graph: False, input throughput (token/s): 8100.91
[2m2026-09-30T22:54:40.203546Z[0m [32m INFO[0m [2mmetrics_reporter.report_prefill_stats[0m[2m:[0m Prefill batch, #new-seq: 1, #new-token: 4096, #cached-token: 0, full token usage: 0.22, swa token usage: 0.03, #running-req: 1, #queue-req: 0, #pending-token: 124928, cuda graph: False, input throughput (token/s): 7990.71
[2m2026-09-30T22:54:40.718375Z[0m [32m INFO[0m [2mmetrics_reporter.report_prefill_stats[0m[2m:[0m Prefill batch, #new-seq: 1, #new-token: 4096, #cached-token: 0, full token usage: 0.22, swa token usage: 0.03, #running-req: 1, #queue-req: 0, #pending-token: 120832, cuda graph: False, input throughput (token/s): 7956.22
[2m2026-09-30T22:54:41.235314Z[0m [32m INFO[0m [2mmetrics_reporter.report_prefill_stats[0m[2m:[0m Prefill batch, #new-seq: 1, #new-token: 4096, #cached-token: 0, full token usage: 0.23, swa token usage: 0.03, #running-req: 1, #queue-req: 0, #pending-token: 116736, cuda graph: False, input throughput (token/s): 7923.63
[2m2026-09-30T22:54:41.755628Z[0m [32m INFO[0m [2mmetrics_reporter.report_prefill_stats[0m[2m:[0m Prefill batch, #new-seq: 1, #new-token: 4096, #cached-token: 0, full token usage: 0.23, swa token usage: 0.03, #running-req: 1, #queue-req: 0, #pending-token: 112640, cuda graph: False, input throughput (token/s): 7871.83
[2m2026-09-30T22:54:42.284416Z[0m [32m INFO[0m [2mmetrics_reporter.report_prefill_stats[0m[2m:[0m Prefill batch, #new-seq: 1, #new-token: 4096, #cached-token: 0, full token usage: 0.23, swa token usage: 0.03, #running-req: 1, #queue-req: 0, #pending-token: 108544, cuda graph: False, input throughput (token/s): 7746.45
[2m2026-09-30T22:54:42.817600Z[0m [32m INFO[0m [2mmetrics_reporter.report_prefill_stats[0m[2m:[0m Prefill batch, #new-seq: 1, #new-token: 4096, #cached-token: 0, full token usage: 0.23, swa token usage: 0.03, #running-req: 1, #queue-req: 0, #pending-token: 104448, cuda graph: False, input throughput (token/s): 7681.81
[2m2026-09-30T22:54:43.352514Z[0m [32m INFO[0m [2mmetrics_reporter.report_prefill_stats[0m[2m:[0m Prefill batch, #new-seq: 1, #new-token: 4096, #cached-token: 0, full token usage: 0.24, swa token usage: 0.03, #running-req: 1, #queue-req: 0, #pending-token: 100352, cuda graph: False, input throughput (token/s): 7657.33
[2m2026-09-30T22:54:43.894229Z[0m [32m INFO[0m [2mmetrics_reporter.report_prefill_stats[0m[2m:[0m Prefill batch, #new-seq: 1, #new-token: 4096, #cached-token: 0, full token usage: 0.24, swa token usage: 0.03, #running-req: 1, #queue-req: 0, #pending-token: 96256, cuda graph: False, input throughput (token/s): 7561.15
[2m2026-09-30T22:54:44.440940Z[0m [32m INFO[0m [2mmetrics_reporter.report_prefill_stats[0m[2m:[0m Prefill batch, #new-seq: 1, #new-token: 4096, #cached-token: 0, full token usage: 0.24, swa token usage: 0.03, #running-req: 1, #queue-req: 0, #pending-token: 92160, cuda graph: False, input throughput (token/s): 7492.03
[2m2026-09-30T22:54:44.988914Z[0m [32m INFO[0m [2mmetrics_reporter.report_prefill_stats[0m[2m:[0m Prefill batch, #new-seq: 1, #new-token: 4096, #cached-token: 0, full token usage: 0.24, swa token usage: 0.03, #running-req: 1, #queue-req: 0, #pending-token: 88064, cuda graph: False, input throughput (token/s): 7475.32
[2m2026-09-30T22:54:45.540909Z[0m [32m INFO[0m [2mmetrics_reporter.report_prefill_stats[0m[2m:[0m Prefill batch, #new-seq: 1, #new-token: 4096, #cached-token: 0, full token usage: 0.25, swa token usage: 0.03, #running-req: 1, #queue-req: 0, #pending-token: 83968, cuda graph: False, input throughput (token/s): 7419.98
[2m2026-09-30T22:54:46.098576Z[0m [32m INFO[0m [2mmetrics_reporter.report_prefill_stats[0m[2m:[0m Prefill batch, #new-seq: 1, #new-token: 4096, #cached-token: 0, full token usage: 0.25, swa token usage: 0.03, #running-req: 1, #queue-req: 0, #pending-token: 79872, cuda graph: False, input throughput (token/s): 7344.79
[2m2026-09-30T22:54:46.659548Z[0m [32m INFO[0m [2mmetrics_reporter.report_prefill_stats[0m[2m:[0m Prefill batch, #new-seq: 1, #new-token: 4096, #cached-token: 0, full token usage: 0.25, swa token usage: 0.03, #running-req: 1, #queue-req: 0, #pending-token: 75776, cuda graph: False, input throughput (token/s): 7301.61
[2m2026-09-30T22:54:47.229235Z[0m [32m INFO[0m [2mmetrics_reporter.report_prefill_stats[0m[2m:[0m Prefill batch, #new-seq: 1, #new-token: 4096, #cached-token: 0, full token usage: 0.25, swa token usage: 0.03, #running-req: 1, #queue-req: 0, #pending-token: 71680, cuda graph: False, input throughput (token/s): 7189.93
[2m2026-09-30T22:54:47.801472Z[0m [32m INFO[0m [2mmetrics_reporter.report_prefill_stats[0m[2m:[0m Prefill batch, #new-seq: 1, #new-token: 4096, #cached-token: 0, full token usage: 0.25, swa token usage: 0.03, #running-req: 1, #queue-req: 0, #pending-token: 67584, cuda graph: False, input throughput (token/s): 7157.89
[2m2026-09-30T22:54:48.375411Z[0m [32m INFO[0m [2mmetrics_reporter.report_prefill_stats[0m[2m:[0m Prefill batch, #new-seq: 1, #new-token: 4096, #cached-token: 0, full token usage: 0.26, swa token usage: 0.03, #running-req: 1, #queue-req: 0, #pending-token: 63488, cuda graph: False, input throughput (token/s): 7136.86
[2m2026-09-30T22:54:48.959562Z[0m [32m INFO[0m [2mmetrics_reporter.report_prefill_stats[0m[2m:[0m Prefill batch, #new-seq: 1, #new-token: 4096, #cached-token: 0, full token usage: 0.26, swa token usage: 0.03, #running-req: 1, #queue-req: 0, #pending-token: 59392, cuda graph: False, input throughput (token/s): 7011.61
[2m2026-09-30T22:54:49.544212Z[0m [32m INFO[0m [2mmetrics_reporter.report_prefill_stats[0m[2m:[0m Prefill batch, #new-seq: 1, #new-token: 4096, #cached-token: 0, full token usage: 0.26, swa token usage: 0.03, #running-req: 1, #queue-req: 0, #pending-token: 55296, cuda graph: False, input throughput (token/s): 7005.95
[2m2026-09-30T22:54:50.133539Z[0m [32m INFO[0m [2mmetrics_reporter.report_prefill_stats[0m[2m:[0m Prefill batch, #new-seq: 1, #new-token: 4096, #cached-token: 0, full token usage: 0.26, swa token usage: 0.03, #running-req: 1, #queue-req: 0, #pending-token: 51200, cuda graph: False, input throughput (token/s): 6950.26
[2m2026-09-30T22:54:50.729692Z[0m [32m INFO[0m [2mmetrics_reporter.report_prefill_stats[0m[2m:[0m Prefill batch, #new-seq: 1, #new-token: 4096, #cached-token: 0, full token usage: 0.27, swa token usage: 0.03, #running-req: 1, #queue-req: 0, #pending-token: 47104, cuda graph: False, input throughput (token/s): 6870.81
[2m2026-09-30T22:54:51.330652Z[0m [32m INFO[0m [2mmetrics_reporter.report_prefill_stats[0m[2m:[0m Prefill batch, #new-seq: 1, #new-token: 4096, #cached-token: 0, full token usage: 0.27, swa token usage: 0.03, #running-req: 1, #queue-req: 0, #pending-token: 43008, cuda graph: False, input throughput (token/s): 6815.68
[2m2026-09-30T22:54:51.936105Z[0m [32m INFO[0m [2mmetrics_reporter.report_prefill_stats[0m[2m:[0m Prefill batch, #new-seq: 1, #new-token: 4096, #cached-token: 0, full token usage: 0.27, swa token usage: 0.03, #running-req: 1, #queue-req: 0, #pending-token: 38912, cuda graph: False, input throughput (token/s): 6765.15
[2m2026-09-30T22:54:52.539769Z[0m [32m INFO[0m [2mmetrics_reporter.report_prefill_stats[0m[2m:[0m Prefill batch, #new-seq: 1, #new-token: 4096, #cached-token: 0, full token usage: 0.27, swa token usage: 0.03, #running-req: 1, #queue-req: 0, #pending-token: 34816, cuda graph: False, input throughput (token/s): 6785.27
[2m2026-09-30T22:54:53.150785Z[0m [32m INFO[0m [2mmetrics_reporter.report_prefill_stats[0m[2m:[0m Prefill batch, #new-seq: 1, #new-token: 4096, #cached-token: 0, full token usage: 0.28, swa token usage: 0.03, #running-req: 1, #queue-req: 0, #pending-token: 30720, cuda graph: False, input throughput (token/s): 6703.59
[2m2026-09-30T22:54:53.767635Z[0m [32m INFO[0m [2mmetrics_reporter.report_prefill_stats[0m[2m:[0m Prefill batch, #new-seq: 1, #new-token: 4096, #cached-token: 0, full token usage: 0.28, swa token usage: 0.03, #running-req: 1, #queue-req: 0, #pending-token: 26624, cuda graph: False, input throughput (token/s): 6640.24
[2m2026-09-30T22:54:54.394379Z[0m [32m INFO[0m [2mmetrics_reporter.report_prefill_stats[0m[2m:[0m Prefill batch, #new-seq: 1, #new-token: 4096, #cached-token: 0, full token usage: 0.28, swa token usage: 0.03, #running-req: 1, #queue-req: 0, #pending-token: 22528, cuda graph: False, input throughput (token/s): 6535.48
[2m2026-09-30T22:54:55.019081Z[0m [32m INFO[0m [2mmetrics_reporter.report_prefill_stats[0m[2m:[0m Prefill batch, #new-seq: 1, #new-token: 4096, #cached-token: 0, full token usage: 0.28, swa token usage: 0.03, #running-req: 1, #queue-req: 0, #pending-token: 18432, cuda graph: False, input throughput (token/s): 6556.62
[2m2026-09-30T22:54:55.642285Z[0m [32m INFO[0m [2mmetrics_reporter.report_prefill_stats[0m[2m:[0m Prefill batch, #new-seq: 1, #new-token: 4096, #cached-token: 0, full token usage: 0.28, swa token usage: 0.03, #running-req: 1, #queue-req: 0, #pending-token: 14336, cuda graph: False, input throughput (token/s): 6572.46
[2m2026-09-30T22:54:56.275618Z[0m [32m INFO[0m [2mmetrics_reporter.report_prefill_stats[0m[2m:[0m Prefill batch, #new-seq: 1, #new-token: 4096, #cached-token: 0, full token usage: 0.29, swa token usage: 0.03, #running-req: 1, #queue-req: 0, #pending-token: 10240, cuda graph: False, input throughput (token/s): 6467.34
[2m2026-09-30T22:54:56.912526Z[0m [32m INFO[0m [2mmetrics_reporter.report_prefill_stats[0m[2m:[0m Prefill batch, #new-seq: 1, #new-token: 4096, #cached-token: 0, full token usage: 0.29, swa token usage: 0.03, #running-req: 1, #queue-req: 0, #pending-token: 6144, cuda graph: False, input throughput (token/s): 6431.09
[2m2026-09-30T22:54:57.352409Z[0m [32m INFO[0m [2mmetrics_reporter.report_prefill_stats[0m[2m:[0m Prefill batch, #new-seq: 1, #new-token: 4096, #cached-token: 0, full token usage: 0.29, swa token usage: 0.02, #running-req: 1, #queue-req: 0, #pending-token: 2048, cuda graph: False, input throughput (token/s): 9312.30
[2m2026-09-30T22:54:57.483481Z[0m [32m INFO[0m [2mmetrics_reporter.report_prefill_stats[0m[2m:[0m Prefill batch, #new-seq: 1, #new-token: 2048, #cached-token: 0, full token usage: 0.29, swa token usage: 0.01, #running-req: 1, #queue-req: 0, #pending-token: 0, cuda graph: False, input throughput (token/s): 15623.18
[2m2026-09-30T22:54:57.553882Z[0m [32m INFO[0m [2mmetrics_reporter.report_decode_stats[0m[2m:[0m Decode batch, #running-req: 2, #full token: 512512, full token usage: 0.29, #swa token: 1024, swa token usage: 0.01, cuda graph: True, gen throughput (token/s): 1.76, #queue-req: 0
[2m2026-09-30T22:54:58.086291Z[0m [32m INFO[0m [2mmetrics_reporter.report_decode_stats[0m[2m:[0m Decode batch, #running-req: 2, #full token: 512512, full token usage: 0.29, #swa token: 1024, swa token usage: 0.01, cuda graph: True, gen throughput (token/s): 150.27, #queue-req: 0
[2m2026-09-30T22:54:58.303380Z[0m [32m INFO[0m [1mhandle_payload[0m: [2mdynamo_runtime::pipeline::network::ingress::push_handler[0m[2m:[0m request completed [3mrequest_id[0m[2m=[0m91dbec79-b72c-4168-968d-a2a06b8fe12a [2m[3mrequest_id[0m[2m=[0m"91dbec79-b72c-4168-968d-a2a06b8fe12a" [3mcomponent[0m[2m=[0m"backend" [3mendpoint[0m[2m=[0m"generate" [3mnamespace[0m[2m=[0m"deepseek-v4-pro" [3minstance_id[0m[2m=[0m7668681235357845770[0m
[2m2026-09-30T22:54:58.609585Z[0m [32m INFO[0m [2mmetrics_reporter.report_decode_stats[0m[2m:[0m Decode batch, #running-req: 1, #full token: 256256, full token usage: 0.15, #swa token: 512, swa token usage: 0.00, cuda graph: True, gen throughput (token/s): 107.01, #queue-req: 0
[2m2026-09-30T22:54:59.118332Z[0m [32m INFO[0m [2mmetrics_reporter.report_decode_stats[0m[2m:[0m Decode batch, #running-req: 1, #full token: 256256, full token usage: 0.15, #swa token: 512, swa token usage: 0.00, cuda graph: True, gen throughput (token/s): 78.62, #queue-req: 0
[2m2026-09-30T22:54:59.627185Z[0m [32m INFO[0m [2mmetrics_reporter.report_decode_stats[0m[2m:[0m Decode batch, #running-req: 1, #full token: 256256, full token usage: 0.15, #swa token: 512, swa token usage: 0.00, cuda graph: True, gen throughput (token/s): 78.61, #queue-req: 0
[2m2026-09-30T22:55:00.135920Z[0m [32m INFO[0m [2mmetrics_reporter.report_decode_stats[0m[2m:[0m Decode batch, #running-req: 1, #full token: 256256, full token usage: 0.15, #swa token: 512, swa token usage: 0.00, cuda graph: True, gen throughput (token/s): 78.63, #queue-req: 0
[2m2026-09-30T22:55:00.644721Z[0m [32m INFO[0m [2mmetrics_reporter.report_decode_stats[0m[2m:[0m Decode batch, #running-req: 1, #full token: 256256, full token usage: 0.15, #swa token: 512, swa token usage: 0.00, cuda graph: True, gen throughput (token/s): 78.62, #queue-req: 0
[2m2026-09-30T22:55:00.776856Z[0m [32m INFO[0m [1mhandle_payload[0m: [2mdynamo_runtime::pipeline::network::ingress::push_handler[0m[2m:[0m request completed [3mrequest_id[0m[2m=[0m6af7c1d6-01c3-48d7-aac3-be13fed5b8c9 [2m[3mrequest_id[0m[2m=[0m"6af7c1d6-01c3-48d7-aac3-be13fed5b8c9" [3mcomponent[0m[2m=[0m"backend" [3mendpoint[0m[2m=[0m"generate" [3mnamespace[0m[2m=[0m"deepseek-v4-pro" [3minstance_id[0m[2m=[0m7668681235357845770[0m
[2m2026-09-30T22:55:01.242344Z[0m [32m INFO[0m [1mhandle_payload[0m: [2mdynamo_runtime::pipeline::network::ingress::push_handler[0m[2m:[0m request received [3mrequest_id[0m[2m=[0m82768010-d2c8-4294-9278-aad6381c3c83 [2m[3mrequest_id[0m[2m=[0m"82768010-d2c8-4294-9278-aad6381c3c83" [3mcomponent[0m[2m=[0m"backend" [3mendpoint[0m[2m=[0m"generate" [3mnamespace[0m[2m=[0m"deepseek-v4-pro" [3minstance_id[0m[2m=[0m7668681235357845770[0m
[2m2026-09-30T22:55:01.535790Z[0m [32m INFO[0m [2mmetrics_reporter.report_prefill_stats[0m[2m:[0m Prefill batch, #new-seq: 1, #new-token: 256, #cached-token: 256000, full token usage: 0.15, swa token usage: 0.00, #running-req: 0, #queue-req: 0, #pending-token: 0, cuda graph: False, input throughput (token/s): 63.17
[2m2026-09-30T22:55:01.910200Z[0m [32m INFO[0m [2mmetrics_reporter.report_decode_stats[0m[2m:[0m Decode batch, #running-req: 1, #full token: 256256, full token usage: 0.15, #swa token: 512, swa token usage: 0.00, cuda graph: True, gen throughput (token/s): 31.61, #queue-req: 0
[2m2026-09-30T22:55:02.418850Z[0m [32m INFO[0m [2mmetrics_reporter.report_decode_stats[0m[2m:[0m Decode batch, #running-req: 1, #full token: 256256, full token usage: 0.15, #swa token: 512, swa token usage: 0.00, cuda graph: True, gen throughput (token/s): 78.64, #queue-req: 0
[2m2026-09-30T22:55:02.765531Z[0m [32m INFO[0m [1mhandle_payload[0m: [2mdynamo_runtime::pipeline::network::ingress::push_handler[0m[2m:[0m request completed [3mrequest_id[0m[2m=[0m82768010-d2c8-4294-9278-aad6381c3c83 [2m[3mrequest_id[0m[2m=[0m"82768010-d2c8-4294-9278-aad6381c3c83" [3mcomponent[0m[2m=[0m"backend" [3mendpoint[0m[2m=[0m"generate" [3mnamespace[0m[2m=[0m"deepseek-v4-pro" [3minstance_id[0m[2m=[0m7668681235357845770[0m
[2m2026-09-30T22:55:02.784979Z[0m [32m INFO[0m [1mhandle_payload[0m: [2mdynamo_runtime::pipeline::network::ingress::push_handler[0m[2m:[0m request received [3mrequest_id[0m[2m=[0m6b0aa249-a0cc-4d09-aa97-7a90dc34d247 [2m[3mrequest_id[0m[2m=[0m"6b0aa249-a0cc-4d09-aa97-7a90dc34d247" [3mcomponent[0m[2m=[0m"backend" [3mendpoint[0m[2m=[0m"generate" [3mnamespace[0m[2m=[0m"deepseek-v4-pro" [3minstance_id[0m[2m=[0m7668681235357845770[0m
[2m2026-09-30T22:55:03.076371Z[0m [32m INFO[0m [2mmetrics_reporter.report_prefill_stats[0m[2m:[0m Prefill batch, #new-seq: 1, #new-token: 256, #cached-token: 256000, full token usage: 0.15, swa token usage: 0.00, #running-req: 0, #queue-req: 0, #pending-token: 0, cuda graph: False, input throughput (token/s): 166.17
[2m2026-09-30T22:55:03.231896Z[0m [32m INFO[0m [2mmetrics_reporter.report_decode_stats[0m[2m:[0m Decode batch, #running-req: 1, #full token: 256256, full token usage: 0.15, #swa token: 512, swa token usage: 0.00, cuda graph: True, gen throughput (token/s): 49.20, #queue-req: 0
[2m2026-09-30T22:55:03.740597Z[0m [32m INFO[0m [2mmetrics_reporter.report_decode_stats[0m[2m:[0m Decode batch, #running-req: 1, #full token: 256256, full token usage: 0.15, #swa token: 512, swa token usage: 0.00, cuda graph: True, gen throughput (token/s): 78.63, #queue-req: 0
[2m2026-09-30T22:55:03.909686Z[0m [32m INFO[0m [1mhandle_payload[0m: [2mdynamo_runtime::pipeline::network::ingress::push_handler[0m[2m:[0m request completed [3mrequest_id[0m[2m=[0m6b0aa249-a0cc-4d09-aa97-7a90dc34d247 [2m[3mrequest_id[0m[2m=[0m"6b0aa249-a0cc-4d09-aa97-7a90dc34d247" [3mcomponent[0m[2m=[0m"backend" [3mendpoint[0m[2m=[0m"generate" [3mnamespace[0m[2m=[0m"deepseek-v4-pro" [3minstance_id[0m[2m=[0m7668681235357845770[0m
