[2m2026-09-30T22:50:35.253605Z[0m [32m INFO[0m [2mmhc.prewarm_mhc_pre[0m[2m:[0m DeepSeek V4 MHC prenorm prewarm: 21 n_splits buckets
[2m2026-09-30T22:50:35.476653Z[0m [32m INFO[0m [2mmhc.prewarm_mhc_pre[0m[2m:[0m DeepSeek V4 MHC prenorm prewarm: 21 n_splits buckets
[2m2026-09-30T22:50:35.820766Z[0m [32m INFO[0m [2mmhc.prewarm_mhc_pre[0m[2m:[0m DeepSeek V4 MHC prenorm prewarm: 21 n_splits buckets
[2m2026-09-30T22:50:36.315969Z[0m [32m INFO[0m [2mmhc.prewarm_mhc_pre[0m[2m:[0m DeepSeek V4 MHC prenorm prewarm: 21 n_splits buckets
[2m2026-09-30T22:50:36.854571Z[0m [31mERROR[0m [2mtower_http::trace::on_failure[0m[2m:[0m response failed [3mclassification[0m[2m=[0mStatus code: 503 Service Unavailable [3mlatency[0m[2m=[0m0 ms
[2m2026-09-30T22:50:37.075092Z[0m [32m INFO[0m [2mmhc.prewarm_mhc_pre[0m[2m:[0m DeepSeek V4 MHC prenorm prewarm: 21 n_splits buckets
[2m2026-09-30T22:50:37.855773Z[0m [32m INFO[0m [2mmhc.prewarm_mhc_pre[0m[2m:[0m DeepSeek V4 MHC prenorm prewarm: 21 n_splits buckets
[2m2026-09-30T22:50:37.917601Z[0m [32m INFO[0m [2mmhc.prewarm_mhc_pre[0m[2m:[0m DeepSeek V4 MHC prenorm prewarm: 21 n_splits buckets
[2m2026-09-30T22:50:38.425964Z[0m [32m INFO[0m [2mmhc.prewarm_mhc_pre[0m[2m:[0m DeepSeek V4 MHC prenorm prewarm: 21 n_splits buckets
[2m2026-09-30T22:50:40.723440Z[0m [32m INFO[0m [2mdeepseek_v4._prewarm_mhc_pre_kernels[0m[2m:[0m DeepSeek V4 MHC prenorm prewarm at load: compile 2.3s, rank sync +0.0s
[2m2026-09-30T22:50:40.723610Z[0m [32m INFO[0m [2mdeepseek_v4._prewarm_mhc_pre_kernels[0m[2m:[0m DeepSeek V4 MHC prenorm prewarm at load: compile 2.4s, rank sync +2.5s
[2m2026-09-30T22:50:40.723610Z[0m [32m INFO[0m [2mdeepseek_v4._prewarm_mhc_pre_kernels[0m[2m:[0m DeepSeek V4 MHC prenorm prewarm at load: compile 2.4s, rank sync +2.0s
[2m2026-09-30T22:50:40.723617Z[0m [32m INFO[0m [2mdeepseek_v4._prewarm_mhc_pre_kernels[0m[2m:[0m DeepSeek V4 MHC prenorm prewarm at load: compile 2.3s, rank sync +0.5s
[2m2026-09-30T22:50:40.723714Z[0m [32m INFO[0m [2mdeepseek_v4._prewarm_mhc_pre_kernels[0m[2m:[0m DeepSeek V4 MHC prenorm prewarm at load: compile 2.5s, rank sync +3.0s
[2m2026-09-30T22:50:40.723718Z[0m [32m INFO[0m [2mdeepseek_v4._prewarm_mhc_pre_kernels[0m[2m:[0m DeepSeek V4 MHC prenorm prewarm at load: compile 2.4s, rank sync +1.2s
[2m2026-09-30T22:50:40.723717Z[0m [32m INFO[0m [2mdeepseek_v4._prewarm_mhc_pre_kernels[0m[2m:[0m DeepSeek V4 MHC prenorm prewarm at load: compile 2.5s, rank sync +2.7s
[2m2026-09-30T22:50:40.723846Z[0m [32m INFO[0m [2mdeepseek_v4._prewarm_mhc_pre_kernels[0m[2m:[0m DeepSeek V4 MHC prenorm prewarm at load: compile 2.3s, rank sync +0.6s
[2m2026-09-30T22:50:40.992643Z[0m [32m INFO[0m [2mcommon.log_info_on_rank0[0m[2m:[0m Preparing MXFP4 experts for Marlin backend (layer: model.layers.0.mlp.experts)...
[2m2026-09-30T22:50:41.142042Z[0m [32m INFO[0m [2mcommon.log_info_on_rank0[0m[2m:[0m Preparing MXFP4 experts for Marlin backend (layer: model.layers.1.mlp.experts)...
[2m2026-09-30T22:50:41.229515Z[0m [32m INFO[0m [2mcommon.log_info_on_rank0[0m[2m:[0m Preparing MXFP4 experts for Marlin backend (layer: model.layers.2.mlp.experts)...
[2m2026-09-30T22:50:41.312539Z[0m [32m INFO[0m [2mcommon.log_info_on_rank0[0m[2m:[0m Preparing MXFP4 experts for Marlin backend (layer: model.layers.3.mlp.experts)...
[2m2026-09-30T22:50:41.397373Z[0m [32m INFO[0m [2mcommon.log_info_on_rank0[0m[2m:[0m Preparing MXFP4 experts for Marlin backend (layer: model.layers.4.mlp.experts)...
[2m2026-09-30T22:50:41.482601Z[0m [32m INFO[0m [2mcommon.log_info_on_rank0[0m[2m:[0m Preparing MXFP4 experts for Marlin backend (layer: model.layers.5.mlp.experts)...
[2m2026-09-30T22:50:41.566378Z[0m [32m INFO[0m [2mcommon.log_info_on_rank0[0m[2m:[0m Preparing MXFP4 experts for Marlin backend (layer: model.layers.6.mlp.experts)...
[2m2026-09-30T22:50:41.651424Z[0m [32m INFO[0m [2mcommon.log_info_on_rank0[0m[2m:[0m Preparing MXFP4 experts for Marlin backend (layer: model.layers.7.mlp.experts)...
[2m2026-09-30T22:50:41.733280Z[0m [32m INFO[0m [2mcommon.log_info_on_rank0[0m[2m:[0m Preparing MXFP4 experts for Marlin backend (layer: model.layers.8.mlp.experts)...
[2m2026-09-30T22:50:41.816326Z[0m [32m INFO[0m [2mcommon.log_info_on_rank0[0m[2m:[0m Preparing MXFP4 experts for Marlin backend (layer: model.layers.9.mlp.experts)...
[2m2026-09-30T22:50:41.899563Z[0m [32m INFO[0m [2mcommon.log_info_on_rank0[0m[2m:[0m Preparing MXFP4 experts for Marlin backend (layer: model.layers.10.mlp.experts)...
[2m2026-09-30T22:50:41.982286Z[0m [32m INFO[0m [2mcommon.log_info_on_rank0[0m[2m:[0m Preparing MXFP4 experts for Marlin backend (layer: model.layers.11.mlp.experts)...
[2m2026-09-30T22:50:42.066820Z[0m [32m INFO[0m [2mcommon.log_info_on_rank0[0m[2m:[0m Preparing MXFP4 experts for Marlin backend (layer: model.layers.12.mlp.experts)...
[2m2026-09-30T22:50:42.151039Z[0m [32m INFO[0m [2mcommon.log_info_on_rank0[0m[2m:[0m Preparing MXFP4 experts for Marlin backend (layer: model.layers.13.mlp.experts)...
[2m2026-09-30T22:50:42.233803Z[0m [32m INFO[0m [2mcommon.log_info_on_rank0[0m[2m:[0m Preparing MXFP4 experts for Marlin backend (layer: model.layers.14.mlp.experts)...
[2m2026-09-30T22:50:42.317990Z[0m [32m INFO[0m [2mcommon.log_info_on_rank0[0m[2m:[0m Preparing MXFP4 experts for Marlin backend (layer: model.layers.15.mlp.experts)...
[2m2026-09-30T22:50:42.403347Z[0m [32m INFO[0m [2mcommon.log_info_on_rank0[0m[2m:[0m Preparing MXFP4 experts for Marlin backend (layer: model.layers.16.mlp.experts)...
[2m2026-09-30T22:50:42.485143Z[0m [32m INFO[0m [2mcommon.log_info_on_rank0[0m[2m:[0m Preparing MXFP4 experts for Marlin backend (layer: model.layers.17.mlp.experts)...
[2m2026-09-30T22:50:42.568145Z[0m [32m INFO[0m [2mcommon.log_info_on_rank0[0m[2m:[0m Preparing MXFP4 experts for Marlin backend (layer: model.layers.18.mlp.experts)...
[2m2026-09-30T22:50:42.652790Z[0m [32m INFO[0m [2mcommon.log_info_on_rank0[0m[2m:[0m Preparing MXFP4 experts for Marlin backend (layer: model.layers.19.mlp.experts)...
[2m2026-09-30T22:50:42.735656Z[0m [32m INFO[0m [2mcommon.log_info_on_rank0[0m[2m:[0m Preparing MXFP4 experts for Marlin backend (layer: model.layers.20.mlp.experts)...
[2m2026-09-30T22:50:42.819302Z[0m [32m INFO[0m [2mcommon.log_info_on_rank0[0m[2m:[0m Preparing MXFP4 experts for Marlin backend (layer: model.layers.21.mlp.experts)...
[2m2026-09-30T22:50:42.903134Z[0m [32m INFO[0m [2mcommon.log_info_on_rank0[0m[2m:[0m Preparing MXFP4 experts for Marlin backend (layer: model.layers.22.mlp.experts)...
[2m2026-09-30T22:50:42.987243Z[0m [32m INFO[0m [2mcommon.log_info_on_rank0[0m[2m:[0m Preparing MXFP4 experts for Marlin backend (layer: model.layers.23.mlp.experts)...
[2m2026-09-30T22:50:43.068901Z[0m [32m INFO[0m [2mcommon.log_info_on_rank0[0m[2m:[0m Preparing MXFP4 experts for Marlin backend (layer: model.layers.24.mlp.experts)...
[2m2026-09-30T22:50:43.152336Z[0m [32m INFO[0m [2mcommon.log_info_on_rank0[0m[2m:[0m Preparing MXFP4 experts for Marlin backend (layer: model.layers.25.mlp.experts)...
[2m2026-09-30T22:50:43.235163Z[0m [32m INFO[0m [2mcommon.log_info_on_rank0[0m[2m:[0m Preparing MXFP4 experts for Marlin backend (layer: model.layers.26.mlp.experts)...
[2m2026-09-30T22:50:43.318782Z[0m [32m INFO[0m [2mcommon.log_info_on_rank0[0m[2m:[0m Preparing MXFP4 experts for Marlin backend (layer: model.layers.27.mlp.experts)...
[2m2026-09-30T22:50:43.403155Z[0m [32m INFO[0m [2mcommon.log_info_on_rank0[0m[2m:[0m Preparing MXFP4 experts for Marlin backend (layer: model.layers.28.mlp.experts)...
[2m2026-09-30T22:50:43.484744Z[0m [32m INFO[0m [2mcommon.log_info_on_rank0[0m[2m:[0m Preparing MXFP4 experts for Marlin backend (layer: model.layers.29.mlp.experts)...
[2m2026-09-30T22:50:43.567652Z[0m [32m INFO[0m [2mcommon.log_info_on_rank0[0m[2m:[0m Preparing MXFP4 experts for Marlin backend (layer: model.layers.30.mlp.experts)...
[2m2026-09-30T22:50:43.651992Z[0m [32m INFO[0m [2mcommon.log_info_on_rank0[0m[2m:[0m Preparing MXFP4 experts for Marlin backend (layer: model.layers.31.mlp.experts)...
[2m2026-09-30T22:50:43.735683Z[0m [32m INFO[0m [2mcommon.log_info_on_rank0[0m[2m:[0m Preparing MXFP4 experts for Marlin backend (layer: model.layers.32.mlp.experts)...
[2m2026-09-30T22:50:43.819734Z[0m [32m INFO[0m [2mcommon.log_info_on_rank0[0m[2m:[0m Preparing MXFP4 experts for Marlin backend (layer: model.layers.33.mlp.experts)...
[2m2026-09-30T22:50:43.904384Z[0m [32m INFO[0m [2mcommon.log_info_on_rank0[0m[2m:[0m Preparing MXFP4 experts for Marlin backend (layer: model.layers.34.mlp.experts)...
[2m2026-09-30T22:50:43.986917Z[0m [32m INFO[0m [2mcommon.log_info_on_rank0[0m[2m:[0m Preparing MXFP4 experts for Marlin backend (layer: model.layers.35.mlp.experts)...
[2m2026-09-30T22:50:44.070908Z[0m [32m INFO[0m [2mcommon.log_info_on_rank0[0m[2m:[0m Preparing MXFP4 experts for Marlin backend (layer: model.layers.36.mlp.experts)...
[2m2026-09-30T22:50:44.153454Z[0m [32m INFO[0m [2mcommon.log_info_on_rank0[0m[2m:[0m Preparing MXFP4 experts for Marlin backend (layer: model.layers.37.mlp.experts)...
[2m2026-09-30T22:50:44.237315Z[0m [32m INFO[0m [2mcommon.log_info_on_rank0[0m[2m:[0m Preparing MXFP4 experts for Marlin backend (layer: model.layers.38.mlp.experts)...
[2m2026-09-30T22:50:44.322928Z[0m [32m INFO[0m [2mcommon.log_info_on_rank0[0m[2m:[0m Preparing MXFP4 experts for Marlin backend (layer: model.layers.39.mlp.experts)...
[2m2026-09-30T22:50:44.407236Z[0m [32m INFO[0m [2mcommon.log_info_on_rank0[0m[2m:[0m Preparing MXFP4 experts for Marlin backend (layer: model.layers.40.mlp.experts)...
[2m2026-09-30T22:50:44.494114Z[0m [32m INFO[0m [2mcommon.log_info_on_rank0[0m[2m:[0m Preparing MXFP4 experts for Marlin backend (layer: model.layers.41.mlp.experts)...
[2m2026-09-30T22:50:44.580663Z[0m [32m INFO[0m [2mcommon.log_info_on_rank0[0m[2m:[0m Preparing MXFP4 experts for Marlin backend (layer: model.layers.42.mlp.experts)...
[2m2026-09-30T22:50:44.665791Z[0m [32m INFO[0m [2mcommon.log_info_on_rank0[0m[2m:[0m Preparing MXFP4 experts for Marlin backend (layer: model.layers.43.mlp.experts)...
[2m2026-09-30T22:50:44.748883Z[0m [32m INFO[0m [2mcommon.log_info_on_rank0[0m[2m:[0m Preparing MXFP4 experts for Marlin backend (layer: model.layers.44.mlp.experts)...
[2m2026-09-30T22:50:44.832412Z[0m [32m INFO[0m [2mcommon.log_info_on_rank0[0m[2m:[0m Preparing MXFP4 experts for Marlin backend (layer: model.layers.45.mlp.experts)...
[2m2026-09-30T22:50:44.916170Z[0m [32m INFO[0m [2mcommon.log_info_on_rank0[0m[2m:[0m Preparing MXFP4 experts for Marlin backend (layer: model.layers.46.mlp.experts)...
[2m2026-09-30T22:50:45.001437Z[0m [32m INFO[0m [2mcommon.log_info_on_rank0[0m[2m:[0m Preparing MXFP4 experts for Marlin backend (layer: model.layers.47.mlp.experts)...
[2m2026-09-30T22:50:45.085006Z[0m [32m INFO[0m [2mcommon.log_info_on_rank0[0m[2m:[0m Preparing MXFP4 experts for Marlin backend (layer: model.layers.48.mlp.experts)...
[2m2026-09-30T22:50:45.167395Z[0m [32m INFO[0m [2mcommon.log_info_on_rank0[0m[2m:[0m Preparing MXFP4 experts for Marlin backend (layer: model.layers.49.mlp.experts)...
[2m2026-09-30T22:50:45.251343Z[0m [32m INFO[0m [2mcommon.log_info_on_rank0[0m[2m:[0m Preparing MXFP4 experts for Marlin backend (layer: model.layers.50.mlp.experts)...
[2m2026-09-30T22:50:45.333912Z[0m [32m INFO[0m [2mcommon.log_info_on_rank0[0m[2m:[0m Preparing MXFP4 experts for Marlin backend (layer: model.layers.51.mlp.experts)...
[2m2026-09-30T22:50:45.417238Z[0m [32m INFO[0m [2mcommon.log_info_on_rank0[0m[2m:[0m Preparing MXFP4 experts for Marlin backend (layer: model.layers.52.mlp.experts)...
[2m2026-09-30T22:50:45.500219Z[0m [32m INFO[0m [2mcommon.log_info_on_rank0[0m[2m:[0m Preparing MXFP4 experts for Marlin backend (layer: model.layers.53.mlp.experts)...
[2m2026-09-30T22:50:45.583837Z[0m [32m INFO[0m [2mcommon.log_info_on_rank0[0m[2m:[0m Preparing MXFP4 experts for Marlin backend (layer: model.layers.54.mlp.experts)...
[2m2026-09-30T22:50:45.667601Z[0m [32m INFO[0m [2mcommon.log_info_on_rank0[0m[2m:[0m Preparing MXFP4 experts for Marlin backend (layer: model.layers.55.mlp.experts)...
[2m2026-09-30T22:50:45.750734Z[0m [32m INFO[0m [2mcommon.log_info_on_rank0[0m[2m:[0m Preparing MXFP4 experts for Marlin backend (layer: model.layers.56.mlp.experts)...
[2m2026-09-30T22:50:45.835345Z[0m [32m INFO[0m [2mcommon.log_info_on_rank0[0m[2m:[0m Preparing MXFP4 experts for Marlin backend (layer: model.layers.57.mlp.experts)...
[2m2026-09-30T22:50:45.920548Z[0m [32m INFO[0m [2mcommon.log_info_on_rank0[0m[2m:[0m Preparing MXFP4 experts for Marlin backend (layer: model.layers.58.mlp.experts)...
[2m2026-09-30T22:50:45.933317Z[0m [33m WARN[0m [2mload_model_utils.load_kv_cache_scales[0m[2m:[0m Using FP8 KV cache but no scaling factors provided. Defaulting to scaling factors of 1.0. This may lead to less accurate results!
[2m2026-09-30T22:50:45.955194Z[0m [32m INFO[0m [2mmodel_runner.load_model[0m[2m:[0m Load weight end. elapsed=94.19 s, type=DeepseekV4ForCausalLM, quant=fp8, fmt=e4m3, avail mem=34.70 GB, mem usage=103.19 GB.
[2m2026-09-30T22:50:46.003641Z[0m [32m INFO[0m [2mcommon.log_info_on_rank0[0m[2m:[0m Preparing MXFP4 experts for Marlin backend (layer: model.layers.59.mlp.experts)...
[2m2026-09-30T22:50:46.028988Z[0m [33m WARN[0m [2mload_model_utils.load_kv_cache_scales[0m[2m:[0m Using FP8 KV cache but no scaling factors provided. Defaulting to scaling factors of 1.0. This may lead to less accurate results!
[2m2026-09-30T22:50:46.087037Z[0m [32m INFO[0m [2mcommon.log_info_on_rank0[0m[2m:[0m Preparing MXFP4 experts for Marlin backend (layer: model.layers.60.mlp.experts)...
[2m2026-09-30T22:50:46.177573Z[0m [33m WARN[0m [2mload_model_utils.load_kv_cache_scales[0m[2m:[0m Using FP8 KV cache but no scaling factors provided. Defaulting to scaling factors of 1.0. This may lead to less accurate results!
[2m2026-09-30T22:50:46.205777Z[0m [32m INFO[0m [2mmodel_runner.load_model[0m[2m:[0m Load weight end. elapsed=94.42 s, type=DeepseekV4ForCausalLM, quant=fp8, fmt=e4m3, avail mem=34.70 GB, mem usage=103.19 GB.
[2m2026-09-30T22:50:46.206399Z[0m [32m INFO[0m [2mmodel_runner.load_model[0m[2m:[0m Load weight end. elapsed=94.52 s, type=DeepseekV4ForCausalLM, quant=fp8, fmt=e4m3, avail mem=34.75 GB, mem usage=103.19 GB.
[2m2026-09-30T22:50:46.206403Z[0m [33m WARN[0m [2mload_model_utils.load_kv_cache_scales[0m[2m:[0m Using FP8 KV cache but no scaling factors provided. Defaulting to scaling factors of 1.0. This may lead to less accurate results!
[2m2026-09-30T22:50:46.216135Z[0m [32m INFO[0m [2mmodel_runner.load_model[0m[2m:[0m Load weight end. elapsed=94.46 s, type=DeepseekV4ForCausalLM, quant=fp8, fmt=e4m3, avail mem=34.70 GB, mem usage=103.19 GB.
[2m2026-09-30T22:50:46.233115Z[0m [33m WARN[0m [2mload_model_utils.load_kv_cache_scales[0m[2m:[0m Using FP8 KV cache but no scaling factors provided. Defaulting to scaling factors of 1.0. This may lead to less accurate results!
[2m2026-09-30T22:50:46.243037Z[0m [32m INFO[0m [2mmodel_runner.load_model[0m[2m:[0m Load weight end. elapsed=94.57 s, type=DeepseekV4ForCausalLM, quant=fp8, fmt=e4m3, avail mem=34.70 GB, mem usage=103.19 GB.
[2m2026-09-30T22:50:46.262869Z[0m [33m WARN[0m [2mload_model_utils.load_kv_cache_scales[0m[2m:[0m Using FP8 KV cache but no scaling factors provided. Defaulting to scaling factors of 1.0. This may lead to less accurate results!
[2m2026-09-30T22:50:46.276271Z[0m [32m INFO[0m [2mmodel_runner.load_model[0m[2m:[0m Load weight end. elapsed=94.52 s, type=DeepseekV4ForCausalLM, quant=fp8, fmt=e4m3, avail mem=34.70 GB, mem usage=103.19 GB.
[2m2026-09-30T22:50:46.332921Z[0m [33m WARN[0m [2mload_model_utils.load_kv_cache_scales[0m[2m:[0m Using FP8 KV cache but no scaling factors provided. Defaulting to scaling factors of 1.0. This may lead to less accurate results!
[2m2026-09-30T22:50:46.342533Z[0m [32m INFO[0m [2mmodel_runner.load_model[0m[2m:[0m Load weight end. elapsed=94.66 s, type=DeepseekV4ForCausalLM, quant=fp8, fmt=e4m3, avail mem=34.70 GB, mem usage=103.19 GB.
[2m2026-09-30T22:50:46.463984Z[0m [33m WARN[0m [2mload_model_utils.load_kv_cache_scales[0m[2m:[0m Using FP8 KV cache but no scaling factors provided. Defaulting to scaling factors of 1.0. This may lead to less accurate results!
[2m2026-09-30T22:50:46.472871Z[0m [32m INFO[0m [2mmodel_runner.load_model[0m[2m:[0m Load weight end. elapsed=94.79 s, type=DeepseekV4ForCausalLM, quant=fp8, fmt=e4m3, avail mem=34.94 GB, mem usage=103.19 GB.
[2m2026-09-30T22:50:48.426835Z[0m [33m WARN[0m [2mtokenizer._resolve_tokenizers_backend[0m[2m:[0m Tokenizer for /model is still TokenizersBackend after retries with --trust-remote-code. Model-specific tokenizer attributes may be missing.
[2m2026-09-30T22:50:48.449307Z[0m [33m WARN[0m [2mtokenizer._resolve_tokenizers_backend[0m[2m:[0m Tokenizer for /model is still TokenizersBackend after retries with --trust-remote-code. Model-specific tokenizer attributes may be missing.
[2m2026-09-30T22:50:48.465820Z[0m [33m WARN[0m [2mtokenizer._resolve_tokenizers_backend[0m[2m:[0m Tokenizer for /model is still TokenizersBackend after retries with --trust-remote-code. Model-specific tokenizer attributes may be missing.
[2m2026-09-30T22:50:48.567257Z[0m [33m WARN[0m [2mtokenizer._resolve_tokenizers_backend[0m[2m:[0m Tokenizer for /model is still TokenizersBackend after retries with --trust-remote-code. Model-specific tokenizer attributes may be missing.
[2m2026-09-30T22:50:48.567332Z[0m [33m WARN[0m [2mtokenizer._resolve_tokenizers_backend[0m[2m:[0m Tokenizer for /model is still TokenizersBackend after retries with --trust-remote-code. Model-specific tokenizer attributes may be missing.
[2m2026-09-30T22:50:48.567341Z[0m [33m WARN[0m [2mtokenizer._resolve_tokenizers_backend[0m[2m:[0m Tokenizer for /model is still TokenizersBackend after retries with --trust-remote-code. Model-specific tokenizer attributes may be missing.
[2m2026-09-30T22:50:48.582493Z[0m [33m WARN[0m [2mtokenizer._resolve_tokenizers_backend[0m[2m:[0m Tokenizer for /model is still TokenizersBackend after retries with --trust-remote-code. Model-specific tokenizer attributes may be missing.
[2m2026-09-30T22:50:48.646407Z[0m [33m WARN[0m [2mtokenizer._resolve_tokenizers_backend[0m[2m:[0m Tokenizer for /model is still TokenizersBackend after retries with --trust-remote-code. Model-specific tokenizer attributes may be missing.
[2m2026-09-30T22:50:48.909286Z[0m [32m INFO[0m [2mpool_configurator.calculate_pool_sizes[0m[2m:[0m DSV4 memory calculation: bytes_per_full_token=10993.84, available_bytes=18.14 GB, c128_state_fixed=0.11 GB, full_token=1761792
[2m2026-09-30T22:50:48.909337Z[0m [32m INFO[0m [2mpool_configurator._to_config[0m[2m:[0m DSV4 pool sizes: full=1761792, swa=176128, c4=440448, c128=13764, c4_state=11008, c128_state=0
[2m2026-09-30T22:50:48.909395Z[0m [32m INFO[0m [2mpool_configurator.calculate_pool_sizes[0m[2m:[0m DSV4 memory calculation: bytes_per_full_token=10993.84, available_bytes=18.14 GB, c128_state_fixed=0.11 GB, full_token=1761792
[2m2026-09-30T22:50:48.909446Z[0m [32m INFO[0m [2mpool_configurator._to_config[0m[2m:[0m DSV4 pool sizes: full=1761792, swa=176128, c4=440448, c128=13764, c4_state=11008, c128_state=0
[2m2026-09-30T22:50:48.909517Z[0m [32m INFO[0m [2mpool_configurator.calculate_pool_sizes[0m[2m:[0m DSV4 memory calculation: bytes_per_full_token=10993.84, available_bytes=18.14 GB, c128_state_fixed=0.11 GB, full_token=1761792
[2m2026-09-30T22:50:48.909576Z[0m [32m INFO[0m [2mpool_configurator._to_config[0m[2m:[0m DSV4 pool sizes: full=1761792, swa=176128, c4=440448, c128=13764, c4_state=11008, c128_state=0
[2m2026-09-30T22:50:48.909568Z[0m [32m INFO[0m [2mpool_configurator.calculate_pool_sizes[0m[2m:[0m DSV4 memory calculation: bytes_per_full_token=10993.84, available_bytes=18.14 GB, c128_state_fixed=0.11 GB, full_token=1761792
[2m2026-09-30T22:50:48.909594Z[0m [32m INFO[0m [2mpool_configurator.calculate_pool_sizes[0m[2m:[0m DSV4 memory calculation: bytes_per_full_token=10993.84, available_bytes=18.14 GB, c128_state_fixed=0.11 GB, full_token=1761792
[2m2026-09-30T22:50:48.909618Z[0m [32m INFO[0m [2mpool_configurator._to_config[0m[2m:[0m DSV4 pool sizes: full=1761792, swa=176128, c4=440448, c128=13764, c4_state=11008, c128_state=0
[2m2026-09-30T22:50:48.909625Z[0m [32m INFO[0m [2mpool_configurator.calculate_pool_sizes[0m[2m:[0m DSV4 memory calculation: bytes_per_full_token=10993.84, available_bytes=18.14 GB, c128_state_fixed=0.11 GB, full_token=1761792
[2m2026-09-30T22:50:48.909637Z[0m [32m INFO[0m [2mpool_configurator._to_config[0m[2m:[0m DSV4 pool sizes: full=1761792, swa=176128, c4=440448, c128=13764, c4_state=11008, c128_state=0
[2m2026-09-30T22:50:48.909668Z[0m [32m INFO[0m [2mpool_configurator._to_config[0m[2m:[0m DSV4 pool sizes: full=1761792, swa=176128, c4=440448, c128=13764, c4_state=11008, c128_state=0
[2m2026-09-30T22:50:48.909690Z[0m [32m INFO[0m [2mpool_configurator.calculate_pool_sizes[0m[2m:[0m DSV4 memory calculation: bytes_per_full_token=10993.84, available_bytes=18.14 GB, c128_state_fixed=0.11 GB, full_token=1761792
[2m2026-09-30T22:50:48.909718Z[0m [32m INFO[0m [2mdeepseek_v4_memory_pool.__init__[0m[2m:[0m Initialize DeepSeekV4TokenToKVPool with max_num_reqs=4 swa_size=176128 c4_size=440448 c4_logical_size=440448 c128_size=13764 c4_state_pool_size=11008 c128_state_pool_size=640
[2m2026-09-30T22:50:48.909709Z[0m [32m INFO[0m [2mpool_configurator.calculate_pool_sizes[0m[2m:[0m DSV4 memory calculation: bytes_per_full_token=10993.84, available_bytes=18.14 GB, c128_state_fixed=0.11 GB, full_token=1761792
[2m2026-09-30T22:50:48.909767Z[0m [32m INFO[0m [2mpool_configurator._to_config[0m[2m:[0m DSV4 pool sizes: full=1761792, swa=176128, c4=440448, c128=13764, c4_state=11008, c128_state=0
[2m2026-09-30T22:50:48.909781Z[0m [32m INFO[0m [2mpool_configurator._to_config[0m[2m:[0m DSV4 pool sizes: full=1761792, swa=176128, c4=440448, c128=13764, c4_state=11008, c128_state=0
[2m2026-09-30T22:50:48.909959Z[0m [32m INFO[0m [2mdeepseek_v4_memory_pool.__init__[0m[2m:[0m Initialize DeepSeekV4TokenToKVPool with max_num_reqs=4 swa_size=176128 c4_size=440448 c4_logical_size=440448 c128_size=13764 c4_state_pool_size=11008 c128_state_pool_size=640
[2m2026-09-30T22:50:48.910060Z[0m [32m INFO[0m [2mdeepseek_v4_memory_pool.__init__[0m[2m:[0m Initialize DeepSeekV4TokenToKVPool with max_num_reqs=4 swa_size=176128 c4_size=440448 c4_logical_size=440448 c128_size=13764 c4_state_pool_size=11008 c128_state_pool_size=640
[2m2026-09-30T22:50:48.910061Z[0m [32m INFO[0m [2mdeepseek_v4_memory_pool.__init__[0m[2m:[0m Initialize DeepSeekV4TokenToKVPool with max_num_reqs=4 swa_size=176128 c4_size=440448 c4_logical_size=440448 c128_size=13764 c4_state_pool_size=11008 c128_state_pool_size=640
[2m2026-09-30T22:50:48.910090Z[0m [32m INFO[0m [2mdeepseek_v4_memory_pool.__init__[0m[2m:[0m Initialize DeepSeekV4TokenToKVPool with max_num_reqs=4 swa_size=176128 c4_size=440448 c4_logical_size=440448 c128_size=13764 c4_state_pool_size=11008 c128_state_pool_size=640
[2m2026-09-30T22:50:48.910097Z[0m [32m INFO[0m [2mdeepseek_v4_memory_pool.__init__[0m[2m:[0m Initialize DeepSeekV4TokenToKVPool with max_num_reqs=4 swa_size=176128 c4_size=440448 c4_logical_size=440448 c128_size=13764 c4_state_pool_size=11008 c128_state_pool_size=640
[2m2026-09-30T22:50:48.910212Z[0m [32m INFO[0m [2mdeepseek_v4_memory_pool.__init__[0m[2m:[0m Initialize DeepSeekV4TokenToKVPool with max_num_reqs=4 swa_size=176128 c4_size=440448 c4_logical_size=440448 c128_size=13764 c4_state_pool_size=11008 c128_state_pool_size=640
[2m2026-09-30T22:50:48.910254Z[0m [32m INFO[0m [2mdeepseek_v4_memory_pool.__init__[0m[2m:[0m Initialize DeepSeekV4TokenToKVPool with max_num_reqs=4 swa_size=176128 c4_size=440448 c4_logical_size=440448 c128_size=13764 c4_state_pool_size=11008 c128_state_pool_size=640
[2m2026-09-30T22:50:49.108487Z[0m [32m INFO[0m [2mkv_cache_configurator.configure[0m[2m:[0m Memory pool end. avail mem=16.24 GB
[2m2026-09-30T22:50:49.110929Z[0m [32m INFO[0m [2mkv_cache_configurator.configure[0m[2m:[0m Memory pool end. avail mem=16.24 GB
[2m2026-09-30T22:50:49.112325Z[0m [32m INFO[0m [2mkv_cache_configurator.configure[0m[2m:[0m Memory pool end. avail mem=16.24 GB
[2m2026-09-30T22:50:49.112715Z[0m [32m INFO[0m [2mkv_cache_configurator.configure[0m[2m:[0m Memory pool end. avail mem=16.47 GB
[2m2026-09-30T22:50:49.113915Z[0m [32m INFO[0m [2mkv_cache_configurator.configure[0m[2m:[0m Memory pool end. avail mem=16.24 GB
[2m2026-09-30T22:50:49.117517Z[0m [32m INFO[0m [2mkv_cache_configurator.configure[0m[2m:[0m Memory pool end. avail mem=16.24 GB
[2m2026-09-30T22:50:49.118689Z[0m [32m INFO[0m [2mkv_cache_configurator.configure[0m[2m:[0m Memory pool end. avail mem=16.24 GB
[2m2026-09-30T22:50:49.118846Z[0m [32m INFO[0m [2mkv_cache_configurator.configure[0m[2m:[0m Memory pool end. avail mem=16.29 GB
[2m2026-09-30T22:50:49.175758Z[0m [32m INFO[0m [2mattention_registry.create_dsv4_backend[0m[2m:[0m Using DeepseekV4AttnBackend for dsv4 attention backend (CUDA).
[2m2026-09-30T22:50:49.175941Z[0m [32m INFO[0m [2mattention_registry.create_dsv4_backend[0m[2m:[0m Using DeepseekV4AttnBackend for dsv4 attention backend (CUDA).
[2m2026-09-30T22:50:49.178032Z[0m [32m INFO[0m [2mcuda_graph_setup.capture_prefill_graph[0m[2m:[0m Disable prefill CUDA graph because cuda_graph_config resolved prefill.backend='disabled' (e.g. via --cuda-graph-backend-prefill=disabled or auto-disable rules).
[2m2026-09-30T22:50:49.178066Z[0m [32m INFO[0m [2mcuda_graph_setup.capture_prefill_graph[0m[2m:[0m Disable prefill CUDA graph because cuda_graph_config resolved prefill.backend='disabled' (e.g. via --cuda-graph-backend-prefill=disabled or auto-disable rules).
[2m2026-09-30T22:50:49.178235Z[0m [32m INFO[0m [2mcuda_graph_setup.capture_decode_graph[0m[2m:[0m Capture target decode CUDA graph begin. backend=full, num_tokens_per_req=1, bs=[1, 2, 4], avail mem=16.06 GB
[2m2026-09-30T22:50:49.178256Z[0m [32m INFO[0m [2mcuda_graph_setup.capture_decode_graph[0m[2m:[0m Capture target decode CUDA graph begin. backend=full, num_tokens_per_req=1, bs=[1, 2, 4], avail mem=16.06 GB
[2m2026-09-30T22:50:49.178944Z[0m [32m INFO[0m [2mattention_registry.create_dsv4_backend[0m[2m:[0m Using DeepseekV4AttnBackend for dsv4 attention backend (CUDA).
[2m2026-09-30T22:50:49.180135Z[0m [32m INFO[0m [2mattention_registry.create_dsv4_backend[0m[2m:[0m Using DeepseekV4AttnBackend for dsv4 attention backend (CUDA).
[2m2026-09-30T22:50:49.181191Z[0m [32m INFO[0m [2mcuda_graph_setup.capture_prefill_graph[0m[2m:[0m Disable prefill CUDA graph because cuda_graph_config resolved prefill.backend='disabled' (e.g. via --cuda-graph-backend-prefill=disabled or auto-disable rules).
[2m2026-09-30T22:50:49.181309Z[0m [32m INFO[0m [2mattention_registry.create_dsv4_backend[0m[2m:[0m Using DeepseekV4AttnBackend for dsv4 attention backend (CUDA).
[2m2026-09-30T22:50:49.181440Z[0m [32m INFO[0m [2mcuda_graph_setup.capture_decode_graph[0m[2m:[0m Capture target decode CUDA graph begin. backend=full, num_tokens_per_req=1, bs=[1, 2, 4], avail mem=16.06 GB
[2m2026-09-30T22:50:49.182070Z[0m [32m INFO[0m [2mcuda_graph_setup.capture_prefill_graph[0m[2m:[0m Disable prefill CUDA graph because cuda_graph_config resolved prefill.backend='disabled' (e.g. via --cuda-graph-backend-prefill=disabled or auto-disable rules).
[2m2026-09-30T22:50:49.182281Z[0m [32m INFO[0m [2mcuda_graph_setup.capture_decode_graph[0m[2m:[0m Capture target decode CUDA graph begin. backend=full, num_tokens_per_req=1, bs=[1, 2, 4], avail mem=16.06 GB
[2m2026-09-30T22:50:49.182932Z[0m [32m INFO[0m [2mattention_registry.create_dsv4_backend[0m[2m:[0m Using DeepseekV4AttnBackend for dsv4 attention backend (CUDA).
[2m2026-09-30T22:50:49.183084Z[0m [32m INFO[0m [2mcuda_graph_setup.capture_prefill_graph[0m[2m:[0m Disable prefill CUDA graph because cuda_graph_config resolved prefill.backend='disabled' (e.g. via --cuda-graph-backend-prefill=disabled or auto-disable rules).
[2m2026-09-30T22:50:49.183296Z[0m [32m INFO[0m [2mcuda_graph_setup.capture_decode_graph[0m[2m:[0m Capture target decode CUDA graph begin. backend=full, num_tokens_per_req=1, bs=[1, 2, 4], avail mem=16.30 GB
[2m2026-09-30T22:50:49.184719Z[0m [32m INFO[0m [2mcuda_graph_setup.capture_prefill_graph[0m[2m:[0m Disable prefill CUDA graph because cuda_graph_config resolved prefill.backend='disabled' (e.g. via --cuda-graph-backend-prefill=disabled or auto-disable rules).
[2m2026-09-30T22:50:49.184934Z[0m [32m INFO[0m [2mcuda_graph_setup.capture_decode_graph[0m[2m:[0m Capture target decode CUDA graph begin. backend=full, num_tokens_per_req=1, bs=[1, 2, 4], avail mem=16.06 GB
[2m2026-09-30T22:50:49.186575Z[0m [32m INFO[0m [2mattention_registry.create_dsv4_backend[0m[2m:[0m Using DeepseekV4AttnBackend for dsv4 attention backend (CUDA).
[2m2026-09-30T22:50:49.188419Z[0m [32m INFO[0m [2mcuda_graph_setup.capture_prefill_graph[0m[2m:[0m Disable prefill CUDA graph because cuda_graph_config resolved prefill.backend='disabled' (e.g. via --cuda-graph-backend-prefill=disabled or auto-disable rules).
[2m2026-09-30T22:50:49.188615Z[0m [32m INFO[0m [2mcuda_graph_setup.capture_decode_graph[0m[2m:[0m Capture target decode CUDA graph begin. backend=full, num_tokens_per_req=1, bs=[1, 2, 4], avail mem=16.11 GB
[2m2026-09-30T22:50:49.189584Z[0m [32m INFO[0m [2mattention_registry.create_dsv4_backend[0m[2m:[0m Using DeepseekV4AttnBackend for dsv4 attention backend (CUDA).
[2m2026-09-30T22:50:49.191492Z[0m [32m INFO[0m [2mcuda_graph_setup.capture_prefill_graph[0m[2m:[0m Disable prefill CUDA graph because cuda_graph_config resolved prefill.backend='disabled' (e.g. via --cuda-graph-backend-prefill=disabled or auto-disable rules).
[2m2026-09-30T22:50:49.191689Z[0m [32m INFO[0m [2mcuda_graph_setup.capture_decode_graph[0m[2m:[0m Capture target decode CUDA graph begin. backend=full, num_tokens_per_req=1, bs=[1, 2, 4], avail mem=16.06 GB
  0%|          | 0/3 [00:00<?, ?it/s]Capturing batches (bs=4 avail_mem=16.11 GB):   0%|          | 0/3 [00:00<?, ?it/s][2m2026-09-30T22:50:51.855783Z[0m [31mERROR[0m [2mtower_http::trace::on_failure[0m[2m:[0m response failed [3mclassification[0m[2m=[0mStatus code: 503 Service Unavailable [3mlatency[0m[2m=[0m0 ms
Capturing batches (bs=4 avail_mem=16.11 GB):  33%|███▎      | 1/3 [00:03<00:06,  3.13s/it]Capturing batches (bs=2 avail_mem=15.88 GB):  33%|███▎      | 1/3 [00:03<00:06,  3.13s/it]Capturing batches (bs=2 avail_mem=15.88 GB):  67%|██████▋   | 2/3 [00:04<00:02,  2.08s/it]Capturing batches (bs=1 avail_mem=15.86 GB):  67%|██████▋   | 2/3 [00:04<00:02,  2.08s/it]Capturing batches (bs=1 avail_mem=15.86 GB): 100%|██████████| 3/3 [00:06<00:00,  1.89s/it]Capturing batches (bs=1 avail_mem=15.86 GB): 100%|██████████| 3/3 [00:06<00:00,  2.04s/it]
[2m2026-09-30T22:50:56.349266Z[0m [32m INFO[0m [2mcuda_graph_setup.capture_decode_graph[0m[2m:[0m Capture target decode CUDA graph end. elapsed=7.16 s, mem usage=0.27 GB, avail mem=15.80 GB.
[2m2026-09-30T22:50:56.351852Z[0m [32m INFO[0m [2munified_radix_cache.__init__[0m[2m:[0m Init Unified RadixTree with components (<ComponentType.FULL: 0>, <ComponentType.SWA: 1>)
[2m2026-09-30T22:50:56.351900Z[0m [32m INFO[0m [2mregistry.create_tree_cache[0m[2m:[0m Tree cache initialized: source=default impl=UnifiedRadixCache hybrid_swa=True hybrid_ssm=False hierarchical=False streaming_wrapped=False
[2m2026-09-30T22:50:56.362875Z[0m [32m INFO[0m [2mcuda_graph_setup.capture_decode_graph[0m[2m:[0m Capture target decode CUDA graph end. elapsed=7.18 s, mem usage=0.27 GB, avail mem=15.80 GB.
[2m2026-09-30T22:50:56.364695Z[0m [32m INFO[0m [2munified_radix_cache.__init__[0m[2m:[0m Init Unified RadixTree with components (<ComponentType.FULL: 0>, <ComponentType.SWA: 1>)
[2m2026-09-30T22:50:56.364760Z[0m [32m INFO[0m [2mregistry.create_tree_cache[0m[2m:[0m Tree cache initialized: source=default impl=UnifiedRadixCache hybrid_swa=True hybrid_ssm=False hierarchical=False streaming_wrapped=False
[2m2026-09-30T22:50:56.368127Z[0m [32m INFO[0m [2mcuda_graph_setup.capture_decode_graph[0m[2m:[0m Capture target decode CUDA graph end. elapsed=7.18 s, mem usage=0.27 GB, avail mem=16.03 GB.
[2m2026-09-30T22:50:56.368670Z[0m [32m INFO[0m [2mcuda_graph_setup.capture_decode_graph[0m[2m:[0m Capture target decode CUDA graph end. elapsed=7.18 s, mem usage=0.27 GB, avail mem=15.84 GB.
[2m2026-09-30T22:50:56.369348Z[0m [32m INFO[0m [2mscheduler.init_model_worker[0m[2m:[0m max_total_num_tokens=1761792, chunked_prefill_size=4096, max_prefill_tokens=16384, max_running_requests=4, context_len=262144, available_gpu_mem=15.84 GB
[2m2026-09-30T22:50:56.370003Z[0m [32m INFO[0m [2munified_radix_cache.__init__[0m[2m:[0m Init Unified RadixTree with components (<ComponentType.FULL: 0>, <ComponentType.SWA: 1>)
[2m2026-09-30T22:50:56.370053Z[0m [32m INFO[0m [2mregistry.create_tree_cache[0m[2m:[0m Tree cache initialized: source=default impl=UnifiedRadixCache hybrid_swa=True hybrid_ssm=False hierarchical=False streaming_wrapped=False
[2m2026-09-30T22:50:56.370489Z[0m [32m INFO[0m [2munified_radix_cache.__init__[0m[2m:[0m Init Unified RadixTree with components (<ComponentType.FULL: 0>, <ComponentType.SWA: 1>)
[2m2026-09-30T22:50:56.370531Z[0m [32m INFO[0m [2mregistry.create_tree_cache[0m[2m:[0m Tree cache initialized: source=default impl=UnifiedRadixCache hybrid_swa=True hybrid_ssm=False hierarchical=False streaming_wrapped=False
[2m2026-09-30T22:50:56.370878Z[0m [32m INFO[0m [2mcuda_graph_setup.capture_decode_graph[0m[2m:[0m Capture target decode CUDA graph end. elapsed=7.19 s, mem usage=0.27 GB, avail mem=15.80 GB.
[2m2026-09-30T22:50:56.372757Z[0m [32m INFO[0m [2munified_radix_cache.__init__[0m[2m:[0m Init Unified RadixTree with components (<ComponentType.FULL: 0>, <ComponentType.SWA: 1>)
[2m2026-09-30T22:50:56.372810Z[0m [32m INFO[0m [2mregistry.create_tree_cache[0m[2m:[0m Tree cache initialized: source=default impl=UnifiedRadixCache hybrid_swa=True hybrid_ssm=False hierarchical=False streaming_wrapped=False
[2m2026-09-30T22:50:56.381349Z[0m [32m INFO[0m [2mcuda_graph_setup.capture_decode_graph[0m[2m:[0m Capture target decode CUDA graph end. elapsed=7.20 s, mem usage=0.27 GB, avail mem=15.80 GB.
[2m2026-09-30T22:50:56.383126Z[0m [32m INFO[0m [2munified_radix_cache.__init__[0m[2m:[0m Init Unified RadixTree with components (<ComponentType.FULL: 0>, <ComponentType.SWA: 1>)
[2m2026-09-30T22:50:56.383178Z[0m [32m INFO[0m [2mregistry.create_tree_cache[0m[2m:[0m Tree cache initialized: source=default impl=UnifiedRadixCache hybrid_swa=True hybrid_ssm=False hierarchical=False streaming_wrapped=False
[2m2026-09-30T22:50:56.412158Z[0m [32m INFO[0m [2mcuda_graph_setup.capture_decode_graph[0m[2m:[0m Capture target decode CUDA graph end. elapsed=7.23 s, mem usage=0.27 GB, avail mem=15.80 GB.
[2m2026-09-30T22:50:56.414043Z[0m [32m INFO[0m [2munified_radix_cache.__init__[0m[2m:[0m Init Unified RadixTree with components (<ComponentType.FULL: 0>, <ComponentType.SWA: 1>)
[2m2026-09-30T22:50:56.414094Z[0m [32m INFO[0m [2mregistry.create_tree_cache[0m[2m:[0m Tree cache initialized: source=default impl=UnifiedRadixCache hybrid_swa=True hybrid_ssm=False hierarchical=False streaming_wrapped=False
[2m2026-09-30T22:50:56.426008Z[0m [32m INFO[0m [2mcuda_graph_setup.capture_decode_graph[0m[2m:[0m Capture target decode CUDA graph end. elapsed=7.24 s, mem usage=0.27 GB, avail mem=15.80 GB.
[2m2026-09-30T22:50:56.427973Z[0m [32m INFO[0m [2munified_radix_cache.__init__[0m[2m:[0m Init Unified RadixTree with components (<ComponentType.FULL: 0>, <ComponentType.SWA: 1>)
[2m2026-09-30T22:50:56.428020Z[0m [32m INFO[0m [2mregistry.create_tree_cache[0m[2m:[0m Tree cache initialized: source=default impl=UnifiedRadixCache hybrid_swa=True hybrid_ssm=False hierarchical=False streaming_wrapped=False
[2m2026-09-30T22:50:56.740363Z[0m [32m INFO[0m [2mkv_events.__init__[0m[2m:[0m Starting ZMQ publisher thread
[2m2026-09-30T22:50:56.821288Z[0m [32m INFO[0m [2mdynamo_runtime::transports::event_plane::zmq_transport[0m[2m:[0m ZMQ PUB transport bound with configured HWM [3mendpoint[0m[2m=[0mtcp://0.0.0.0:34547 [3mtopic[0m[2m=[0mkv_metrics [3msndhwm[0m[2m=[0m100000
[2m2026-09-30T22:50:56.821622Z[0m [32m INFO[0m [2mdynamo_runtime::discovery::kv_store[0m[2m:[0m KVStoreDiscovery::register: EventChannel bucket=v1/event_channels, key=namespace/deepseek-v4-pro/component/backend/endpoint/generate/topic/kv_metrics/137c29c3072338
[2m2026-09-30T22:50:56.826085Z[0m [32m INFO[0m [2mdynamo_runtime::transports::event_plane[0m[2m:[0m EventPublisher registered with discovery (direct mode) [3mtopic[0m[2m=[0mkv_metrics [3mtransport[0m[2m=[0mZmq [3mpublisher_id[0m[2m=[0m5484543365030712
[2m2026-09-30T22:50:56.826344Z[0m [32m INFO[0m [2mpublisher.init_engine_metrics_publish[0m[2m:[0m Sending dummy metrics to initialize
[2m2026-09-30T22:50:56.826908Z[0m [32m INFO[0m [2mpublisher.init_kv_event_publish[0m[2m:[0m Setting up ZMQ kv event subscriber for dp_rank=0 (connecting to tcp://<NODE_B_IP>:5571)
[2m2026-09-30T22:50:56.827442Z[0m [32m INFO[0m [2mdynamo_llm::kv_router::publisher[0m[2m:[0m Initializing KvEventPublisher for worker 7668681235357845768 on serving endpoint deepseek-v4-pro/backend/generate [3mkv_state_endpoint[0m[2m=[0mdeepseek-v4-pro/backend/generate
[2m2026-09-30T22:50:56.827457Z[0m [32m INFO[0m [2mdynamo_llm::kv_router::publisher[0m[2m:[0m LocalKvIndexer enabled for worker 7668681235357845768 on endpoint deepseek-v4-pro/backend/generate
[2m2026-09-30T22:50:56.827618Z[0m [32m INFO[0m [2mdynamo_llm::kv_router::publisher[0m[2m:[0m Using event plane for KV event publishing
[2m2026-09-30T22:50:56.827765Z[0m [32m INFO[0m [2mpublisher.setup_sgl_metrics[0m[2m:[0m SGLang metrics loop started
[2m2026-09-30T22:50:56.827939Z[0m [32m INFO[0m [2mdynamo_runtime::transports::event_plane::zmq_transport[0m[2m:[0m ZMQ PUB transport bound with configured HWM [3mendpoint[0m[2m=[0mtcp://0.0.0.0:36047 [3mtopic[0m[2m=[0mkv-events [3msndhwm[0m[2m=[0m100000
[2m2026-09-30T22:50:56.828163Z[0m [32m INFO[0m [2mdecode_handler.__init__[0m[2m:[0m Decode worker handler initialized (aggregated mode, standard)
[2m2026-09-30T22:50:56.828204Z[0m [32m INFO[0m [2mdynamo_runtime::discovery::kv_store[0m[2m:[0m KVStoreDiscovery::register: EventChannel bucket=v1/event_channels, key=namespace/deepseek-v4-pro/component/backend/endpoint/generate/topic/kv-events/473067a06f545
[2m2026-09-30T22:50:56.828297Z[0m [32m INFO[0m [2mhealth_check._get_bos_token_id_from_engine[0m[2m:[0m Using model's BOS token ID for health check: 0
[2m2026-09-30T22:50:56.828344Z[0m [32m INFO[0m [2minit_llm.init_decode[0m[2m:[0m Registering model with endpoint types: chat,completions
[2m2026-09-30T22:50:56.829019Z[0m [32m INFO[0m [2m_disagg.compute_bootstrap_address[0m[2m:[0m Using auto-detected local IP: <NODE_B_IP> (IPv4)
[2m2026-09-30T22:50:56.829056Z[0m [32m INFO[0m [2mregister._get_runtime_config[0m[2m:[0m Publishing disaggregated endpoint to discovery: <NODE_B_IP>:60075
[2m2026-09-30T22:50:56.829115Z[0m [32m INFO[0m [2mregister._get_runtime_config[0m[2m:[0m Got total KV blocks from scheduler: 6882 (max_total_tokens=1761792, page_size=256)
[2m2026-09-30T22:50:56.829321Z[0m [32m INFO[0m [2mdynamo_runtime::transports::event_plane[0m[2m:[0m EventPublisher registered with discovery (direct mode) [3mtopic[0m[2m=[0mkv-events [3mtransport[0m[2m=[0mZmq [3mpublisher_id[0m[2m=[0m1252371561116997
[2m2026-09-30T22:50:56.829412Z[0m [32m INFO[0m [2mdynamo_llm::kv_router::indexer::recovery::worker_query_endpoint[0m[2m:[0m WorkerKvQuery endpoint starting for worker 7668681235357845768 dp_rank 0 routed by instance 7668681235357845768 on endpoint 'worker_kv_query_source_473067a06f545'
[2m2026-09-30T22:50:56.829444Z[0m [32m INFO[0m [2mdynamo_runtime::pipeline::network::manager[0m[2m:[0m Creating TCP request plane server [3mbind_addr[0m[2m=[0m<NODE_B_IP>:0 [3mport_source[0m[2m=[0m"OS-assigned"
[2m2026-09-30T22:50:56.829469Z[0m [32m INFO[0m [2mdynamo_runtime::pipeline::network::ingress::shared_tcp_endpoint[0m[2m:[0m Initializing TCP server with dispatcher (concurrency=10000, queue=40000)
[2m2026-09-30T22:50:56.829477Z[0m [32m INFO[0m [2mdynamo_runtime::pipeline::network::ingress::shared_tcp_endpoint[0m[2m:[0m Started TCP worker dispatcher with concurrency limit 10000
[2m2026-09-30T22:50:56.829514Z[0m [32m INFO[0m [2mdynamo_runtime::pipeline::network::ingress::shared_tcp_endpoint[0m[2m:[0m Binding TCP server to <NODE_B_IP>:0
[2m2026-09-30T22:50:56.829546Z[0m [32m INFO[0m [2mdynamo_runtime::pipeline::network::ingress::shared_tcp_endpoint[0m[2m:[0m TCP server bound successfully [3mrequested[0m[2m=[0m<NODE_B_IP>:0 [3mactual[0m[2m=[0m<NODE_B_IP>:44525
[2m2026-09-30T22:50:56.829556Z[0m [32m INFO[0m [2mdynamo_runtime::pipeline::network::manager[0m[2m:[0m TCP request plane server started [3mactual_addr[0m[2m=[0m<NODE_B_IP>:44525 [3mactual_port[0m[2m=[0m44525
[2m2026-09-30T22:50:56.829580Z[0m [32m INFO[0m [2mdynamo_runtime::pipeline::network::ingress::shared_tcp_endpoint[0m[2m:[0m Registered endpoint 'deepseek-v4-pro.backend.unload_lora' with shared TCP server on <NODE_B_IP>:44525
[2m2026-09-30T22:50:56.829605Z[0m [32m INFO[0m [2mdynamo_runtime::pipeline::network::ingress::shared_tcp_endpoint[0m[2m:[0m Registered endpoint 'deepseek-v4-pro.backend.load_lora' with shared TCP server on <NODE_B_IP>:44525
[2m2026-09-30T22:50:56.829610Z[0m [32m INFO[0m [2mdynamo_runtime::pipeline::network::ingress::shared_tcp_endpoint[0m[2m:[0m Registered endpoint 'deepseek-v4-pro.backend.worker_kv_query_source_473067a06f545' with shared TCP server on <NODE_B_IP>:44525
[2m2026-09-30T22:50:56.829608Z[0m [32m INFO[0m [2mdynamo_runtime::pipeline::network::ingress::shared_tcp_endpoint[0m[2m:[0m Registered endpoint 'deepseek-v4-pro.backend.generate' with shared TCP server on <NODE_B_IP>:44525
[2m2026-09-30T22:50:56.829641Z[0m [32m INFO[0m [2mdynamo_runtime::pipeline::network::ingress::shared_tcp_endpoint[0m[2m:[0m Registered endpoint 'deepseek-v4-pro.backend.clear_kv_blocks' with shared TCP server on <NODE_B_IP>:44525
[2m2026-09-30T22:50:56.829640Z[0m [32m INFO[0m [2mdynamo_runtime::pipeline::network::ingress::shared_tcp_endpoint[0m[2m:[0m Registered endpoint 'deepseek-v4-pro.backend.list_loras' with shared TCP server on <NODE_B_IP>:44525
[2m2026-09-30T22:50:56.847780Z[0m [32m INFO[0m [2m_core[0m[2m:[0m Registered base model 'deepseek-ai/DeepSeek-V4-Pro-0813' MDC
[2m2026-09-30T22:50:56.847974Z[0m [32m INFO[0m [2mregister._register_model_with_runtime_config[0m[2m:[0m Successfully registered LLM with runtime config
[2m2026-09-30T22:50:56.848032Z[0m [32m INFO[0m [2mregister.register_model_with_readiness_gate[0m[2m:[0m Model registration succeeded; processing queued requests
[2m2026-09-30T22:50:57.025291Z[0m [32m INFO[0m [1mhandle_payload[0m: [2mdynamo_runtime::pipeline::network::ingress::push_handler[0m[2m:[0m request received [3mrequest_id[0m[2m=[0m8e8b1f5d-dba6-41ce-b55c-deb33c3dc421 [2m[3mrequest_id[0m[2m=[0m"8e8b1f5d-dba6-41ce-b55c-deb33c3dc421" [3mcomponent[0m[2m=[0m"backend" [3mendpoint[0m[2m=[0m"worker_kv_query_source_473067a06f545" [3mnamespace[0m[2m=[0m"deepseek-v4-pro" [3minstance_id[0m[2m=[0m7668681235357845768[0m
[2m2026-09-30T22:50:57.026252Z[0m [32m INFO[0m [2mdynamo_kv_router::indexer::local[0m[2m:[0m Built compressed radix recovery dump [3mevent_count[0m[2m=[0m0 [3mrepresented_block_count[0m[2m=[0m0 [3mlast_event_id[0m[2m=[0m0
[2m2026-09-30T22:50:57.026343Z[0m [32m INFO[0m [1mhandle_payload[0m: [2mdynamo_runtime::pipeline::network::ingress::push_handler[0m[2m:[0m request completed [3mrequest_id[0m[2m=[0m8e8b1f5d-dba6-41ce-b55c-deb33c3dc421 [2m[3mrequest_id[0m[2m=[0m"8e8b1f5d-dba6-41ce-b55c-deb33c3dc421" [3mcomponent[0m[2m=[0m"backend" [3mendpoint[0m[2m=[0m"worker_kv_query_source_473067a06f545" [3mnamespace[0m[2m=[0m"deepseek-v4-pro" [3minstance_id[0m[2m=[0m7668681235357845768[0m
[2m2026-09-30T22:51:26.727769Z[0m [32m INFO[0m [1mhandle_payload[0m: [2mdynamo_runtime::pipeline::network::ingress::push_handler[0m[2m:[0m request received [3mrequest_id[0m[2m=[0mb119d383-2aa8-49c3-b22e-7896228e20c8 [2m[3mrequest_id[0m[2m=[0m"b119d383-2aa8-49c3-b22e-7896228e20c8" [3mcomponent[0m[2m=[0m"backend" [3mendpoint[0m[2m=[0m"generate" [3mnamespace[0m[2m=[0m"deepseek-v4-pro" [3minstance_id[0m[2m=[0m7668681235357845768[0m
[2m2026-09-30T22:51:27.222011Z[0m [32m INFO[0m [2mmetrics_reporter.report_prefill_stats[0m[2m:[0m Prefill batch, #new-seq: 1, #new-token: 256, #cached-token: 0, full token usage: 0.00, swa token usage: 0.00, #running-req: 0, #queue-req: 0, #pending-token: 0, cuda graph: False, input throughput (token/s): 8.30
[2m2026-09-30T22:51:27.251815Z[0m [32m INFO[0m [1mhandle_payload[0m: [2mdynamo_runtime::pipeline::network::ingress::push_handler[0m[2m:[0m request completed [3mrequest_id[0m[2m=[0mb119d383-2aa8-49c3-b22e-7896228e20c8 [2m[3mrequest_id[0m[2m=[0m"b119d383-2aa8-49c3-b22e-7896228e20c8" [3mcomponent[0m[2m=[0m"backend" [3mendpoint[0m[2m=[0m"generate" [3mnamespace[0m[2m=[0m"deepseek-v4-pro" [3minstance_id[0m[2m=[0m7668681235357845768[0m
[2m2026-09-30T22:51:27.880073Z[0m [32m INFO[0m [1mhandle_payload[0m: [2mdynamo_runtime::pipeline::network::ingress::push_handler[0m[2m:[0m request received [3mrequest_id[0m[2m=[0m7205dc81-d505-42e4-be7b-a0bfbf49a53e [2m[3mrequest_id[0m[2m=[0m"7205dc81-d505-42e4-be7b-a0bfbf49a53e" [3mcomponent[0m[2m=[0m"backend" [3mendpoint[0m[2m=[0m"generate" [3mnamespace[0m[2m=[0m"deepseek-v4-pro" [3minstance_id[0m[2m=[0m7668681235357845768[0m
[2m2026-09-30T22:51:28.961112Z[0m [32m INFO[0m [2mmetrics_reporter.report_prefill_stats[0m[2m:[0m Prefill batch, #new-seq: 1, #new-token: 4096, #cached-token: 0, full token usage: 0.00, swa token usage: 0.02, #running-req: 0, #queue-req: 0, #pending-token: 251904, cuda graph: False, input throughput (token/s): 2355.20
[2m2026-09-30T22:51:29.413206Z[0m [32m INFO[0m [2mmetrics_reporter.report_prefill_stats[0m[2m:[0m Prefill batch, #new-seq: 1, #new-token: 4096, #cached-token: 0, full token usage: 0.01, swa token usage: 0.02, #running-req: 0, #queue-req: 0, #pending-token: 247808, cuda graph: False, input throughput (token/s): 9058.60
[2m2026-09-30T22:51:29.798701Z[0m [32m INFO[0m [2mmetrics_reporter.report_prefill_stats[0m[2m:[0m Prefill batch, #new-seq: 1, #new-token: 4096, #cached-token: 0, full token usage: 0.01, swa token usage: 0.02, #running-req: 0, #queue-req: 0, #pending-token: 243712, cuda graph: False, input throughput (token/s): 10625.34
[2m2026-09-30T22:51:30.261043Z[0m [32m INFO[0m [2mmetrics_reporter.report_prefill_stats[0m[2m:[0m Prefill batch, #new-seq: 1, #new-token: 4096, #cached-token: 0, full token usage: 0.01, swa token usage: 0.02, #running-req: 0, #queue-req: 0, #pending-token: 239616, cuda graph: False, input throughput (token/s): 8859.42
[2m2026-09-30T22:51:30.654015Z[0m [32m INFO[0m [2mmetrics_reporter.report_prefill_stats[0m[2m:[0m Prefill batch, #new-seq: 1, #new-token: 4096, #cached-token: 0, full token usage: 0.01, swa token usage: 0.02, #running-req: 0, #queue-req: 0, #pending-token: 235520, cuda graph: False, input throughput (token/s): 10422.91
[2m2026-09-30T22:51:31.050176Z[0m [32m INFO[0m [2mmetrics_reporter.report_prefill_stats[0m[2m:[0m Prefill batch, #new-seq: 1, #new-token: 4096, #cached-token: 0, full token usage: 0.02, swa token usage: 0.02, #running-req: 0, #queue-req: 0, #pending-token: 231424, cuda graph: False, input throughput (token/s): 10339.28
[2m2026-09-30T22:51:31.449669Z[0m [32m INFO[0m [2mmetrics_reporter.report_prefill_stats[0m[2m:[0m Prefill batch, #new-seq: 1, #new-token: 4096, #cached-token: 0, full token usage: 0.02, swa token usage: 0.02, #running-req: 0, #queue-req: 0, #pending-token: 227328, cuda graph: False, input throughput (token/s): 10252.90
[2m2026-09-30T22:51:31.927504Z[0m [32m INFO[0m [2mmetrics_reporter.report_prefill_stats[0m[2m:[0m Prefill batch, #new-seq: 1, #new-token: 4096, #cached-token: 0, full token usage: 0.02, swa token usage: 0.02, #running-req: 0, #queue-req: 0, #pending-token: 223232, cuda graph: False, input throughput (token/s): 8572.95
[2m2026-09-30T22:51:32.334322Z[0m [32m INFO[0m [2mmetrics_reporter.report_prefill_stats[0m[2m:[0m Prefill batch, #new-seq: 1, #new-token: 4096, #cached-token: 0, full token usage: 0.02, swa token usage: 0.02, #running-req: 0, #queue-req: 0, #pending-token: 219136, cuda graph: False, input throughput (token/s): 10067.15
[2m2026-09-30T22:51:32.743318Z[0m [32m INFO[0m [2mmetrics_reporter.report_prefill_stats[0m[2m:[0m Prefill batch, #new-seq: 1, #new-token: 4096, #cached-token: 0, full token usage: 0.03, swa token usage: 0.02, #running-req: 0, #queue-req: 0, #pending-token: 215040, cuda graph: False, input throughput (token/s): 10015.23
[2m2026-09-30T22:51:33.155423Z[0m [32m INFO[0m [2mmetrics_reporter.report_prefill_stats[0m[2m:[0m Prefill batch, #new-seq: 1, #new-token: 4096, #cached-token: 0, full token usage: 0.03, swa token usage: 0.02, #running-req: 0, #queue-req: 0, #pending-token: 210944, cuda graph: False, input throughput (token/s): 9938.88
[2m2026-09-30T22:51:33.575272Z[0m [32m INFO[0m [2mmetrics_reporter.report_prefill_stats[0m[2m:[0m Prefill batch, #new-seq: 1, #new-token: 4096, #cached-token: 0, full token usage: 0.03, swa token usage: 0.02, #running-req: 0, #queue-req: 0, #pending-token: 206848, cuda graph: False, input throughput (token/s): 9756.11
[2m2026-09-30T22:51:33.994873Z[0m [32m INFO[0m [2mmetrics_reporter.report_prefill_stats[0m[2m:[0m Prefill batch, #new-seq: 1, #new-token: 4096, #cached-token: 0, full token usage: 0.03, swa token usage: 0.02, #running-req: 0, #queue-req: 0, #pending-token: 202752, cuda graph: False, input throughput (token/s): 9761.23
[2m2026-09-30T22:51:34.418702Z[0m [32m INFO[0m [2mmetrics_reporter.report_prefill_stats[0m[2m:[0m Prefill batch, #new-seq: 1, #new-token: 4096, #cached-token: 0, full token usage: 0.03, swa token usage: 0.02, #running-req: 0, #queue-req: 0, #pending-token: 198656, cuda graph: False, input throughput (token/s): 9664.42
[2m2026-09-30T22:51:34.844663Z[0m [32m INFO[0m [2mmetrics_reporter.report_prefill_stats[0m[2m:[0m Prefill batch, #new-seq: 1, #new-token: 4096, #cached-token: 0, full token usage: 0.04, swa token usage: 0.02, #running-req: 0, #queue-req: 0, #pending-token: 194560, cuda graph: False, input throughput (token/s): 9616.04
[2m2026-09-30T22:51:35.358394Z[0m [32m INFO[0m [2mmetrics_reporter.report_prefill_stats[0m[2m:[0m Prefill batch, #new-seq: 1, #new-token: 4096, #cached-token: 0, full token usage: 0.04, swa token usage: 0.02, #running-req: 0, #queue-req: 0, #pending-token: 190464, cuda graph: False, input throughput (token/s): 7973.00
[2m2026-09-30T22:51:35.792588Z[0m [32m INFO[0m [2mmetrics_reporter.report_prefill_stats[0m[2m:[0m Prefill batch, #new-seq: 1, #new-token: 4096, #cached-token: 0, full token usage: 0.04, swa token usage: 0.02, #running-req: 0, #queue-req: 0, #pending-token: 186368, cuda graph: False, input throughput (token/s): 9433.56
[2m2026-09-30T22:51:36.228258Z[0m [32m INFO[0m [2mmetrics_reporter.report_prefill_stats[0m[2m:[0m Prefill batch, #new-seq: 1, #new-token: 4096, #cached-token: 0, full token usage: 0.04, swa token usage: 0.02, #running-req: 0, #queue-req: 0, #pending-token: 182272, cuda graph: False, input throughput (token/s): 9401.67
[2m2026-09-30T22:51:36.667292Z[0m [32m INFO[0m [2mmetrics_reporter.report_prefill_stats[0m[2m:[0m Prefill batch, #new-seq: 1, #new-token: 4096, #cached-token: 0, full token usage: 0.05, swa token usage: 0.02, #running-req: 0, #queue-req: 0, #pending-token: 178176, cuda graph: False, input throughput (token/s): 9329.57
[2m2026-09-30T22:51:37.111734Z[0m [32m INFO[0m [2mmetrics_reporter.report_prefill_stats[0m[2m:[0m Prefill batch, #new-seq: 1, #new-token: 4096, #cached-token: 0, full token usage: 0.05, swa token usage: 0.02, #running-req: 0, #queue-req: 0, #pending-token: 174080, cuda graph: False, input throughput (token/s): 9216.04
[2m2026-09-30T22:51:37.560359Z[0m [32m INFO[0m [2mmetrics_reporter.report_prefill_stats[0m[2m:[0m Prefill batch, #new-seq: 1, #new-token: 4096, #cached-token: 0, full token usage: 0.05, swa token usage: 0.02, #running-req: 0, #queue-req: 0, #pending-token: 169984, cuda graph: False, input throughput (token/s): 9130.06
[2m2026-09-30T22:51:38.012233Z[0m [32m INFO[0m [2mmetrics_reporter.report_prefill_stats[0m[2m:[0m Prefill batch, #new-seq: 1, #new-token: 4096, #cached-token: 0, full token usage: 0.05, swa token usage: 0.02, #running-req: 0, #queue-req: 0, #pending-token: 165888, cuda graph: False, input throughput (token/s): 9064.40
[2m2026-09-30T22:51:38.469503Z[0m [32m INFO[0m [2mmetrics_reporter.report_prefill_stats[0m[2m:[0m Prefill batch, #new-seq: 1, #new-token: 4096, #cached-token: 0, full token usage: 0.06, swa token usage: 0.02, #running-req: 0, #queue-req: 0, #pending-token: 161792, cuda graph: False, input throughput (token/s): 8957.54
[2m2026-09-30T22:51:38.932657Z[0m [32m INFO[0m [2mmetrics_reporter.report_prefill_stats[0m[2m:[0m Prefill batch, #new-seq: 1, #new-token: 4096, #cached-token: 0, full token usage: 0.06, swa token usage: 0.02, #running-req: 0, #queue-req: 0, #pending-token: 157696, cuda graph: False, input throughput (token/s): 8843.93
[2m2026-09-30T22:51:39.397192Z[0m [32m INFO[0m [2mmetrics_reporter.report_prefill_stats[0m[2m:[0m Prefill batch, #new-seq: 1, #new-token: 4096, #cached-token: 0, full token usage: 0.06, swa token usage: 0.02, #running-req: 0, #queue-req: 0, #pending-token: 153600, cuda graph: False, input throughput (token/s): 8817.34
[2m2026-09-30T22:51:39.864937Z[0m [32m INFO[0m [2mmetrics_reporter.report_prefill_stats[0m[2m:[0m Prefill batch, #new-seq: 1, #new-token: 4096, #cached-token: 0, full token usage: 0.06, swa token usage: 0.02, #running-req: 0, #queue-req: 0, #pending-token: 149504, cuda graph: False, input throughput (token/s): 8756.85
[2m2026-09-30T22:51:40.336320Z[0m [32m INFO[0m [2mmetrics_reporter.report_prefill_stats[0m[2m:[0m Prefill batch, #new-seq: 1, #new-token: 4096, #cached-token: 0, full token usage: 0.07, swa token usage: 0.02, #running-req: 0, #queue-req: 0, #pending-token: 145408, cuda graph: False, input throughput (token/s): 8689.38
[2m2026-09-30T22:51:40.813887Z[0m [32m INFO[0m [2mmetrics_reporter.report_prefill_stats[0m[2m:[0m Prefill batch, #new-seq: 1, #new-token: 4096, #cached-token: 0, full token usage: 0.07, swa token usage: 0.02, #running-req: 0, #queue-req: 0, #pending-token: 141312, cuda graph: False, input throughput (token/s): 8576.84
[2m2026-09-30T22:51:41.295328Z[0m [32m INFO[0m [2mmetrics_reporter.report_prefill_stats[0m[2m:[0m Prefill batch, #new-seq: 1, #new-token: 4096, #cached-token: 0, full token usage: 0.07, swa token usage: 0.02, #running-req: 0, #queue-req: 0, #pending-token: 137216, cuda graph: False, input throughput (token/s): 8507.62
[2m2026-09-30T22:51:41.779231Z[0m [32m INFO[0m [2mmetrics_reporter.report_prefill_stats[0m[2m:[0m Prefill batch, #new-seq: 1, #new-token: 4096, #cached-token: 0, full token usage: 0.07, swa token usage: 0.02, #running-req: 0, #queue-req: 0, #pending-token: 133120, cuda graph: False, input throughput (token/s): 8464.90
[2m2026-09-30T22:51:42.266642Z[0m [32m INFO[0m [2mmetrics_reporter.report_prefill_stats[0m[2m:[0m Prefill batch, #new-seq: 1, #new-token: 4096, #cached-token: 0, full token usage: 0.07, swa token usage: 0.02, #running-req: 0, #queue-req: 0, #pending-token: 129024, cuda graph: False, input throughput (token/s): 8403.24
[2m2026-09-30T22:51:42.842037Z[0m [32m INFO[0m [2mmetrics_reporter.report_prefill_stats[0m[2m:[0m Prefill batch, #new-seq: 1, #new-token: 4096, #cached-token: 0, full token usage: 0.08, swa token usage: 0.02, #running-req: 0, #queue-req: 0, #pending-token: 124928, cuda graph: False, input throughput (token/s): 7118.60
[2m2026-09-30T22:51:43.336015Z[0m [32m INFO[0m [2mmetrics_reporter.report_prefill_stats[0m[2m:[0m Prefill batch, #new-seq: 1, #new-token: 4096, #cached-token: 0, full token usage: 0.08, swa token usage: 0.02, #running-req: 0, #queue-req: 0, #pending-token: 120832, cuda graph: False, input throughput (token/s): 8291.82
[2m2026-09-30T22:51:43.843021Z[0m [32m INFO[0m [2mmetrics_reporter.report_prefill_stats[0m[2m:[0m Prefill batch, #new-seq: 1, #new-token: 4096, #cached-token: 0, full token usage: 0.08, swa token usage: 0.02, #running-req: 0, #queue-req: 0, #pending-token: 116736, cuda graph: False, input throughput (token/s): 8078.87
[2m2026-09-30T22:51:44.348382Z[0m [32m INFO[0m [2mmetrics_reporter.report_prefill_stats[0m[2m:[0m Prefill batch, #new-seq: 1, #new-token: 4096, #cached-token: 0, full token usage: 0.08, swa token usage: 0.02, #running-req: 0, #queue-req: 0, #pending-token: 112640, cuda graph: False, input throughput (token/s): 8105.01
[2m2026-09-30T22:51:44.860052Z[0m [32m INFO[0m [2mmetrics_reporter.report_prefill_stats[0m[2m:[0m Prefill batch, #new-seq: 1, #new-token: 4096, #cached-token: 0, full token usage: 0.09, swa token usage: 0.02, #running-req: 0, #queue-req: 0, #pending-token: 108544, cuda graph: False, input throughput (token/s): 8005.17
[2m2026-09-30T22:51:45.376043Z[0m [32m INFO[0m [2mmetrics_reporter.report_prefill_stats[0m[2m:[0m Prefill batch, #new-seq: 1, #new-token: 4096, #cached-token: 0, full token usage: 0.09, swa token usage: 0.02, #running-req: 0, #queue-req: 0, #pending-token: 104448, cuda graph: False, input throughput (token/s): 7938.17
[2m2026-09-30T22:51:45.898169Z[0m [32m INFO[0m [2mmetrics_reporter.report_prefill_stats[0m[2m:[0m Prefill batch, #new-seq: 1, #new-token: 4096, #cached-token: 0, full token usage: 0.09, swa token usage: 0.02, #running-req: 0, #queue-req: 0, #pending-token: 100352, cuda graph: False, input throughput (token/s): 7844.80
[2m2026-09-30T22:51:46.422463Z[0m [32m INFO[0m [2mmetrics_reporter.report_prefill_stats[0m[2m:[0m Prefill batch, #new-seq: 1, #new-token: 4096, #cached-token: 0, full token usage: 0.09, swa token usage: 0.02, #running-req: 0, #queue-req: 0, #pending-token: 96256, cuda graph: False, input throughput (token/s): 7812.77
[2m2026-09-30T22:51:46.951787Z[0m [32m INFO[0m [2mmetrics_reporter.report_prefill_stats[0m[2m:[0m Prefill batch, #new-seq: 1, #new-token: 4096, #cached-token: 0, full token usage: 0.10, swa token usage: 0.02, #running-req: 0, #queue-req: 0, #pending-token: 92160, cuda graph: False, input throughput (token/s): 7738.07
[2m2026-09-30T22:51:47.486090Z[0m [32m INFO[0m [2mmetrics_reporter.report_prefill_stats[0m[2m:[0m Prefill batch, #new-seq: 1, #new-token: 4096, #cached-token: 0, full token usage: 0.10, swa token usage: 0.02, #running-req: 0, #queue-req: 0, #pending-token: 88064, cuda graph: False, input throughput (token/s): 7665.84
[2m2026-09-30T22:51:48.028517Z[0m [32m INFO[0m [2mmetrics_reporter.report_prefill_stats[0m[2m:[0m Prefill batch, #new-seq: 1, #new-token: 4096, #cached-token: 0, full token usage: 0.10, swa token usage: 0.02, #running-req: 0, #queue-req: 0, #pending-token: 83968, cuda graph: False, input throughput (token/s): 7552.18
[2m2026-09-30T22:51:48.573434Z[0m [32m INFO[0m [2mmetrics_reporter.report_prefill_stats[0m[2m:[0m Prefill batch, #new-seq: 1, #new-token: 4096, #cached-token: 0, full token usage: 0.10, swa token usage: 0.02, #running-req: 0, #queue-req: 0, #pending-token: 79872, cuda graph: False, input throughput (token/s): 7515.82
[2m2026-09-30T22:51:49.122932Z[0m [32m INFO[0m [2mmetrics_reporter.report_prefill_stats[0m[2m:[0m Prefill batch, #new-seq: 1, #new-token: 4096, #cached-token: 0, full token usage: 0.10, swa token usage: 0.02, #running-req: 0, #queue-req: 0, #pending-token: 75776, cuda graph: False, input throughput (token/s): 7454.15
[2m2026-09-30T22:51:49.675076Z[0m [32m INFO[0m [2mmetrics_reporter.report_prefill_stats[0m[2m:[0m Prefill batch, #new-seq: 1, #new-token: 4096, #cached-token: 0, full token usage: 0.11, swa token usage: 0.02, #running-req: 0, #queue-req: 0, #pending-token: 71680, cuda graph: False, input throughput (token/s): 7418.25
[2m2026-09-30T22:51:50.302176Z[0m [32m INFO[0m [2mmetrics_reporter.report_prefill_stats[0m[2m:[0m Prefill batch, #new-seq: 1, #new-token: 4096, #cached-token: 0, full token usage: 0.11, swa token usage: 0.02, #running-req: 0, #queue-req: 0, #pending-token: 67584, cuda graph: False, input throughput (token/s): 6531.71
[2m2026-09-30T22:51:50.862321Z[0m [32m INFO[0m [2mmetrics_reporter.report_prefill_stats[0m[2m:[0m Prefill batch, #new-seq: 1, #new-token: 4096, #cached-token: 0, full token usage: 0.11, swa token usage: 0.02, #running-req: 0, #queue-req: 0, #pending-token: 63488, cuda graph: False, input throughput (token/s): 7312.37
[2m2026-09-30T22:51:51.431320Z[0m [32m INFO[0m [2mmetrics_reporter.report_prefill_stats[0m[2m:[0m Prefill batch, #new-seq: 1, #new-token: 4096, #cached-token: 0, full token usage: 0.11, swa token usage: 0.02, #running-req: 0, #queue-req: 0, #pending-token: 59392, cuda graph: False, input throughput (token/s): 7198.82
[2m2026-09-30T22:51:52.007894Z[0m [32m INFO[0m [2mmetrics_reporter.report_prefill_stats[0m[2m:[0m Prefill batch, #new-seq: 1, #new-token: 4096, #cached-token: 0, full token usage: 0.12, swa token usage: 0.02, #running-req: 0, #queue-req: 0, #pending-token: 55296, cuda graph: False, input throughput (token/s): 7103.88
[2m2026-09-30T22:51:52.608317Z[0m [32m INFO[0m [2mmetrics_reporter.report_prefill_stats[0m[2m:[0m Prefill batch, #new-seq: 1, #new-token: 4096, #cached-token: 0, full token usage: 0.12, swa token usage: 0.02, #running-req: 0, #queue-req: 0, #pending-token: 51200, cuda graph: False, input throughput (token/s): 6821.78
[2m2026-09-30T22:51:53.184236Z[0m [32m INFO[0m [2mmetrics_reporter.report_prefill_stats[0m[2m:[0m Prefill batch, #new-seq: 1, #new-token: 4096, #cached-token: 0, full token usage: 0.12, swa token usage: 0.02, #running-req: 0, #queue-req: 0, #pending-token: 47104, cuda graph: False, input throughput (token/s): 7112.09
[2m2026-09-30T22:51:53.769768Z[0m [32m INFO[0m [2mmetrics_reporter.report_prefill_stats[0m[2m:[0m Prefill batch, #new-seq: 1, #new-token: 4096, #cached-token: 0, full token usage: 0.12, swa token usage: 0.02, #running-req: 0, #queue-req: 0, #pending-token: 43008, cuda graph: False, input throughput (token/s): 6995.67
[2m2026-09-30T22:51:54.359936Z[0m [32m INFO[0m [2mmetrics_reporter.report_prefill_stats[0m[2m:[0m Prefill batch, #new-seq: 1, #new-token: 4096, #cached-token: 0, full token usage: 0.13, swa token usage: 0.02, #running-req: 0, #queue-req: 0, #pending-token: 38912, cuda graph: False, input throughput (token/s): 6940.24
[2m2026-09-30T22:51:54.953925Z[0m [32m INFO[0m [2mmetrics_reporter.report_prefill_stats[0m[2m:[0m Prefill batch, #new-seq: 1, #new-token: 4096, #cached-token: 0, full token usage: 0.13, swa token usage: 0.02, #running-req: 0, #queue-req: 0, #pending-token: 34816, cuda graph: False, input throughput (token/s): 6895.72
[2m2026-09-30T22:51:55.556441Z[0m [32m INFO[0m [2mmetrics_reporter.report_prefill_stats[0m[2m:[0m Prefill batch, #new-seq: 1, #new-token: 4096, #cached-token: 0, full token usage: 0.13, swa token usage: 0.02, #running-req: 0, #queue-req: 0, #pending-token: 30720, cuda graph: False, input throughput (token/s): 6798.20
[2m2026-09-30T22:51:56.159828Z[0m [32m INFO[0m [2mmetrics_reporter.report_prefill_stats[0m[2m:[0m Prefill batch, #new-seq: 1, #new-token: 4096, #cached-token: 0, full token usage: 0.13, swa token usage: 0.02, #running-req: 0, #queue-req: 0, #pending-token: 26624, cuda graph: False, input throughput (token/s): 6788.44
[2m2026-09-30T22:51:56.773195Z[0m [32m INFO[0m [2mmetrics_reporter.report_prefill_stats[0m[2m:[0m Prefill batch, #new-seq: 1, #new-token: 4096, #cached-token: 0, full token usage: 0.13, swa token usage: 0.02, #running-req: 0, #queue-req: 0, #pending-token: 22528, cuda graph: False, input throughput (token/s): 6677.65
[2m2026-09-30T22:51:57.392769Z[0m [32m INFO[0m [2mmetrics_reporter.report_prefill_stats[0m[2m:[0m Prefill batch, #new-seq: 1, #new-token: 4096, #cached-token: 0, full token usage: 0.14, swa token usage: 0.02, #running-req: 0, #queue-req: 0, #pending-token: 18432, cuda graph: False, input throughput (token/s): 6611.11
[2m2026-09-30T22:51:58.003307Z[0m [32m INFO[0m [2mmetrics_reporter.report_prefill_stats[0m[2m:[0m Prefill batch, #new-seq: 1, #new-token: 4096, #cached-token: 0, full token usage: 0.14, swa token usage: 0.02, #running-req: 0, #queue-req: 0, #pending-token: 14336, cuda graph: False, input throughput (token/s): 6708.81
[2m2026-09-30T22:51:58.628767Z[0m [32m INFO[0m [2mmetrics_reporter.report_prefill_stats[0m[2m:[0m Prefill batch, #new-seq: 1, #new-token: 4096, #cached-token: 0, full token usage: 0.14, swa token usage: 0.02, #running-req: 0, #queue-req: 0, #pending-token: 10240, cuda graph: False, input throughput (token/s): 6548.92
[2m2026-09-30T22:51:59.255955Z[0m [32m INFO[0m [2mmetrics_reporter.report_prefill_stats[0m[2m:[0m Prefill batch, #new-seq: 1, #new-token: 4096, #cached-token: 0, full token usage: 0.14, swa token usage: 0.02, #running-req: 0, #queue-req: 0, #pending-token: 6144, cuda graph: False, input throughput (token/s): 6530.64
[2m2026-09-30T22:51:59.690910Z[0m [32m INFO[0m [2mmetrics_reporter.report_prefill_stats[0m[2m:[0m Prefill batch, #new-seq: 1, #new-token: 4096, #cached-token: 0, full token usage: 0.15, swa token usage: 0.01, #running-req: 0, #queue-req: 0, #pending-token: 2048, cuda graph: False, input throughput (token/s): 9416.79
[2m2026-09-30T22:51:59.816628Z[0m [32m INFO[0m [2mmetrics_reporter.report_prefill_stats[0m[2m:[0m Prefill batch, #new-seq: 1, #new-token: 2048, #cached-token: 0, full token usage: 0.15, swa token usage: 0.00, #running-req: 0, #queue-req: 0, #pending-token: 0, cuda graph: False, input throughput (token/s): 16292.54
[2m2026-09-30T22:52:00.131767Z[0m [32m INFO[0m [1mhandle_payload[0m: [2mdynamo_runtime::pipeline::network::ingress::push_handler[0m[2m:[0m request completed [3mrequest_id[0m[2m=[0m7205dc81-d505-42e4-be7b-a0bfbf49a53e [2m[3mrequest_id[0m[2m=[0m"7205dc81-d505-42e4-be7b-a0bfbf49a53e" [3mcomponent[0m[2m=[0m"backend" [3mendpoint[0m[2m=[0m"generate" [3mnamespace[0m[2m=[0m"deepseek-v4-pro" [3minstance_id[0m[2m=[0m7668681235357845768[0m
[2m2026-09-30T22:52:41.596984Z[0m [32m INFO[0m [1mhandle_payload[0m: [2mdynamo_runtime::pipeline::network::ingress::push_handler[0m[2m:[0m request received [3mrequest_id[0m[2m=[0m61834388-2f14-47bb-a519-10c4c8030a59 [2m[3mrequest_id[0m[2m=[0m"61834388-2f14-47bb-a519-10c4c8030a59" [3mcomponent[0m[2m=[0m"backend" [3mendpoint[0m[2m=[0m"clear_kv_blocks" [3mnamespace[0m[2m=[0m"deepseek-v4-pro" [3minstance_id[0m[2m=[0m7668681235357845768[0m
[2m2026-09-30T22:52:41.677345Z[0m [32m INFO[0m [2mscheduler.flush_cache[0m[2m:[0m Cache flushed successfully!
[2m2026-09-30T22:52:41.678127Z[0m [32m INFO[0m [1mhandle_payload[0m: [2mdynamo_runtime::pipeline::network::ingress::push_handler[0m[2m:[0m request completed [3mrequest_id[0m[2m=[0m61834388-2f14-47bb-a519-10c4c8030a59 [2m[3mrequest_id[0m[2m=[0m"61834388-2f14-47bb-a519-10c4c8030a59" [3mcomponent[0m[2m=[0m"backend" [3mendpoint[0m[2m=[0m"clear_kv_blocks" [3mnamespace[0m[2m=[0m"deepseek-v4-pro" [3minstance_id[0m[2m=[0m7668681235357845768[0m
[2m2026-09-30T22:52:42.098025Z[0m [32m INFO[0m [1mhandle_payload[0m: [2mdynamo_runtime::pipeline::network::ingress::push_handler[0m[2m:[0m request received [3mrequest_id[0m[2m=[0m68633106-a610-45f9-a153-efb5ccc10f82 [2m[3mrequest_id[0m[2m=[0m"68633106-a610-45f9-a153-efb5ccc10f82" [3mcomponent[0m[2m=[0m"backend" [3mendpoint[0m[2m=[0m"generate" [3mnamespace[0m[2m=[0m"deepseek-v4-pro" [3minstance_id[0m[2m=[0m7668681235357845768[0m
[2m2026-09-30T22:52:42.336173Z[0m [32m INFO[0m [2mmetrics_reporter.report_prefill_stats[0m[2m:[0m Prefill batch, #new-seq: 1, #new-token: 256, #cached-token: 0, full token usage: 0.00, swa token usage: 0.00, #running-req: 0, #queue-req: 0, #pending-token: 0, cuda graph: False, input throughput (token/s): 6.02
[2m2026-09-30T22:52:42.362829Z[0m [32m INFO[0m [1mhandle_payload[0m: [2mdynamo_runtime::pipeline::network::ingress::push_handler[0m[2m:[0m request completed [3mrequest_id[0m[2m=[0m68633106-a610-45f9-a153-efb5ccc10f82 [2m[3mrequest_id[0m[2m=[0m"68633106-a610-45f9-a153-efb5ccc10f82" [3mcomponent[0m[2m=[0m"backend" [3mendpoint[0m[2m=[0m"generate" [3mnamespace[0m[2m=[0m"deepseek-v4-pro" [3minstance_id[0m[2m=[0m7668681235357845768[0m
[2m2026-09-30T22:52:43.065884Z[0m [32m INFO[0m [1mhandle_payload[0m: [2mdynamo_runtime::pipeline::network::ingress::push_handler[0m[2m:[0m request received [3mrequest_id[0m[2m=[0m8325c283-265c-4782-accb-0d05f67399b5 [2m[3mrequest_id[0m[2m=[0m"8325c283-265c-4782-accb-0d05f67399b5" [3mcomponent[0m[2m=[0m"backend" [3mendpoint[0m[2m=[0m"generate" [3mnamespace[0m[2m=[0m"deepseek-v4-pro" [3minstance_id[0m[2m=[0m7668681235357845768[0m
[2m2026-09-30T22:52:43.193887Z[0m [32m INFO[0m [1mhandle_payload[0m: [2mdynamo_runtime::pipeline::network::ingress::push_handler[0m[2m:[0m request received [3mrequest_id[0m[2m=[0m75b0807b-264b-4555-81e1-e7fb7d12d6c2 [2m[3mrequest_id[0m[2m=[0m"75b0807b-264b-4555-81e1-e7fb7d12d6c2" [3mcomponent[0m[2m=[0m"backend" [3mendpoint[0m[2m=[0m"generate" [3mnamespace[0m[2m=[0m"deepseek-v4-pro" [3minstance_id[0m[2m=[0m7668681235357845768[0m
[2m2026-09-30T22:52:43.734867Z[0m [32m INFO[0m [2mmetrics_reporter.report_prefill_stats[0m[2m:[0m Prefill batch, #new-seq: 1, #new-token: 4096, #cached-token: 0, full token usage: 0.00, swa token usage: 0.02, #running-req: 0, #queue-req: 1, #pending-token: 251904, cuda graph: False, input throughput (token/s): 2928.46
[2m2026-09-30T22:52:44.117858Z[0m [32m INFO[0m [2mmetrics_reporter.report_prefill_stats[0m[2m:[0m Prefill batch, #new-seq: 1, #new-token: 4096, #cached-token: 0, full token usage: 0.01, swa token usage: 0.02, #running-req: 0, #queue-req: 1, #pending-token: 503808, cuda graph: False, input throughput (token/s): 10694.58
[2m2026-09-30T22:52:44.506604Z[0m [32m INFO[0m [2mmetrics_reporter.report_prefill_stats[0m[2m:[0m Prefill batch, #new-seq: 1, #new-token: 4096, #cached-token: 0, full token usage: 0.01, swa token usage: 0.02, #running-req: 0, #queue-req: 1, #pending-token: 499712, cuda graph: False, input throughput (token/s): 10536.40
[2m2026-09-30T22:52:44.897112Z[0m [32m INFO[0m [2mmetrics_reporter.report_prefill_stats[0m[2m:[0m Prefill batch, #new-seq: 1, #new-token: 4096, #cached-token: 0, full token usage: 0.01, swa token usage: 0.02, #running-req: 0, #queue-req: 1, #pending-token: 495616, cuda graph: False, input throughput (token/s): 10488.89
[2m2026-09-30T22:52:45.291093Z[0m [32m INFO[0m [2mmetrics_reporter.report_prefill_stats[0m[2m:[0m Prefill batch, #new-seq: 1, #new-token: 4096, #cached-token: 0, full token usage: 0.01, swa token usage: 0.02, #running-req: 0, #queue-req: 1, #pending-token: 491520, cuda graph: False, input throughput (token/s): 10396.19
[2m2026-09-30T22:52:45.687634Z[0m [32m INFO[0m [2mmetrics_reporter.report_prefill_stats[0m[2m:[0m Prefill batch, #new-seq: 1, #new-token: 4096, #cached-token: 0, full token usage: 0.02, swa token usage: 0.02, #running-req: 0, #queue-req: 1, #pending-token: 487424, cuda graph: False, input throughput (token/s): 10329.37
[2m2026-09-30T22:52:46.086783Z[0m [32m INFO[0m [2mmetrics_reporter.report_prefill_stats[0m[2m:[0m Prefill batch, #new-seq: 1, #new-token: 4096, #cached-token: 0, full token usage: 0.02, swa token usage: 0.02, #running-req: 0, #queue-req: 1, #pending-token: 483328, cuda graph: False, input throughput (token/s): 10262.18
[2m2026-09-30T22:52:46.491204Z[0m [32m INFO[0m [2mmetrics_reporter.report_prefill_stats[0m[2m:[0m Prefill batch, #new-seq: 1, #new-token: 4096, #cached-token: 0, full token usage: 0.02, swa token usage: 0.02, #running-req: 0, #queue-req: 1, #pending-token: 479232, cuda graph: False, input throughput (token/s): 10127.68
[2m2026-09-30T22:52:46.899333Z[0m [32m INFO[0m [2mmetrics_reporter.report_prefill_stats[0m[2m:[0m Prefill batch, #new-seq: 1, #new-token: 4096, #cached-token: 0, full token usage: 0.02, swa token usage: 0.02, #running-req: 0, #queue-req: 1, #pending-token: 475136, cuda graph: False, input throughput (token/s): 10036.22
[2m2026-09-30T22:52:47.310191Z[0m [32m INFO[0m [2mmetrics_reporter.report_prefill_stats[0m[2m:[0m Prefill batch, #new-seq: 1, #new-token: 4096, #cached-token: 0, full token usage: 0.03, swa token usage: 0.02, #running-req: 0, #queue-req: 1, #pending-token: 471040, cuda graph: False, input throughput (token/s): 9969.43
[2m2026-09-30T22:52:47.723494Z[0m [32m INFO[0m [2mmetrics_reporter.report_prefill_stats[0m[2m:[0m Prefill batch, #new-seq: 1, #new-token: 4096, #cached-token: 0, full token usage: 0.03, swa token usage: 0.02, #running-req: 0, #queue-req: 1, #pending-token: 466944, cuda graph: False, input throughput (token/s): 9911.23
[2m2026-09-30T22:52:48.140786Z[0m [32m INFO[0m [2mmetrics_reporter.report_prefill_stats[0m[2m:[0m Prefill batch, #new-seq: 1, #new-token: 4096, #cached-token: 0, full token usage: 0.03, swa token usage: 0.02, #running-req: 0, #queue-req: 1, #pending-token: 462848, cuda graph: False, input throughput (token/s): 9814.89
[2m2026-09-30T22:52:48.562028Z[0m [32m INFO[0m [2mmetrics_reporter.report_prefill_stats[0m[2m:[0m Prefill batch, #new-seq: 1, #new-token: 4096, #cached-token: 0, full token usage: 0.03, swa token usage: 0.02, #running-req: 0, #queue-req: 1, #pending-token: 458752, cuda graph: False, input throughput (token/s): 9723.71
[2m2026-09-30T22:52:48.985978Z[0m [32m INFO[0m [2mmetrics_reporter.report_prefill_stats[0m[2m:[0m Prefill batch, #new-seq: 1, #new-token: 4096, #cached-token: 0, full token usage: 0.03, swa token usage: 0.02, #running-req: 0, #queue-req: 1, #pending-token: 454656, cuda graph: False, input throughput (token/s): 9661.22
[2m2026-09-30T22:52:49.412559Z[0m [32m INFO[0m [2mmetrics_reporter.report_prefill_stats[0m[2m:[0m Prefill batch, #new-seq: 1, #new-token: 4096, #cached-token: 0, full token usage: 0.04, swa token usage: 0.02, #running-req: 0, #queue-req: 1, #pending-token: 450560, cuda graph: False, input throughput (token/s): 9602.08
[2m2026-09-30T22:52:49.844736Z[0m [32m INFO[0m [2mmetrics_reporter.report_prefill_stats[0m[2m:[0m Prefill batch, #new-seq: 1, #new-token: 4096, #cached-token: 0, full token usage: 0.04, swa token usage: 0.02, #running-req: 0, #queue-req: 1, #pending-token: 446464, cuda graph: False, input throughput (token/s): 9477.71
[2m2026-09-30T22:52:50.280456Z[0m [32m INFO[0m [2mmetrics_reporter.report_prefill_stats[0m[2m:[0m Prefill batch, #new-seq: 1, #new-token: 4096, #cached-token: 0, full token usage: 0.04, swa token usage: 0.02, #running-req: 0, #queue-req: 1, #pending-token: 442368, cuda graph: False, input throughput (token/s): 9400.41
[2m2026-09-30T22:52:50.718989Z[0m [32m INFO[0m [2mmetrics_reporter.report_prefill_stats[0m[2m:[0m Prefill batch, #new-seq: 1, #new-token: 4096, #cached-token: 0, full token usage: 0.04, swa token usage: 0.02, #running-req: 0, #queue-req: 1, #pending-token: 438272, cuda graph: False, input throughput (token/s): 9340.49
[2m2026-09-30T22:52:51.159842Z[0m [32m INFO[0m [2mmetrics_reporter.report_prefill_stats[0m[2m:[0m Prefill batch, #new-seq: 1, #new-token: 4096, #cached-token: 0, full token usage: 0.05, swa token usage: 0.02, #running-req: 0, #queue-req: 1, #pending-token: 434176, cuda graph: False, input throughput (token/s): 9290.90
[2m2026-09-30T22:52:51.606160Z[0m [32m INFO[0m [2mmetrics_reporter.report_prefill_stats[0m[2m:[0m Prefill batch, #new-seq: 1, #new-token: 4096, #cached-token: 0, full token usage: 0.05, swa token usage: 0.02, #running-req: 0, #queue-req: 1, #pending-token: 430080, cuda graph: False, input throughput (token/s): 9177.17
[2m2026-09-30T22:52:52.058493Z[0m [32m INFO[0m [2mmetrics_reporter.report_prefill_stats[0m[2m:[0m Prefill batch, #new-seq: 1, #new-token: 4096, #cached-token: 0, full token usage: 0.05, swa token usage: 0.02, #running-req: 0, #queue-req: 1, #pending-token: 425984, cuda graph: False, input throughput (token/s): 9055.46
[2m2026-09-30T22:52:52.530808Z[0m [32m INFO[0m [2mmetrics_reporter.report_prefill_stats[0m[2m:[0m Prefill batch, #new-seq: 1, #new-token: 4096, #cached-token: 0, full token usage: 0.05, swa token usage: 0.02, #running-req: 0, #queue-req: 1, #pending-token: 421888, cuda graph: False, input throughput (token/s): 8672.20
[2m2026-09-30T22:52:52.987251Z[0m [32m INFO[0m [2mmetrics_reporter.report_prefill_stats[0m[2m:[0m Prefill batch, #new-seq: 1, #new-token: 4096, #cached-token: 0, full token usage: 0.06, swa token usage: 0.02, #running-req: 0, #queue-req: 1, #pending-token: 417792, cuda graph: False, input throughput (token/s): 8974.01
[2m2026-09-30T22:52:53.449759Z[0m [32m INFO[0m [2mmetrics_reporter.report_prefill_stats[0m[2m:[0m Prefill batch, #new-seq: 1, #new-token: 4096, #cached-token: 0, full token usage: 0.06, swa token usage: 0.02, #running-req: 0, #queue-req: 1, #pending-token: 413696, cuda graph: False, input throughput (token/s): 8855.84
[2m2026-09-30T22:52:53.918276Z[0m [32m INFO[0m [2mmetrics_reporter.report_prefill_stats[0m[2m:[0m Prefill batch, #new-seq: 1, #new-token: 4096, #cached-token: 0, full token usage: 0.06, swa token usage: 0.02, #running-req: 0, #queue-req: 1, #pending-token: 409600, cuda graph: False, input throughput (token/s): 8742.81
[2m2026-09-30T22:52:54.389699Z[0m [32m INFO[0m [2mmetrics_reporter.report_prefill_stats[0m[2m:[0m Prefill batch, #new-seq: 1, #new-token: 4096, #cached-token: 0, full token usage: 0.06, swa token usage: 0.02, #running-req: 0, #queue-req: 1, #pending-token: 405504, cuda graph: False, input throughput (token/s): 8688.19
[2m2026-09-30T22:52:54.863271Z[0m [32m INFO[0m [2mmetrics_reporter.report_prefill_stats[0m[2m:[0m Prefill batch, #new-seq: 1, #new-token: 4096, #cached-token: 0, full token usage: 0.07, swa token usage: 0.02, #running-req: 0, #queue-req: 1, #pending-token: 401408, cuda graph: False, input throughput (token/s): 8649.18
[2m2026-09-30T22:52:55.342066Z[0m [32m INFO[0m [2mmetrics_reporter.report_prefill_stats[0m[2m:[0m Prefill batch, #new-seq: 1, #new-token: 4096, #cached-token: 0, full token usage: 0.07, swa token usage: 0.02, #running-req: 0, #queue-req: 1, #pending-token: 397312, cuda graph: False, input throughput (token/s): 8554.63
[2m2026-09-30T22:52:55.824273Z[0m [32m INFO[0m [2mmetrics_reporter.report_prefill_stats[0m[2m:[0m Prefill batch, #new-seq: 1, #new-token: 4096, #cached-token: 0, full token usage: 0.07, swa token usage: 0.02, #running-req: 0, #queue-req: 1, #pending-token: 393216, cuda graph: False, input throughput (token/s): 8494.61
[2m2026-09-30T22:52:56.309321Z[0m [32m INFO[0m [2mmetrics_reporter.report_prefill_stats[0m[2m:[0m Prefill batch, #new-seq: 1, #new-token: 4096, #cached-token: 0, full token usage: 0.07, swa token usage: 0.02, #running-req: 0, #queue-req: 1, #pending-token: 389120, cuda graph: False, input throughput (token/s): 8444.30
[2m2026-09-30T22:52:56.800028Z[0m [32m INFO[0m [2mmetrics_reporter.report_prefill_stats[0m[2m:[0m Prefill batch, #new-seq: 1, #new-token: 4096, #cached-token: 0, full token usage: 0.07, swa token usage: 0.02, #running-req: 0, #queue-req: 1, #pending-token: 385024, cuda graph: False, input throughput (token/s): 8347.93
[2m2026-09-30T22:52:57.294476Z[0m [32m INFO[0m [2mmetrics_reporter.report_prefill_stats[0m[2m:[0m Prefill batch, #new-seq: 1, #new-token: 4096, #cached-token: 0, full token usage: 0.08, swa token usage: 0.02, #running-req: 0, #queue-req: 1, #pending-token: 380928, cuda graph: False, input throughput (token/s): 8283.19
[2m2026-09-30T22:52:57.793425Z[0m [32m INFO[0m [2mmetrics_reporter.report_prefill_stats[0m[2m:[0m Prefill batch, #new-seq: 1, #new-token: 4096, #cached-token: 0, full token usage: 0.08, swa token usage: 0.02, #running-req: 0, #queue-req: 1, #pending-token: 376832, cuda graph: False, input throughput (token/s): 8209.50
[2m2026-09-30T22:52:58.295405Z[0m [32m INFO[0m [2mmetrics_reporter.report_prefill_stats[0m[2m:[0m Prefill batch, #new-seq: 1, #new-token: 4096, #cached-token: 0, full token usage: 0.08, swa token usage: 0.02, #running-req: 0, #queue-req: 1, #pending-token: 372736, cuda graph: False, input throughput (token/s): 8159.54
[2m2026-09-30T22:52:58.800940Z[0m [32m INFO[0m [2mmetrics_reporter.report_prefill_stats[0m[2m:[0m Prefill batch, #new-seq: 1, #new-token: 4096, #cached-token: 0, full token usage: 0.08, swa token usage: 0.02, #running-req: 0, #queue-req: 1, #pending-token: 368640, cuda graph: False, input throughput (token/s): 8102.35
[2m2026-09-30T22:52:59.315980Z[0m [32m INFO[0m [2mmetrics_reporter.report_prefill_stats[0m[2m:[0m Prefill batch, #new-seq: 1, #new-token: 4096, #cached-token: 0, full token usage: 0.09, swa token usage: 0.02, #running-req: 0, #queue-req: 1, #pending-token: 364544, cuda graph: False, input throughput (token/s): 7952.78
[2m2026-09-30T22:52:59.832809Z[0m [32m INFO[0m [2mmetrics_reporter.report_prefill_stats[0m[2m:[0m Prefill batch, #new-seq: 1, #new-token: 4096, #cached-token: 0, full token usage: 0.09, swa token usage: 0.02, #running-req: 0, #queue-req: 1, #pending-token: 360448, cuda graph: False, input throughput (token/s): 7925.42
[2m2026-09-30T22:53:00.354108Z[0m [32m INFO[0m [2mmetrics_reporter.report_prefill_stats[0m[2m:[0m Prefill batch, #new-seq: 1, #new-token: 4096, #cached-token: 0, full token usage: 0.09, swa token usage: 0.02, #running-req: 0, #queue-req: 1, #pending-token: 356352, cuda graph: False, input throughput (token/s): 7857.03
[2m2026-09-30T22:53:00.877362Z[0m [32m INFO[0m [2mmetrics_reporter.report_prefill_stats[0m[2m:[0m Prefill batch, #new-seq: 1, #new-token: 4096, #cached-token: 0, full token usage: 0.09, swa token usage: 0.02, #running-req: 0, #queue-req: 1, #pending-token: 352256, cuda graph: False, input throughput (token/s): 7828.13
[2m2026-09-30T22:53:01.408876Z[0m [32m INFO[0m [2mmetrics_reporter.report_prefill_stats[0m[2m:[0m Prefill batch, #new-seq: 1, #new-token: 4096, #cached-token: 0, full token usage: 0.10, swa token usage: 0.02, #running-req: 0, #queue-req: 1, #pending-token: 348160, cuda graph: False, input throughput (token/s): 7706.19
[2m2026-09-30T22:53:01.946091Z[0m [32m INFO[0m [2mmetrics_reporter.report_prefill_stats[0m[2m:[0m Prefill batch, #new-seq: 1, #new-token: 4096, #cached-token: 0, full token usage: 0.10, swa token usage: 0.02, #running-req: 0, #queue-req: 1, #pending-token: 344064, cuda graph: False, input throughput (token/s): 7624.42
[2m2026-09-30T22:53:02.486569Z[0m [32m INFO[0m [2mmetrics_reporter.report_prefill_stats[0m[2m:[0m Prefill batch, #new-seq: 1, #new-token: 4096, #cached-token: 0, full token usage: 0.10, swa token usage: 0.02, #running-req: 0, #queue-req: 1, #pending-token: 339968, cuda graph: False, input throughput (token/s): 7578.49
[2m2026-09-30T22:53:03.029515Z[0m [32m INFO[0m [2mmetrics_reporter.report_prefill_stats[0m[2m:[0m Prefill batch, #new-seq: 1, #new-token: 4096, #cached-token: 0, full token usage: 0.10, swa token usage: 0.02, #running-req: 0, #queue-req: 1, #pending-token: 335872, cuda graph: False, input throughput (token/s): 7544.10
[2m2026-09-30T22:53:03.580668Z[0m [32m INFO[0m [2mmetrics_reporter.report_prefill_stats[0m[2m:[0m Prefill batch, #new-seq: 1, #new-token: 4096, #cached-token: 0, full token usage: 0.10, swa token usage: 0.02, #running-req: 0, #queue-req: 1, #pending-token: 331776, cuda graph: False, input throughput (token/s): 7431.54
[2m2026-09-30T22:53:04.186892Z[0m [32m INFO[0m [2mmetrics_reporter.report_prefill_stats[0m[2m:[0m Prefill batch, #new-seq: 1, #new-token: 4096, #cached-token: 0, full token usage: 0.11, swa token usage: 0.02, #running-req: 0, #queue-req: 1, #pending-token: 327680, cuda graph: False, input throughput (token/s): 6756.66
[2m2026-09-30T22:53:04.748793Z[0m [32m INFO[0m [2mmetrics_reporter.report_prefill_stats[0m[2m:[0m Prefill batch, #new-seq: 1, #new-token: 4096, #cached-token: 0, full token usage: 0.11, swa token usage: 0.02, #running-req: 0, #queue-req: 1, #pending-token: 323584, cuda graph: False, input throughput (token/s): 7289.67
[2m2026-09-30T22:53:05.310083Z[0m [32m INFO[0m [2mmetrics_reporter.report_prefill_stats[0m[2m:[0m Prefill batch, #new-seq: 1, #new-token: 4096, #cached-token: 0, full token usage: 0.11, swa token usage: 0.02, #running-req: 0, #queue-req: 1, #pending-token: 319488, cuda graph: False, input throughput (token/s): 7297.41
[2m2026-09-30T22:53:05.879821Z[0m [32m INFO[0m [2mmetrics_reporter.report_prefill_stats[0m[2m:[0m Prefill batch, #new-seq: 1, #new-token: 4096, #cached-token: 0, full token usage: 0.11, swa token usage: 0.02, #running-req: 0, #queue-req: 1, #pending-token: 315392, cuda graph: False, input throughput (token/s): 7189.38
[2m2026-09-30T22:53:06.453566Z[0m [32m INFO[0m [2mmetrics_reporter.report_prefill_stats[0m[2m:[0m Prefill batch, #new-seq: 1, #new-token: 4096, #cached-token: 0, full token usage: 0.12, swa token usage: 0.02, #running-req: 0, #queue-req: 1, #pending-token: 311296, cuda graph: False, input throughput (token/s): 7138.92
[2m2026-09-30T22:53:07.034327Z[0m [32m INFO[0m [2mmetrics_reporter.report_prefill_stats[0m[2m:[0m Prefill batch, #new-seq: 1, #new-token: 4096, #cached-token: 0, full token usage: 0.12, swa token usage: 0.02, #running-req: 0, #queue-req: 1, #pending-token: 307200, cuda graph: False, input throughput (token/s): 7052.84
[2m2026-09-30T22:53:07.613694Z[0m [32m INFO[0m [2mmetrics_reporter.report_prefill_stats[0m[2m:[0m Prefill batch, #new-seq: 1, #new-token: 4096, #cached-token: 0, full token usage: 0.12, swa token usage: 0.02, #running-req: 0, #queue-req: 1, #pending-token: 303104, cuda graph: False, input throughput (token/s): 7069.77
[2m2026-09-30T22:53:08.200148Z[0m [32m INFO[0m [2mmetrics_reporter.report_prefill_stats[0m[2m:[0m Prefill batch, #new-seq: 1, #new-token: 4096, #cached-token: 0, full token usage: 0.12, swa token usage: 0.02, #running-req: 0, #queue-req: 1, #pending-token: 299008, cuda graph: False, input throughput (token/s): 6984.55
[2m2026-09-30T22:53:08.791536Z[0m [32m INFO[0m [2mmetrics_reporter.report_prefill_stats[0m[2m:[0m Prefill batch, #new-seq: 1, #new-token: 4096, #cached-token: 0, full token usage: 0.13, swa token usage: 0.02, #running-req: 0, #queue-req: 1, #pending-token: 294912, cuda graph: False, input throughput (token/s): 6925.82
[2m2026-09-30T22:53:09.388422Z[0m [32m INFO[0m [2mmetrics_reporter.report_prefill_stats[0m[2m:[0m Prefill batch, #new-seq: 1, #new-token: 4096, #cached-token: 0, full token usage: 0.13, swa token usage: 0.02, #running-req: 0, #queue-req: 1, #pending-token: 290816, cuda graph: False, input throughput (token/s): 6862.34
[2m2026-09-30T22:53:09.986689Z[0m [32m INFO[0m [2mmetrics_reporter.report_prefill_stats[0m[2m:[0m Prefill batch, #new-seq: 1, #new-token: 4096, #cached-token: 0, full token usage: 0.13, swa token usage: 0.02, #running-req: 0, #queue-req: 1, #pending-token: 286720, cuda graph: False, input throughput (token/s): 6846.38
[2m2026-09-30T22:53:10.592823Z[0m [32m INFO[0m [2mmetrics_reporter.report_prefill_stats[0m[2m:[0m Prefill batch, #new-seq: 1, #new-token: 4096, #cached-token: 0, full token usage: 0.13, swa token usage: 0.02, #running-req: 0, #queue-req: 1, #pending-token: 282624, cuda graph: False, input throughput (token/s): 6758.06
[2m2026-09-30T22:53:11.198148Z[0m [32m INFO[0m [2mmetrics_reporter.report_prefill_stats[0m[2m:[0m Prefill batch, #new-seq: 1, #new-token: 4096, #cached-token: 0, full token usage: 0.13, swa token usage: 0.02, #running-req: 0, #queue-req: 1, #pending-token: 278528, cuda graph: False, input throughput (token/s): 6766.21
[2m2026-09-30T22:53:11.818677Z[0m [32m INFO[0m [2mmetrics_reporter.report_prefill_stats[0m[2m:[0m Prefill batch, #new-seq: 1, #new-token: 4096, #cached-token: 0, full token usage: 0.14, swa token usage: 0.02, #running-req: 0, #queue-req: 1, #pending-token: 274432, cuda graph: False, input throughput (token/s): 6600.76
[2m2026-09-30T22:53:12.435782Z[0m [32m INFO[0m [2mmetrics_reporter.report_prefill_stats[0m[2m:[0m Prefill batch, #new-seq: 1, #new-token: 4096, #cached-token: 0, full token usage: 0.14, swa token usage: 0.02, #running-req: 0, #queue-req: 1, #pending-token: 270336, cuda graph: False, input throughput (token/s): 6637.61
[2m2026-09-30T22:53:13.059898Z[0m [32m INFO[0m [2mmetrics_reporter.report_prefill_stats[0m[2m:[0m Prefill batch, #new-seq: 1, #new-token: 4096, #cached-token: 0, full token usage: 0.14, swa token usage: 0.02, #running-req: 0, #queue-req: 1, #pending-token: 266240, cuda graph: False, input throughput (token/s): 6562.72
[2m2026-09-30T22:53:13.724249Z[0m [32m INFO[0m [2mmetrics_reporter.report_prefill_stats[0m[2m:[0m Prefill batch, #new-seq: 1, #new-token: 4096, #cached-token: 0, full token usage: 0.14, swa token usage: 0.02, #running-req: 0, #queue-req: 1, #pending-token: 262144, cuda graph: False, input throughput (token/s): 6165.43
[2m2026-09-30T22:53:14.519934Z[0m [32m INFO[0m [2mmetrics_reporter.report_prefill_stats[0m[2m:[0m Prefill batch, #new-seq: 1, #new-token: 4096, #cached-token: 0, full token usage: 0.15, swa token usage: 0.02, #running-req: 0, #queue-req: 0, #pending-token: 258048, cuda graph: False, input throughput (token/s): 5147.81
[2m2026-09-30T22:53:14.812129Z[0m [32m INFO[0m [2mmetrics_reporter.report_prefill_stats[0m[2m:[0m Prefill batch, #new-seq: 2, #new-token: 4096, #cached-token: 0, full token usage: 0.15, swa token usage: 0.03, #running-req: 0, #queue-req: 0, #pending-token: 253952, cuda graph: False, input throughput (token/s): 14018.70
[2m2026-09-30T22:53:15.169536Z[0m [32m INFO[0m [2mmetrics_reporter.report_prefill_stats[0m[2m:[0m Prefill batch, #new-seq: 1, #new-token: 4096, #cached-token: 0, full token usage: 0.15, swa token usage: 0.03, #running-req: 1, #queue-req: 0, #pending-token: 249856, cuda graph: False, input throughput (token/s): 11459.91
[2m2026-09-30T22:53:15.555757Z[0m [32m INFO[0m [2mmetrics_reporter.report_prefill_stats[0m[2m:[0m Prefill batch, #new-seq: 1, #new-token: 4096, #cached-token: 0, full token usage: 0.15, swa token usage: 0.03, #running-req: 1, #queue-req: 0, #pending-token: 245760, cuda graph: False, input throughput (token/s): 10605.45
[2m2026-09-30T22:53:15.945914Z[0m [32m INFO[0m [2mmetrics_reporter.report_prefill_stats[0m[2m:[0m Prefill batch, #new-seq: 1, #new-token: 4096, #cached-token: 0, full token usage: 0.16, swa token usage: 0.03, #running-req: 1, #queue-req: 0, #pending-token: 241664, cuda graph: False, input throughput (token/s): 10497.62
[2m2026-09-30T22:53:16.340458Z[0m [32m INFO[0m [2mmetrics_reporter.report_prefill_stats[0m[2m:[0m Prefill batch, #new-seq: 1, #new-token: 4096, #cached-token: 0, full token usage: 0.16, swa token usage: 0.03, #running-req: 1, #queue-req: 0, #pending-token: 237568, cuda graph: False, input throughput (token/s): 10381.99
[2m2026-09-30T22:53:16.737692Z[0m [32m INFO[0m [2mmetrics_reporter.report_prefill_stats[0m[2m:[0m Prefill batch, #new-seq: 1, #new-token: 4096, #cached-token: 0, full token usage: 0.16, swa token usage: 0.03, #running-req: 1, #queue-req: 0, #pending-token: 233472, cuda graph: False, input throughput (token/s): 10311.04
[2m2026-09-30T22:53:17.137175Z[0m [32m INFO[0m [2mmetrics_reporter.report_prefill_stats[0m[2m:[0m Prefill batch, #new-seq: 1, #new-token: 4096, #cached-token: 0, full token usage: 0.16, swa token usage: 0.03, #running-req: 1, #queue-req: 0, #pending-token: 229376, cuda graph: False, input throughput (token/s): 10253.35
[2m2026-09-30T22:53:17.540949Z[0m [32m INFO[0m [2mmetrics_reporter.report_prefill_stats[0m[2m:[0m Prefill batch, #new-seq: 1, #new-token: 4096, #cached-token: 0, full token usage: 0.17, swa token usage: 0.03, #running-req: 1, #queue-req: 0, #pending-token: 225280, cuda graph: False, input throughput (token/s): 10144.48
[2m2026-09-30T22:53:17.949690Z[0m [32m INFO[0m [2mmetrics_reporter.report_prefill_stats[0m[2m:[0m Prefill batch, #new-seq: 1, #new-token: 4096, #cached-token: 0, full token usage: 0.17, swa token usage: 0.03, #running-req: 1, #queue-req: 0, #pending-token: 221184, cuda graph: False, input throughput (token/s): 10020.83
[2m2026-09-30T22:53:18.361432Z[0m [32m INFO[0m [2mmetrics_reporter.report_prefill_stats[0m[2m:[0m Prefill batch, #new-seq: 1, #new-token: 4096, #cached-token: 0, full token usage: 0.17, swa token usage: 0.03, #running-req: 1, #queue-req: 0, #pending-token: 217088, cuda graph: False, input throughput (token/s): 9947.94
[2m2026-09-30T22:53:18.775326Z[0m [32m INFO[0m [2mmetrics_reporter.report_prefill_stats[0m[2m:[0m Prefill batch, #new-seq: 1, #new-token: 4096, #cached-token: 0, full token usage: 0.17, swa token usage: 0.03, #running-req: 1, #queue-req: 0, #pending-token: 212992, cuda graph: False, input throughput (token/s): 9896.32
[2m2026-09-30T22:53:19.191676Z[0m [32m INFO[0m [2mmetrics_reporter.report_prefill_stats[0m[2m:[0m Prefill batch, #new-seq: 1, #new-token: 4096, #cached-token: 0, full token usage: 0.17, swa token usage: 0.03, #running-req: 1, #queue-req: 0, #pending-token: 208896, cuda graph: False, input throughput (token/s): 9837.91
[2m2026-09-30T22:53:19.614031Z[0m [32m INFO[0m [2mmetrics_reporter.report_prefill_stats[0m[2m:[0m Prefill batch, #new-seq: 1, #new-token: 4096, #cached-token: 0, full token usage: 0.18, swa token usage: 0.03, #running-req: 1, #queue-req: 0, #pending-token: 204800, cuda graph: False, input throughput (token/s): 9697.94
[2m2026-09-30T22:53:20.041012Z[0m [32m INFO[0m [2mmetrics_reporter.report_prefill_stats[0m[2m:[0m Prefill batch, #new-seq: 1, #new-token: 4096, #cached-token: 0, full token usage: 0.18, swa token usage: 0.03, #running-req: 1, #queue-req: 0, #pending-token: 200704, cuda graph: False, input throughput (token/s): 9593.20
[2m2026-09-30T22:53:20.470483Z[0m [32m INFO[0m [2mmetrics_reporter.report_prefill_stats[0m[2m:[0m Prefill batch, #new-seq: 1, #new-token: 4096, #cached-token: 0, full token usage: 0.18, swa token usage: 0.03, #running-req: 1, #queue-req: 0, #pending-token: 196608, cuda graph: False, input throughput (token/s): 9537.29
[2m2026-09-30T22:53:20.906288Z[0m [32m INFO[0m [2mmetrics_reporter.report_prefill_stats[0m[2m:[0m Prefill batch, #new-seq: 1, #new-token: 4096, #cached-token: 0, full token usage: 0.18, swa token usage: 0.03, #running-req: 1, #queue-req: 0, #pending-token: 192512, cuda graph: False, input throughput (token/s): 9398.67
[2m2026-09-30T22:53:21.343058Z[0m [32m INFO[0m [2mmetrics_reporter.report_prefill_stats[0m[2m:[0m Prefill batch, #new-seq: 1, #new-token: 4096, #cached-token: 0, full token usage: 0.19, swa token usage: 0.03, #running-req: 1, #queue-req: 0, #pending-token: 188416, cuda graph: False, input throughput (token/s): 9377.92
[2m2026-09-30T22:53:21.783787Z[0m [32m INFO[0m [2mmetrics_reporter.report_prefill_stats[0m[2m:[0m Prefill batch, #new-seq: 1, #new-token: 4096, #cached-token: 0, full token usage: 0.19, swa token usage: 0.03, #running-req: 1, #queue-req: 0, #pending-token: 184320, cuda graph: False, input throughput (token/s): 9293.91
[2m2026-09-30T22:53:22.228259Z[0m [32m INFO[0m [2mmetrics_reporter.report_prefill_stats[0m[2m:[0m Prefill batch, #new-seq: 1, #new-token: 4096, #cached-token: 0, full token usage: 0.19, swa token usage: 0.03, #running-req: 1, #queue-req: 0, #pending-token: 180224, cuda graph: False, input throughput (token/s): 9215.06
[2m2026-09-30T22:53:22.674631Z[0m [32m INFO[0m [2mmetrics_reporter.report_prefill_stats[0m[2m:[0m Prefill batch, #new-seq: 1, #new-token: 4096, #cached-token: 0, full token usage: 0.19, swa token usage: 0.03, #running-req: 1, #queue-req: 0, #pending-token: 176128, cuda graph: False, input throughput (token/s): 9176.26
[2m2026-09-30T22:53:23.125209Z[0m [32m INFO[0m [2mmetrics_reporter.report_prefill_stats[0m[2m:[0m Prefill batch, #new-seq: 1, #new-token: 4096, #cached-token: 0, full token usage: 0.20, swa token usage: 0.03, #running-req: 1, #queue-req: 0, #pending-token: 172032, cuda graph: False, input throughput (token/s): 9090.51
[2m2026-09-30T22:53:23.582073Z[0m [32m INFO[0m [2mmetrics_reporter.report_prefill_stats[0m[2m:[0m Prefill batch, #new-seq: 1, #new-token: 4096, #cached-token: 0, full token usage: 0.20, swa token usage: 0.03, #running-req: 1, #queue-req: 0, #pending-token: 167936, cuda graph: False, input throughput (token/s): 8967.09
[2m2026-09-30T22:53:24.043564Z[0m [32m INFO[0m [2mmetrics_reporter.report_prefill_stats[0m[2m:[0m Prefill batch, #new-seq: 1, #new-token: 4096, #cached-token: 0, full token usage: 0.20, swa token usage: 0.03, #running-req: 1, #queue-req: 0, #pending-token: 163840, cuda graph: False, input throughput (token/s): 8874.09
[2m2026-09-30T22:53:24.506714Z[0m [32m INFO[0m [2mmetrics_reporter.report_prefill_stats[0m[2m:[0m Prefill batch, #new-seq: 1, #new-token: 4096, #cached-token: 0, full token usage: 0.20, swa token usage: 0.03, #running-req: 1, #queue-req: 0, #pending-token: 159744, cuda graph: False, input throughput (token/s): 8843.88
[2m2026-09-30T22:53:24.975196Z[0m [32m INFO[0m [2mmetrics_reporter.report_prefill_stats[0m[2m:[0m Prefill batch, #new-seq: 1, #new-token: 4096, #cached-token: 0, full token usage: 0.20, swa token usage: 0.03, #running-req: 1, #queue-req: 0, #pending-token: 155648, cuda graph: False, input throughput (token/s): 8742.90
[2m2026-09-30T22:53:25.449272Z[0m [32m INFO[0m [2mmetrics_reporter.report_prefill_stats[0m[2m:[0m Prefill batch, #new-seq: 1, #new-token: 4096, #cached-token: 0, full token usage: 0.21, swa token usage: 0.03, #running-req: 1, #queue-req: 0, #pending-token: 151552, cuda graph: False, input throughput (token/s): 8640.16
[2m2026-09-30T22:53:25.925510Z[0m [32m INFO[0m [2mmetrics_reporter.report_prefill_stats[0m[2m:[0m Prefill batch, #new-seq: 1, #new-token: 4096, #cached-token: 0, full token usage: 0.21, swa token usage: 0.03, #running-req: 1, #queue-req: 0, #pending-token: 147456, cuda graph: False, input throughput (token/s): 8600.88
[2m2026-09-30T22:53:26.408175Z[0m [32m INFO[0m [2mmetrics_reporter.report_prefill_stats[0m[2m:[0m Prefill batch, #new-seq: 1, #new-token: 4096, #cached-token: 0, full token usage: 0.21, swa token usage: 0.03, #running-req: 1, #queue-req: 0, #pending-token: 143360, cuda graph: False, input throughput (token/s): 8486.05
[2m2026-09-30T22:53:26.895872Z[0m [32m INFO[0m [2mmetrics_reporter.report_prefill_stats[0m[2m:[0m Prefill batch, #new-seq: 1, #new-token: 4096, #cached-token: 0, full token usage: 0.21, swa token usage: 0.03, #running-req: 1, #queue-req: 0, #pending-token: 139264, cuda graph: False, input throughput (token/s): 8398.85
[2m2026-09-30T22:53:27.386689Z[0m [32m INFO[0m [2mmetrics_reporter.report_prefill_stats[0m[2m:[0m Prefill batch, #new-seq: 1, #new-token: 4096, #cached-token: 0, full token usage: 0.22, swa token usage: 0.03, #running-req: 1, #queue-req: 0, #pending-token: 135168, cuda graph: False, input throughput (token/s): 8345.21
[2m2026-09-30T22:53:27.877334Z[0m [32m INFO[0m [2mmetrics_reporter.report_prefill_stats[0m[2m:[0m Prefill batch, #new-seq: 1, #new-token: 4096, #cached-token: 0, full token usage: 0.22, swa token usage: 0.03, #running-req: 1, #queue-req: 0, #pending-token: 131072, cuda graph: False, input throughput (token/s): 8348.01
[2m2026-09-30T22:53:28.373554Z[0m [32m INFO[0m [2mmetrics_reporter.report_prefill_stats[0m[2m:[0m Prefill batch, #new-seq: 1, #new-token: 4096, #cached-token: 0, full token usage: 0.22, swa token usage: 0.03, #running-req: 1, #queue-req: 0, #pending-token: 126976, cuda graph: False, input throughput (token/s): 8254.45
[2m2026-09-30T22:53:28.873966Z[0m [32m INFO[0m [2mmetrics_reporter.report_prefill_stats[0m[2m:[0m Prefill batch, #new-seq: 1, #new-token: 4096, #cached-token: 0, full token usage: 0.22, swa token usage: 0.03, #running-req: 1, #queue-req: 0, #pending-token: 122880, cuda graph: False, input throughput (token/s): 8185.17
[2m2026-09-30T22:53:29.380591Z[0m [32m INFO[0m [2mmetrics_reporter.report_prefill_stats[0m[2m:[0m Prefill batch, #new-seq: 1, #new-token: 4096, #cached-token: 0, full token usage: 0.23, swa token usage: 0.03, #running-req: 1, #queue-req: 0, #pending-token: 118784, cuda graph: False, input throughput (token/s): 8084.81
[2m2026-09-30T22:53:29.889792Z[0m [32m INFO[0m [2mmetrics_reporter.report_prefill_stats[0m[2m:[0m Prefill batch, #new-seq: 1, #new-token: 4096, #cached-token: 0, full token usage: 0.23, swa token usage: 0.03, #running-req: 1, #queue-req: 0, #pending-token: 114688, cuda graph: False, input throughput (token/s): 8045.14
[2m2026-09-30T22:53:30.402203Z[0m [32m INFO[0m [2mmetrics_reporter.report_prefill_stats[0m[2m:[0m Prefill batch, #new-seq: 1, #new-token: 4096, #cached-token: 0, full token usage: 0.23, swa token usage: 0.03, #running-req: 1, #queue-req: 0, #pending-token: 110592, cuda graph: False, input throughput (token/s): 7992.57
[2m2026-09-30T22:53:30.921710Z[0m [32m INFO[0m [2mmetrics_reporter.report_prefill_stats[0m[2m:[0m Prefill batch, #new-seq: 1, #new-token: 4096, #cached-token: 0, full token usage: 0.23, swa token usage: 0.03, #running-req: 1, #queue-req: 0, #pending-token: 106496, cuda graph: False, input throughput (token/s): 7884.46
[2m2026-09-30T22:53:31.445082Z[0m [32m INFO[0m [2mmetrics_reporter.report_prefill_stats[0m[2m:[0m Prefill batch, #new-seq: 1, #new-token: 4096, #cached-token: 0, full token usage: 0.23, swa token usage: 0.03, #running-req: 1, #queue-req: 0, #pending-token: 102400, cuda graph: False, input throughput (token/s): 7825.99
[2m2026-09-30T22:53:31.974174Z[0m [32m INFO[0m [2mmetrics_reporter.report_prefill_stats[0m[2m:[0m Prefill batch, #new-seq: 1, #new-token: 4096, #cached-token: 0, full token usage: 0.24, swa token usage: 0.03, #running-req: 1, #queue-req: 0, #pending-token: 98304, cuda graph: False, input throughput (token/s): 7741.61
[2m2026-09-30T22:53:32.509176Z[0m [32m INFO[0m [2mmetrics_reporter.report_prefill_stats[0m[2m:[0m Prefill batch, #new-seq: 1, #new-token: 4096, #cached-token: 0, full token usage: 0.24, swa token usage: 0.03, #running-req: 1, #queue-req: 0, #pending-token: 94208, cuda graph: False, input throughput (token/s): 7656.04
[2m2026-09-30T22:53:33.048235Z[0m [32m INFO[0m [2mmetrics_reporter.report_prefill_stats[0m[2m:[0m Prefill batch, #new-seq: 1, #new-token: 4096, #cached-token: 0, full token usage: 0.24, swa token usage: 0.03, #running-req: 1, #queue-req: 0, #pending-token: 90112, cuda graph: False, input throughput (token/s): 7598.40
[2m2026-09-30T22:53:33.593609Z[0m [32m INFO[0m [2mmetrics_reporter.report_prefill_stats[0m[2m:[0m Prefill batch, #new-seq: 1, #new-token: 4096, #cached-token: 0, full token usage: 0.24, swa token usage: 0.03, #running-req: 1, #queue-req: 0, #pending-token: 86016, cuda graph: False, input throughput (token/s): 7510.46
[2m2026-09-30T22:53:34.138835Z[0m [32m INFO[0m [2mmetrics_reporter.report_prefill_stats[0m[2m:[0m Prefill batch, #new-seq: 1, #new-token: 4096, #cached-token: 0, full token usage: 0.25, swa token usage: 0.03, #running-req: 1, #queue-req: 0, #pending-token: 81920, cuda graph: False, input throughput (token/s): 7512.68
[2m2026-09-30T22:53:34.688354Z[0m [32m INFO[0m [2mmetrics_reporter.report_prefill_stats[0m[2m:[0m Prefill batch, #new-seq: 1, #new-token: 4096, #cached-token: 0, full token usage: 0.25, swa token usage: 0.03, #running-req: 1, #queue-req: 0, #pending-token: 77824, cuda graph: False, input throughput (token/s): 7453.60
[2m2026-09-30T22:53:35.243036Z[0m [32m INFO[0m [2mmetrics_reporter.report_prefill_stats[0m[2m:[0m Prefill batch, #new-seq: 1, #new-token: 4096, #cached-token: 0, full token usage: 0.25, swa token usage: 0.03, #running-req: 1, #queue-req: 0, #pending-token: 73728, cuda graph: False, input throughput (token/s): 7384.63
[2m2026-09-30T22:53:35.800922Z[0m [32m INFO[0m [2mmetrics_reporter.report_prefill_stats[0m[2m:[0m Prefill batch, #new-seq: 1, #new-token: 4096, #cached-token: 0, full token usage: 0.25, swa token usage: 0.03, #running-req: 1, #queue-req: 0, #pending-token: 69632, cuda graph: False, input throughput (token/s): 7341.82
[2m2026-09-30T22:53:36.367186Z[0m [32m INFO[0m [2mmetrics_reporter.report_prefill_stats[0m[2m:[0m Prefill batch, #new-seq: 1, #new-token: 4096, #cached-token: 0, full token usage: 0.26, swa token usage: 0.03, #running-req: 1, #queue-req: 0, #pending-token: 65536, cuda graph: False, input throughput (token/s): 7233.41
[2m2026-09-30T22:53:36.936074Z[0m [32m INFO[0m [2mmetrics_reporter.report_prefill_stats[0m[2m:[0m Prefill batch, #new-seq: 1, #new-token: 4096, #cached-token: 0, full token usage: 0.26, swa token usage: 0.03, #running-req: 1, #queue-req: 0, #pending-token: 61440, cuda graph: False, input throughput (token/s): 7199.93
[2m2026-09-30T22:53:37.511291Z[0m [32m INFO[0m [2mmetrics_reporter.report_prefill_stats[0m[2m:[0m Prefill batch, #new-seq: 1, #new-token: 4096, #cached-token: 0, full token usage: 0.26, swa token usage: 0.03, #running-req: 1, #queue-req: 0, #pending-token: 57344, cuda graph: False, input throughput (token/s): 7121.15
[2m2026-09-30T22:53:38.089611Z[0m [32m INFO[0m [2mmetrics_reporter.report_prefill_stats[0m[2m:[0m Prefill batch, #new-seq: 1, #new-token: 4096, #cached-token: 0, full token usage: 0.26, swa token usage: 0.03, #running-req: 1, #queue-req: 0, #pending-token: 53248, cuda graph: False, input throughput (token/s): 7082.19
[2m2026-09-30T22:53:38.671061Z[0m [32m INFO[0m [2mmetrics_reporter.report_prefill_stats[0m[2m:[0m Prefill batch, #new-seq: 1, #new-token: 4096, #cached-token: 0, full token usage: 0.27, swa token usage: 0.03, #running-req: 1, #queue-req: 0, #pending-token: 49152, cuda graph: False, input throughput (token/s): 7044.49
[2m2026-09-30T22:53:39.255637Z[0m [32m INFO[0m [2mmetrics_reporter.report_prefill_stats[0m[2m:[0m Prefill batch, #new-seq: 1, #new-token: 4096, #cached-token: 0, full token usage: 0.27, swa token usage: 0.03, #running-req: 1, #queue-req: 0, #pending-token: 45056, cuda graph: False, input throughput (token/s): 7006.80
[2m2026-09-30T22:53:39.849312Z[0m [32m INFO[0m [2mmetrics_reporter.report_prefill_stats[0m[2m:[0m Prefill batch, #new-seq: 1, #new-token: 4096, #cached-token: 0, full token usage: 0.27, swa token usage: 0.03, #running-req: 1, #queue-req: 0, #pending-token: 40960, cuda graph: False, input throughput (token/s): 6899.48
[2m2026-09-30T22:53:40.444852Z[0m [32m INFO[0m [2mmetrics_reporter.report_prefill_stats[0m[2m:[0m Prefill batch, #new-seq: 1, #new-token: 4096, #cached-token: 0, full token usage: 0.27, swa token usage: 0.03, #running-req: 1, #queue-req: 0, #pending-token: 36864, cuda graph: False, input throughput (token/s): 6877.79
[2m2026-09-30T22:53:41.040794Z[0m [32m INFO[0m [2mmetrics_reporter.report_prefill_stats[0m[2m:[0m Prefill batch, #new-seq: 1, #new-token: 4096, #cached-token: 0, full token usage: 0.27, swa token usage: 0.03, #running-req: 1, #queue-req: 0, #pending-token: 32768, cuda graph: False, input throughput (token/s): 6873.27
[2m2026-09-30T22:53:41.649378Z[0m [32m INFO[0m [2mmetrics_reporter.report_prefill_stats[0m[2m:[0m Prefill batch, #new-seq: 1, #new-token: 4096, #cached-token: 0, full token usage: 0.28, swa token usage: 0.03, #running-req: 1, #queue-req: 0, #pending-token: 28672, cuda graph: False, input throughput (token/s): 6730.26
[2m2026-09-30T22:53:42.258344Z[0m [32m INFO[0m [2mmetrics_reporter.report_prefill_stats[0m[2m:[0m Prefill batch, #new-seq: 1, #new-token: 4096, #cached-token: 0, full token usage: 0.28, swa token usage: 0.03, #running-req: 1, #queue-req: 0, #pending-token: 24576, cuda graph: False, input throughput (token/s): 6726.20
[2m2026-09-30T22:53:42.873817Z[0m [32m INFO[0m [2mmetrics_reporter.report_prefill_stats[0m[2m:[0m Prefill batch, #new-seq: 1, #new-token: 4096, #cached-token: 0, full token usage: 0.28, swa token usage: 0.03, #running-req: 1, #queue-req: 0, #pending-token: 20480, cuda graph: False, input throughput (token/s): 6655.03
[2m2026-09-30T22:53:43.499079Z[0m [32m INFO[0m [2mmetrics_reporter.report_prefill_stats[0m[2m:[0m Prefill batch, #new-seq: 1, #new-token: 4096, #cached-token: 0, full token usage: 0.28, swa token usage: 0.03, #running-req: 1, #queue-req: 0, #pending-token: 16384, cuda graph: False, input throughput (token/s): 6550.82
[2m2026-09-30T22:53:44.119998Z[0m [32m INFO[0m [2mmetrics_reporter.report_prefill_stats[0m[2m:[0m Prefill batch, #new-seq: 1, #new-token: 4096, #cached-token: 0, full token usage: 0.29, swa token usage: 0.03, #running-req: 1, #queue-req: 0, #pending-token: 12288, cuda graph: False, input throughput (token/s): 6596.66
[2m2026-09-30T22:53:44.742925Z[0m [32m INFO[0m [2mmetrics_reporter.report_prefill_stats[0m[2m:[0m Prefill batch, #new-seq: 1, #new-token: 4096, #cached-token: 0, full token usage: 0.29, swa token usage: 0.03, #running-req: 1, #queue-req: 0, #pending-token: 8192, cuda graph: False, input throughput (token/s): 6575.41
[2m2026-09-30T22:53:45.372894Z[0m [32m INFO[0m [2mmetrics_reporter.report_prefill_stats[0m[2m:[0m Prefill batch, #new-seq: 1, #new-token: 4096, #cached-token: 0, full token usage: 0.29, swa token usage: 0.03, #running-req: 1, #queue-req: 0, #pending-token: 4096, cuda graph: False, input throughput (token/s): 6501.93
[2m2026-09-30T22:53:45.601353Z[0m [32m INFO[0m [2mmetrics_reporter.report_prefill_stats[0m[2m:[0m Prefill batch, #new-seq: 1, #new-token: 4096, #cached-token: 0, full token usage: 0.29, swa token usage: 0.01, #running-req: 1, #queue-req: 0, #pending-token: 0, cuda graph: False, input throughput (token/s): 17929.28
[2m2026-09-30T22:53:45.877559Z[0m [32m INFO[0m [1mhandle_payload[0m: [2mdynamo_runtime::pipeline::network::ingress::push_handler[0m[2m:[0m request completed [3mrequest_id[0m[2m=[0m75b0807b-264b-4555-81e1-e7fb7d12d6c2 [2m[3mrequest_id[0m[2m=[0m"75b0807b-264b-4555-81e1-e7fb7d12d6c2" [3mcomponent[0m[2m=[0m"backend" [3mendpoint[0m[2m=[0m"generate" [3mnamespace[0m[2m=[0m"deepseek-v4-pro" [3minstance_id[0m[2m=[0m7668681235357845768[0m
[2m2026-09-30T22:53:46.082490Z[0m [32m INFO[0m [2mmetrics_reporter.report_decode_stats[0m[2m:[0m Decode batch, #running-req: 1, #full token: 256256, full token usage: 0.15, #swa token: 512, swa token usage: 0.00, cuda graph: True, gen throughput (token/s): 0.36, #queue-req: 0
[2m2026-09-30T22:53:46.454837Z[0m [32m INFO[0m [1mhandle_payload[0m: [2mdynamo_runtime::pipeline::network::ingress::push_handler[0m[2m:[0m request received [3mrequest_id[0m[2m=[0m90293d0e-7362-4c27-a93a-747233590e37 [2m[3mrequest_id[0m[2m=[0m"90293d0e-7362-4c27-a93a-747233590e37" [3mcomponent[0m[2m=[0m"backend" [3mendpoint[0m[2m=[0m"generate" [3mnamespace[0m[2m=[0m"deepseek-v4-pro" [3minstance_id[0m[2m=[0m7668681235357845768[0m
[2m2026-09-30T22:53:46.753254Z[0m [32m INFO[0m [2mmetrics_reporter.report_prefill_stats[0m[2m:[0m Prefill batch, #new-seq: 1, #new-token: 256, #cached-token: 256000, full token usage: 0.29, swa token usage: 0.01, #running-req: 1, #queue-req: 0, #pending-token: 0, cuda graph: False, input throughput (token/s): 222.24
[2m2026-09-30T22:53:46.853093Z[0m [32m INFO[0m [2mmetrics_reporter.report_decode_stats[0m[2m:[0m Decode batch, #running-req: 2, #full token: 512512, full token usage: 0.29, #swa token: 1024, swa token usage: 0.01, cuda graph: True, gen throughput (token/s): 62.29, #queue-req: 0
[2m2026-09-30T22:53:46.922954Z[0m [32m INFO[0m [1mhandle_payload[0m: [2mdynamo_runtime::pipeline::network::ingress::push_handler[0m[2m:[0m request completed [3mrequest_id[0m[2m=[0m90293d0e-7362-4c27-a93a-747233590e37 [2m[3mrequest_id[0m[2m=[0m"90293d0e-7362-4c27-a93a-747233590e37" [3mcomponent[0m[2m=[0m"backend" [3mendpoint[0m[2m=[0m"generate" [3mnamespace[0m[2m=[0m"deepseek-v4-pro" [3minstance_id[0m[2m=[0m7668681235357845768[0m
[2m2026-09-30T22:53:46.942878Z[0m [32m INFO[0m [1mhandle_payload[0m: [2mdynamo_runtime::pipeline::network::ingress::push_handler[0m[2m:[0m request received [3mrequest_id[0m[2m=[0m9df3a848-b123-49a2-89b0-919a14e3764f [2m[3mrequest_id[0m[2m=[0m"9df3a848-b123-49a2-89b0-919a14e3764f" [3mcomponent[0m[2m=[0m"backend" [3mendpoint[0m[2m=[0m"generate" [3mnamespace[0m[2m=[0m"deepseek-v4-pro" [3minstance_id[0m[2m=[0m7668681235357845768[0m
[2m2026-09-30T22:53:47.245107Z[0m [32m INFO[0m [2mmetrics_reporter.report_prefill_stats[0m[2m:[0m Prefill batch, #new-seq: 1, #new-token: 256, #cached-token: 256000, full token usage: 0.29, swa token usage: 0.01, #running-req: 1, #queue-req: 0, #pending-token: 0, cuda graph: False, input throughput (token/s): 520.48
[2m2026-09-30T22:53:47.656943Z[0m [32m INFO[0m [2mmetrics_reporter.report_decode_stats[0m[2m:[0m Decode batch, #running-req: 2, #full token: 512512, full token usage: 0.29, #swa token: 1024, swa token usage: 0.01, cuda graph: True, gen throughput (token/s): 94.54, #queue-req: 0
[2m2026-09-30T22:53:48.193105Z[0m [32m INFO[0m [2mmetrics_reporter.report_decode_stats[0m[2m:[0m Decode batch, #running-req: 2, #full token: 512512, full token usage: 0.29, #swa token: 1024, swa token usage: 0.01, cuda graph: True, gen throughput (token/s): 149.20, #queue-req: 0
[2m2026-09-30T22:53:48.729345Z[0m [32m INFO[0m [2mmetrics_reporter.report_decode_stats[0m[2m:[0m Decode batch, #running-req: 2, #full token: 512512, full token usage: 0.29, #swa token: 1024, swa token usage: 0.01, cuda graph: True, gen throughput (token/s): 149.19, #queue-req: 0
[2m2026-09-30T22:53:48.758385Z[0m [32m INFO[0m [1mhandle_payload[0m: [2mdynamo_runtime::pipeline::network::ingress::push_handler[0m[2m:[0m request completed [3mrequest_id[0m[2m=[0m9df3a848-b123-49a2-89b0-919a14e3764f [2m[3mrequest_id[0m[2m=[0m"9df3a848-b123-49a2-89b0-919a14e3764f" [3mcomponent[0m[2m=[0m"backend" [3mendpoint[0m[2m=[0m"generate" [3mnamespace[0m[2m=[0m"deepseek-v4-pro" [3minstance_id[0m[2m=[0m7668681235357845768[0m
[2m2026-09-30T22:53:49.249329Z[0m [32m INFO[0m [2mmetrics_reporter.report_decode_stats[0m[2m:[0m Decode batch, #running-req: 1, #full token: 256256, full token usage: 0.15, #swa token: 512, swa token usage: 0.00, cuda graph: True, gen throughput (token/s): 80.77, #queue-req: 0
[2m2026-09-30T22:53:49.249942Z[0m [32m INFO[0m [1mhandle_payload[0m: [2mdynamo_runtime::pipeline::network::ingress::push_handler[0m[2m:[0m request received [3mrequest_id[0m[2m=[0m740c039f-3845-4f79-a946-c4b462ce7e93 [2m[3mrequest_id[0m[2m=[0m"740c039f-3845-4f79-a946-c4b462ce7e93" [3mcomponent[0m[2m=[0m"backend" [3mendpoint[0m[2m=[0m"generate" [3mnamespace[0m[2m=[0m"deepseek-v4-pro" [3minstance_id[0m[2m=[0m7668681235357845768[0m
[2m2026-09-30T22:53:49.925916Z[0m [32m INFO[0m [2mmetrics_reporter.report_prefill_stats[0m[2m:[0m Prefill batch, #new-seq: 1, #new-token: 4096, #cached-token: 0, full token usage: 0.15, swa token usage: 0.03, #running-req: 1, #queue-req: 0, #pending-token: 251904, cuda graph: False, input throughput (token/s): 1527.89
[2m2026-09-30T22:53:50.311982Z[0m [32m INFO[0m [2mmetrics_reporter.report_prefill_stats[0m[2m:[0m Prefill batch, #new-seq: 1, #new-token: 4096, #cached-token: 0, full token usage: 0.15, swa token usage: 0.03, #running-req: 1, #queue-req: 0, #pending-token: 247808, cuda graph: False, input throughput (token/s): 10609.37
[2m2026-09-30T22:53:50.701356Z[0m [32m INFO[0m [2mmetrics_reporter.report_prefill_stats[0m[2m:[0m Prefill batch, #new-seq: 1, #new-token: 4096, #cached-token: 0, full token usage: 0.15, swa token usage: 0.03, #running-req: 1, #queue-req: 0, #pending-token: 243712, cuda graph: False, input throughput (token/s): 10519.58
[2m2026-09-30T22:53:51.094925Z[0m [32m INFO[0m [2mmetrics_reporter.report_prefill_stats[0m[2m:[0m Prefill batch, #new-seq: 1, #new-token: 4096, #cached-token: 0, full token usage: 0.16, swa token usage: 0.03, #running-req: 1, #queue-req: 0, #pending-token: 239616, cuda graph: False, input throughput (token/s): 10407.34
[2m2026-09-30T22:53:51.492512Z[0m [32m INFO[0m [2mmetrics_reporter.report_prefill_stats[0m[2m:[0m Prefill batch, #new-seq: 1, #new-token: 4096, #cached-token: 0, full token usage: 0.16, swa token usage: 0.03, #running-req: 1, #queue-req: 0, #pending-token: 235520, cuda graph: False, input throughput (token/s): 10301.99
[2m2026-09-30T22:53:51.892549Z[0m [32m INFO[0m [2mmetrics_reporter.report_prefill_stats[0m[2m:[0m Prefill batch, #new-seq: 1, #new-token: 4096, #cached-token: 0, full token usage: 0.16, swa token usage: 0.03, #running-req: 1, #queue-req: 0, #pending-token: 231424, cuda graph: False, input throughput (token/s): 10238.73
[2m2026-09-30T22:53:52.296947Z[0m [32m INFO[0m [2mmetrics_reporter.report_prefill_stats[0m[2m:[0m Prefill batch, #new-seq: 1, #new-token: 4096, #cached-token: 0, full token usage: 0.16, swa token usage: 0.03, #running-req: 1, #queue-req: 0, #pending-token: 227328, cuda graph: False, input throughput (token/s): 10128.57
[2m2026-09-30T22:53:52.706256Z[0m [32m INFO[0m [2mmetrics_reporter.report_prefill_stats[0m[2m:[0m Prefill batch, #new-seq: 1, #new-token: 4096, #cached-token: 0, full token usage: 0.17, swa token usage: 0.03, #running-req: 1, #queue-req: 0, #pending-token: 223232, cuda graph: False, input throughput (token/s): 10007.20
[2m2026-09-30T22:53:53.119390Z[0m [32m INFO[0m [2mmetrics_reporter.report_prefill_stats[0m[2m:[0m Prefill batch, #new-seq: 1, #new-token: 4096, #cached-token: 0, full token usage: 0.17, swa token usage: 0.03, #running-req: 1, #queue-req: 0, #pending-token: 219136, cuda graph: False, input throughput (token/s): 9914.62
[2m2026-09-30T22:53:53.534236Z[0m [32m INFO[0m [2mmetrics_reporter.report_prefill_stats[0m[2m:[0m Prefill batch, #new-seq: 1, #new-token: 4096, #cached-token: 0, full token usage: 0.17, swa token usage: 0.03, #running-req: 1, #queue-req: 0, #pending-token: 215040, cuda graph: False, input throughput (token/s): 9873.71
[2m2026-09-30T22:53:53.952453Z[0m [32m INFO[0m [2mmetrics_reporter.report_prefill_stats[0m[2m:[0m Prefill batch, #new-seq: 1, #new-token: 4096, #cached-token: 0, full token usage: 0.17, swa token usage: 0.03, #running-req: 1, #queue-req: 0, #pending-token: 210944, cuda graph: False, input throughput (token/s): 9794.12
[2m2026-09-30T22:53:54.375017Z[0m [32m INFO[0m [2mmetrics_reporter.report_prefill_stats[0m[2m:[0m Prefill batch, #new-seq: 1, #new-token: 4096, #cached-token: 0, full token usage: 0.18, swa token usage: 0.03, #running-req: 1, #queue-req: 0, #pending-token: 206848, cuda graph: False, input throughput (token/s): 9693.19
[2m2026-09-30T22:53:54.803404Z[0m [32m INFO[0m [2mmetrics_reporter.report_prefill_stats[0m[2m:[0m Prefill batch, #new-seq: 1, #new-token: 4096, #cached-token: 0, full token usage: 0.18, swa token usage: 0.03, #running-req: 1, #queue-req: 0, #pending-token: 202752, cuda graph: False, input throughput (token/s): 9561.37
[2m2026-09-30T22:53:55.236938Z[0m [32m INFO[0m [2mmetrics_reporter.report_prefill_stats[0m[2m:[0m Prefill batch, #new-seq: 1, #new-token: 4096, #cached-token: 0, full token usage: 0.18, swa token usage: 0.03, #running-req: 1, #queue-req: 0, #pending-token: 198656, cuda graph: False, input throughput (token/s): 9447.96
[2m2026-09-30T22:53:55.671072Z[0m [32m INFO[0m [2mmetrics_reporter.report_prefill_stats[0m[2m:[0m Prefill batch, #new-seq: 1, #new-token: 4096, #cached-token: 0, full token usage: 0.18, swa token usage: 0.03, #running-req: 1, #queue-req: 0, #pending-token: 194560, cuda graph: False, input throughput (token/s): 9434.97
[2m2026-09-30T22:53:56.109135Z[0m [32m INFO[0m [2mmetrics_reporter.report_prefill_stats[0m[2m:[0m Prefill batch, #new-seq: 1, #new-token: 4096, #cached-token: 0, full token usage: 0.18, swa token usage: 0.03, #running-req: 1, #queue-req: 0, #pending-token: 190464, cuda graph: False, input throughput (token/s): 9350.24
[2m2026-09-30T22:53:56.552278Z[0m [32m INFO[0m [2mmetrics_reporter.report_prefill_stats[0m[2m:[0m Prefill batch, #new-seq: 1, #new-token: 4096, #cached-token: 0, full token usage: 0.19, swa token usage: 0.03, #running-req: 1, #queue-req: 0, #pending-token: 186368, cuda graph: False, input throughput (token/s): 9242.92
[2m2026-09-30T22:53:56.998709Z[0m [32m INFO[0m [2mmetrics_reporter.report_prefill_stats[0m[2m:[0m Prefill batch, #new-seq: 1, #new-token: 4096, #cached-token: 0, full token usage: 0.19, swa token usage: 0.03, #running-req: 1, #queue-req: 0, #pending-token: 182272, cuda graph: False, input throughput (token/s): 9176.86
[2m2026-09-30T22:53:57.448495Z[0m [32m INFO[0m [2mmetrics_reporter.report_prefill_stats[0m[2m:[0m Prefill batch, #new-seq: 1, #new-token: 4096, #cached-token: 0, full token usage: 0.19, swa token usage: 0.03, #running-req: 1, #queue-req: 0, #pending-token: 178176, cuda graph: False, input throughput (token/s): 9104.84
[2m2026-09-30T22:53:57.901755Z[0m [32m INFO[0m [2mmetrics_reporter.report_prefill_stats[0m[2m:[0m Prefill batch, #new-seq: 1, #new-token: 4096, #cached-token: 0, full token usage: 0.19, swa token usage: 0.03, #running-req: 1, #queue-req: 0, #pending-token: 174080, cuda graph: False, input throughput (token/s): 9036.85
[2m2026-09-30T22:53:58.360590Z[0m [32m INFO[0m [2mmetrics_reporter.report_prefill_stats[0m[2m:[0m Prefill batch, #new-seq: 1, #new-token: 4096, #cached-token: 0, full token usage: 0.20, swa token usage: 0.03, #running-req: 1, #queue-req: 0, #pending-token: 169984, cuda graph: False, input throughput (token/s): 8926.67
[2m2026-09-30T22:53:58.822780Z[0m [32m INFO[0m [2mmetrics_reporter.report_prefill_stats[0m[2m:[0m Prefill batch, #new-seq: 1, #new-token: 4096, #cached-token: 0, full token usage: 0.20, swa token usage: 0.03, #running-req: 1, #queue-req: 0, #pending-token: 165888, cuda graph: False, input throughput (token/s): 8862.58
[2m2026-09-30T22:53:59.288083Z[0m [32m INFO[0m [2mmetrics_reporter.report_prefill_stats[0m[2m:[0m Prefill batch, #new-seq: 1, #new-token: 4096, #cached-token: 0, full token usage: 0.20, swa token usage: 0.03, #running-req: 1, #queue-req: 0, #pending-token: 161792, cuda graph: False, input throughput (token/s): 8802.50
[2m2026-09-30T22:53:59.758319Z[0m [32m INFO[0m [2mmetrics_reporter.report_prefill_stats[0m[2m:[0m Prefill batch, #new-seq: 1, #new-token: 4096, #cached-token: 0, full token usage: 0.20, swa token usage: 0.03, #running-req: 1, #queue-req: 0, #pending-token: 157696, cuda graph: False, input throughput (token/s): 8710.38
[2m2026-09-30T22:54:00.230687Z[0m [32m INFO[0m [2mmetrics_reporter.report_prefill_stats[0m[2m:[0m Prefill batch, #new-seq: 1, #new-token: 4096, #cached-token: 0, full token usage: 0.21, swa token usage: 0.03, #running-req: 1, #queue-req: 0, #pending-token: 153600, cuda graph: False, input throughput (token/s): 8671.70
[2m2026-09-30T22:54:00.708278Z[0m [32m INFO[0m [2mmetrics_reporter.report_prefill_stats[0m[2m:[0m Prefill batch, #new-seq: 1, #new-token: 4096, #cached-token: 0, full token usage: 0.21, swa token usage: 0.03, #running-req: 1, #queue-req: 0, #pending-token: 149504, cuda graph: False, input throughput (token/s): 8576.19
[2m2026-09-30T22:54:01.190336Z[0m [32m INFO[0m [2mmetrics_reporter.report_prefill_stats[0m[2m:[0m Prefill batch, #new-seq: 1, #new-token: 4096, #cached-token: 0, full token usage: 0.21, swa token usage: 0.03, #running-req: 1, #queue-req: 0, #pending-token: 145408, cuda graph: False, input throughput (token/s): 8496.84
[2m2026-09-30T22:54:01.677529Z[0m [32m INFO[0m [2mmetrics_reporter.report_prefill_stats[0m[2m:[0m Prefill batch, #new-seq: 1, #new-token: 4096, #cached-token: 0, full token usage: 0.21, swa token usage: 0.03, #running-req: 1, #queue-req: 0, #pending-token: 141312, cuda graph: False, input throughput (token/s): 8407.53
[2m2026-09-30T22:54:02.166941Z[0m [32m INFO[0m [2mmetrics_reporter.report_prefill_stats[0m[2m:[0m Prefill batch, #new-seq: 1, #new-token: 4096, #cached-token: 0, full token usage: 0.22, swa token usage: 0.03, #running-req: 1, #queue-req: 0, #pending-token: 137216, cuda graph: False, input throughput (token/s): 8369.18
[2m2026-09-30T22:54:02.660837Z[0m [32m INFO[0m [2mmetrics_reporter.report_prefill_stats[0m[2m:[0m Prefill batch, #new-seq: 1, #new-token: 4096, #cached-token: 0, full token usage: 0.22, swa token usage: 0.03, #running-req: 1, #queue-req: 0, #pending-token: 133120, cuda graph: False, input throughput (token/s): 8293.34
[2m2026-09-30T22:54:03.160302Z[0m [32m INFO[0m [2mmetrics_reporter.report_prefill_stats[0m[2m:[0m Prefill batch, #new-seq: 1, #new-token: 4096, #cached-token: 0, full token usage: 0.22, swa token usage: 0.03, #running-req: 1, #queue-req: 0, #pending-token: 129024, cuda graph: False, input throughput (token/s): 8200.46
[2m2026-09-30T22:54:03.664297Z[0m [32m INFO[0m [2mmetrics_reporter.report_prefill_stats[0m[2m:[0m Prefill batch, #new-seq: 1, #new-token: 4096, #cached-token: 0, full token usage: 0.22, swa token usage: 0.03, #running-req: 1, #queue-req: 0, #pending-token: 124928, cuda graph: False, input throughput (token/s): 8127.12
[2m2026-09-30T22:54:04.170996Z[0m [32m INFO[0m [2mmetrics_reporter.report_prefill_stats[0m[2m:[0m Prefill batch, #new-seq: 1, #new-token: 4096, #cached-token: 0, full token usage: 0.22, swa token usage: 0.03, #running-req: 1, #queue-req: 0, #pending-token: 120832, cuda graph: False, input throughput (token/s): 8083.77
[2m2026-09-30T22:54:04.683714Z[0m [32m INFO[0m [2mmetrics_reporter.report_prefill_stats[0m[2m:[0m Prefill batch, #new-seq: 1, #new-token: 4096, #cached-token: 0, full token usage: 0.23, swa token usage: 0.03, #running-req: 1, #queue-req: 0, #pending-token: 116736, cuda graph: False, input throughput (token/s): 7988.75
[2m2026-09-30T22:54:05.196699Z[0m [32m INFO[0m [2mmetrics_reporter.report_prefill_stats[0m[2m:[0m Prefill batch, #new-seq: 1, #new-token: 4096, #cached-token: 0, full token usage: 0.23, swa token usage: 0.03, #running-req: 1, #queue-req: 0, #pending-token: 112640, cuda graph: False, input throughput (token/s): 7984.60
[2m2026-09-30T22:54:05.715657Z[0m [32m INFO[0m [2mmetrics_reporter.report_prefill_stats[0m[2m:[0m Prefill batch, #new-seq: 1, #new-token: 4096, #cached-token: 0, full token usage: 0.23, swa token usage: 0.03, #running-req: 1, #queue-req: 0, #pending-token: 108544, cuda graph: False, input throughput (token/s): 7892.80
[2m2026-09-30T22:54:06.239291Z[0m [32m INFO[0m [2mmetrics_reporter.report_prefill_stats[0m[2m:[0m Prefill batch, #new-seq: 1, #new-token: 4096, #cached-token: 0, full token usage: 0.23, swa token usage: 0.03, #running-req: 1, #queue-req: 0, #pending-token: 104448, cuda graph: False, input throughput (token/s): 7823.05
[2m2026-09-30T22:54:06.766487Z[0m [32m INFO[0m [2mmetrics_reporter.report_prefill_stats[0m[2m:[0m Prefill batch, #new-seq: 1, #new-token: 4096, #cached-token: 0, full token usage: 0.24, swa token usage: 0.03, #running-req: 1, #queue-req: 0, #pending-token: 100352, cuda graph: False, input throughput (token/s): 7768.64
[2m2026-09-30T22:54:07.298448Z[0m [32m INFO[0m [2mmetrics_reporter.report_prefill_stats[0m[2m:[0m Prefill batch, #new-seq: 1, #new-token: 4096, #cached-token: 0, full token usage: 0.24, swa token usage: 0.03, #running-req: 1, #queue-req: 0, #pending-token: 96256, cuda graph: False, input throughput (token/s): 7699.80
[2m2026-09-30T22:54:07.837581Z[0m [32m INFO[0m [2mmetrics_reporter.report_prefill_stats[0m[2m:[0m Prefill batch, #new-seq: 1, #new-token: 4096, #cached-token: 0, full token usage: 0.24, swa token usage: 0.03, #running-req: 1, #queue-req: 0, #pending-token: 92160, cuda graph: False, input throughput (token/s): 7597.34
[2m2026-09-30T22:54:08.379748Z[0m [32m INFO[0m [2mmetrics_reporter.report_prefill_stats[0m[2m:[0m Prefill batch, #new-seq: 1, #new-token: 4096, #cached-token: 0, full token usage: 0.24, swa token usage: 0.03, #running-req: 1, #queue-req: 0, #pending-token: 88064, cuda graph: False, input throughput (token/s): 7555.02
[2m2026-09-30T22:54:08.926706Z[0m [32m INFO[0m [2mmetrics_reporter.report_prefill_stats[0m[2m:[0m Prefill batch, #new-seq: 1, #new-token: 4096, #cached-token: 0, full token usage: 0.25, swa token usage: 0.03, #running-req: 1, #queue-req: 0, #pending-token: 83968, cuda graph: False, input throughput (token/s): 7488.47
[2m2026-09-30T22:54:09.479526Z[0m [32m INFO[0m [2mmetrics_reporter.report_prefill_stats[0m[2m:[0m Prefill batch, #new-seq: 1, #new-token: 4096, #cached-token: 0, full token usage: 0.25, swa token usage: 0.03, #running-req: 1, #queue-req: 0, #pending-token: 79872, cuda graph: False, input throughput (token/s): 7409.41
[2m2026-09-30T22:54:10.033629Z[0m [32m INFO[0m [2mmetrics_reporter.report_prefill_stats[0m[2m:[0m Prefill batch, #new-seq: 1, #new-token: 4096, #cached-token: 0, full token usage: 0.25, swa token usage: 0.03, #running-req: 1, #queue-req: 0, #pending-token: 75776, cuda graph: False, input throughput (token/s): 7392.03
[2m2026-09-30T22:54:10.593180Z[0m [32m INFO[0m [2mmetrics_reporter.report_prefill_stats[0m[2m:[0m Prefill batch, #new-seq: 1, #new-token: 4096, #cached-token: 0, full token usage: 0.25, swa token usage: 0.03, #running-req: 1, #queue-req: 0, #pending-token: 71680, cuda graph: False, input throughput (token/s): 7320.23
[2m2026-09-30T22:54:11.156123Z[0m [32m INFO[0m [2mmetrics_reporter.report_prefill_stats[0m[2m:[0m Prefill batch, #new-seq: 1, #new-token: 4096, #cached-token: 0, full token usage: 0.25, swa token usage: 0.03, #running-req: 1, #queue-req: 0, #pending-token: 67584, cuda graph: False, input throughput (token/s): 7276.10
[2m2026-09-30T22:54:11.726499Z[0m [32m INFO[0m [2mmetrics_reporter.report_prefill_stats[0m[2m:[0m Prefill batch, #new-seq: 1, #new-token: 4096, #cached-token: 0, full token usage: 0.26, swa token usage: 0.03, #running-req: 1, #queue-req: 0, #pending-token: 63488, cuda graph: False, input throughput (token/s): 7181.22
[2m2026-09-30T22:54:12.295891Z[0m [32m INFO[0m [2mmetrics_reporter.report_prefill_stats[0m[2m:[0m Prefill batch, #new-seq: 1, #new-token: 4096, #cached-token: 0, full token usage: 0.26, swa token usage: 0.03, #running-req: 1, #queue-req: 0, #pending-token: 59392, cuda graph: False, input throughput (token/s): 7193.62
[2m2026-09-30T22:54:12.877527Z[0m [32m INFO[0m [2mmetrics_reporter.report_prefill_stats[0m[2m:[0m Prefill batch, #new-seq: 1, #new-token: 4096, #cached-token: 0, full token usage: 0.26, swa token usage: 0.03, #running-req: 1, #queue-req: 0, #pending-token: 55296, cuda graph: False, input throughput (token/s): 7042.19
[2m2026-09-30T22:54:13.458226Z[0m [32m INFO[0m [2mmetrics_reporter.report_prefill_stats[0m[2m:[0m Prefill batch, #new-seq: 1, #new-token: 4096, #cached-token: 0, full token usage: 0.26, swa token usage: 0.03, #running-req: 1, #queue-req: 0, #pending-token: 51200, cuda graph: False, input throughput (token/s): 7053.61
[2m2026-09-30T22:54:14.047264Z[0m [32m INFO[0m [2mmetrics_reporter.report_prefill_stats[0m[2m:[0m Prefill batch, #new-seq: 1, #new-token: 4096, #cached-token: 0, full token usage: 0.27, swa token usage: 0.03, #running-req: 1, #queue-req: 0, #pending-token: 47104, cuda graph: False, input throughput (token/s): 6953.88
[2m2026-09-30T22:54:14.636419Z[0m [32m INFO[0m [2mmetrics_reporter.report_prefill_stats[0m[2m:[0m Prefill batch, #new-seq: 1, #new-token: 4096, #cached-token: 0, full token usage: 0.27, swa token usage: 0.03, #running-req: 1, #queue-req: 0, #pending-token: 43008, cuda graph: False, input throughput (token/s): 6952.22
[2m2026-09-30T22:54:15.233791Z[0m [32m INFO[0m [2mmetrics_reporter.report_prefill_stats[0m[2m:[0m Prefill batch, #new-seq: 1, #new-token: 4096, #cached-token: 0, full token usage: 0.27, swa token usage: 0.03, #running-req: 1, #queue-req: 0, #pending-token: 38912, cuda graph: False, input throughput (token/s): 6856.84
[2m2026-09-30T22:54:15.837561Z[0m [32m INFO[0m [2mmetrics_reporter.report_prefill_stats[0m[2m:[0m Prefill batch, #new-seq: 1, #new-token: 4096, #cached-token: 0, full token usage: 0.27, swa token usage: 0.03, #running-req: 1, #queue-req: 0, #pending-token: 34816, cuda graph: False, input throughput (token/s): 6783.81
[2m2026-09-30T22:54:16.442996Z[0m [32m INFO[0m [2mmetrics_reporter.report_prefill_stats[0m[2m:[0m Prefill batch, #new-seq: 1, #new-token: 4096, #cached-token: 0, full token usage: 0.28, swa token usage: 0.03, #running-req: 1, #queue-req: 0, #pending-token: 30720, cuda graph: False, input throughput (token/s): 6765.30
[2m2026-09-30T22:54:17.052075Z[0m [32m INFO[0m [2mmetrics_reporter.report_prefill_stats[0m[2m:[0m Prefill batch, #new-seq: 1, #new-token: 4096, #cached-token: 0, full token usage: 0.28, swa token usage: 0.03, #running-req: 1, #queue-req: 0, #pending-token: 26624, cuda graph: False, input throughput (token/s): 6725.03
[2m2026-09-30T22:54:17.665821Z[0m [32m INFO[0m [2mmetrics_reporter.report_prefill_stats[0m[2m:[0m Prefill batch, #new-seq: 1, #new-token: 4096, #cached-token: 0, full token usage: 0.28, swa token usage: 0.03, #running-req: 1, #queue-req: 0, #pending-token: 22528, cuda graph: False, input throughput (token/s): 6673.84
[2m2026-09-30T22:54:18.280343Z[0m [32m INFO[0m [2mmetrics_reporter.report_prefill_stats[0m[2m:[0m Prefill batch, #new-seq: 1, #new-token: 4096, #cached-token: 0, full token usage: 0.28, swa token usage: 0.03, #running-req: 1, #queue-req: 0, #pending-token: 18432, cuda graph: False, input throughput (token/s): 6665.25
[2m2026-09-30T22:54:18.900333Z[0m [32m INFO[0m [2mmetrics_reporter.report_prefill_stats[0m[2m:[0m Prefill batch, #new-seq: 1, #new-token: 4096, #cached-token: 0, full token usage: 0.28, swa token usage: 0.03, #running-req: 1, #queue-req: 0, #pending-token: 14336, cuda graph: False, input throughput (token/s): 6606.61
[2m2026-09-30T22:54:19.525000Z[0m [32m INFO[0m [2mmetrics_reporter.report_prefill_stats[0m[2m:[0m Prefill batch, #new-seq: 1, #new-token: 4096, #cached-token: 0, full token usage: 0.29, swa token usage: 0.03, #running-req: 1, #queue-req: 0, #pending-token: 10240, cuda graph: False, input throughput (token/s): 6557.09
[2m2026-09-30T22:54:20.150860Z[0m [32m INFO[0m [2mmetrics_reporter.report_prefill_stats[0m[2m:[0m Prefill batch, #new-seq: 1, #new-token: 4096, #cached-token: 0, full token usage: 0.29, swa token usage: 0.03, #running-req: 1, #queue-req: 0, #pending-token: 6144, cuda graph: False, input throughput (token/s): 6544.65
[2m2026-09-30T22:54:20.586060Z[0m [32m INFO[0m [2mmetrics_reporter.report_prefill_stats[0m[2m:[0m Prefill batch, #new-seq: 1, #new-token: 4096, #cached-token: 0, full token usage: 0.29, swa token usage: 0.02, #running-req: 1, #queue-req: 0, #pending-token: 2048, cuda graph: False, input throughput (token/s): 9411.67
[2m2026-09-30T22:54:20.714652Z[0m [32m INFO[0m [2mmetrics_reporter.report_prefill_stats[0m[2m:[0m Prefill batch, #new-seq: 1, #new-token: 2048, #cached-token: 0, full token usage: 0.29, swa token usage: 0.01, #running-req: 1, #queue-req: 0, #pending-token: 0, cuda graph: False, input throughput (token/s): 15926.23
[2m2026-09-30T22:54:20.928890Z[0m [32m INFO[0m [1mhandle_payload[0m: [2mdynamo_runtime::pipeline::network::ingress::push_handler[0m[2m:[0m request completed [3mrequest_id[0m[2m=[0m8325c283-265c-4782-accb-0d05f67399b5 [2m[3mrequest_id[0m[2m=[0m"8325c283-265c-4782-accb-0d05f67399b5" [3mcomponent[0m[2m=[0m"backend" [3mendpoint[0m[2m=[0m"generate" [3mnamespace[0m[2m=[0m"deepseek-v4-pro" [3minstance_id[0m[2m=[0m7668681235357845768[0m
[2m2026-09-30T22:54:21.197959Z[0m [32m INFO[0m [2mmetrics_reporter.report_decode_stats[0m[2m:[0m Decode batch, #running-req: 1, #full token: 256256, full token usage: 0.15, #swa token: 512, swa token usage: 0.00, cuda graph: True, gen throughput (token/s): 1.75, #queue-req: 0
[2m2026-09-30T22:54:21.391289Z[0m [32m INFO[0m [1mhandle_payload[0m: [2mdynamo_runtime::pipeline::network::ingress::push_handler[0m[2m:[0m request received [3mrequest_id[0m[2m=[0m937846f4-796e-41ef-a3af-2e397832f720 [2m[3mrequest_id[0m[2m=[0m"937846f4-796e-41ef-a3af-2e397832f720" [3mcomponent[0m[2m=[0m"backend" [3mendpoint[0m[2m=[0m"generate" [3mnamespace[0m[2m=[0m"deepseek-v4-pro" [3minstance_id[0m[2m=[0m7668681235357845768[0m
[2m2026-09-30T22:54:21.692047Z[0m [32m INFO[0m [2mmetrics_reporter.report_prefill_stats[0m[2m:[0m Prefill batch, #new-seq: 1, #new-token: 256, #cached-token: 256000, full token usage: 0.29, swa token usage: 0.01, #running-req: 1, #queue-req: 0, #pending-token: 0, cuda graph: False, input throughput (token/s): 261.93
[2m2026-09-30T22:54:21.979417Z[0m [32m INFO[0m [2mmetrics_reporter.report_decode_stats[0m[2m:[0m Decode batch, #running-req: 2, #full token: 512512, full token usage: 0.29, #swa token: 1024, swa token usage: 0.01, cuda graph: True, gen throughput (token/s): 79.34, #queue-req: 0
[2m2026-09-30T22:54:22.514923Z[0m [32m INFO[0m [2mmetrics_reporter.report_decode_stats[0m[2m:[0m Decode batch, #running-req: 2, #full token: 512512, full token usage: 0.29, #swa token: 1024, swa token usage: 0.01, cuda graph: True, gen throughput (token/s): 149.39, #queue-req: 0
[2m2026-09-30T22:54:23.049965Z[0m [32m INFO[0m [2mmetrics_reporter.report_decode_stats[0m[2m:[0m Decode batch, #running-req: 2, #full token: 512512, full token usage: 0.29, #swa token: 1024, swa token usage: 0.01, cuda graph: True, gen throughput (token/s): 149.52, #queue-req: 0
[2m2026-09-30T22:54:23.138071Z[0m [32m INFO[0m [1mhandle_payload[0m: [2mdynamo_runtime::pipeline::network::ingress::push_handler[0m[2m:[0m request completed [3mrequest_id[0m[2m=[0m937846f4-796e-41ef-a3af-2e397832f720 [2m[3mrequest_id[0m[2m=[0m"937846f4-796e-41ef-a3af-2e397832f720" [3mcomponent[0m[2m=[0m"backend" [3mendpoint[0m[2m=[0m"generate" [3mnamespace[0m[2m=[0m"deepseek-v4-pro" [3minstance_id[0m[2m=[0m7668681235357845768[0m
[2m2026-09-30T22:54:23.156926Z[0m [32m INFO[0m [1mhandle_payload[0m: [2mdynamo_runtime::pipeline::network::ingress::push_handler[0m[2m:[0m request received [3mrequest_id[0m[2m=[0m32b8927e-0796-4471-9476-5c3ac57fa261 [2m[3mrequest_id[0m[2m=[0m"32b8927e-0796-4471-9476-5c3ac57fa261" [3mcomponent[0m[2m=[0m"backend" [3mendpoint[0m[2m=[0m"generate" [3mnamespace[0m[2m=[0m"deepseek-v4-pro" [3minstance_id[0m[2m=[0m7668681235357845768[0m
[2m2026-09-30T22:54:23.463442Z[0m [32m INFO[0m [2mmetrics_reporter.report_prefill_stats[0m[2m:[0m Prefill batch, #new-seq: 1, #new-token: 256, #cached-token: 256000, full token usage: 0.29, swa token usage: 0.01, #running-req: 1, #queue-req: 0, #pending-token: 0, cuda graph: False, input throughput (token/s): 144.52
[2m2026-09-30T22:54:23.858291Z[0m [32m INFO[0m [2mmetrics_reporter.report_decode_stats[0m[2m:[0m Decode batch, #running-req: 2, #full token: 512512, full token usage: 0.29, #swa token: 1024, swa token usage: 0.01, cuda graph: True, gen throughput (token/s): 94.02, #queue-req: 0
[2m2026-09-30T22:54:24.393427Z[0m [32m INFO[0m [2mmetrics_reporter.report_decode_stats[0m[2m:[0m Decode batch, #running-req: 2, #full token: 512512, full token usage: 0.29, #swa token: 1024, swa token usage: 0.01, cuda graph: True, gen throughput (token/s): 149.50, #queue-req: 0
[2m2026-09-30T22:54:24.653070Z[0m [32m INFO[0m [1mhandle_payload[0m: [2mdynamo_runtime::pipeline::network::ingress::push_handler[0m[2m:[0m request completed [3mrequest_id[0m[2m=[0m740c039f-3845-4f79-a946-c4b462ce7e93 [2m[3mrequest_id[0m[2m=[0m"740c039f-3845-4f79-a946-c4b462ce7e93" [3mcomponent[0m[2m=[0m"backend" [3mendpoint[0m[2m=[0m"generate" [3mnamespace[0m[2m=[0m"deepseek-v4-pro" [3minstance_id[0m[2m=[0m7668681235357845768[0m
[2m2026-09-30T22:54:24.921307Z[0m [32m INFO[0m [2mmetrics_reporter.report_decode_stats[0m[2m:[0m Decode batch, #running-req: 1, #full token: 256256, full token usage: 0.15, #swa token: 512, swa token usage: 0.00, cuda graph: True, gen throughput (token/s): 111.77, #queue-req: 0
[2m2026-09-30T22:54:25.028215Z[0m [32m INFO[0m [1mhandle_payload[0m: [2mdynamo_runtime::pipeline::network::ingress::push_handler[0m[2m:[0m request completed [3mrequest_id[0m[2m=[0m32b8927e-0796-4471-9476-5c3ac57fa261 [2m[3mrequest_id[0m[2m=[0m"32b8927e-0796-4471-9476-5c3ac57fa261" [3mcomponent[0m[2m=[0m"backend" [3mendpoint[0m[2m=[0m"generate" [3mnamespace[0m[2m=[0m"deepseek-v4-pro" [3minstance_id[0m[2m=[0m7668681235357845768[0m
[2m2026-09-30T22:54:25.106912Z[0m [32m INFO[0m [1mhandle_payload[0m: [2mdynamo_runtime::pipeline::network::ingress::push_handler[0m[2m:[0m request received [3mrequest_id[0m[2m=[0m89d8c659-938a-4a26-9e87-7a3027a1edb3 [2m[3mrequest_id[0m[2m=[0m"89d8c659-938a-4a26-9e87-7a3027a1edb3" [3mcomponent[0m[2m=[0m"backend" [3mendpoint[0m[2m=[0m"generate" [3mnamespace[0m[2m=[0m"deepseek-v4-pro" [3minstance_id[0m[2m=[0m7668681235357845768[0m
[2m2026-09-30T22:54:25.390660Z[0m [32m INFO[0m [2mmetrics_reporter.report_prefill_stats[0m[2m:[0m Prefill batch, #new-seq: 1, #new-token: 256, #cached-token: 256000, full token usage: 0.15, swa token usage: 0.00, #running-req: 0, #queue-req: 0, #pending-token: 0, cuda graph: False, input throughput (token/s): 132.83
[2m2026-09-30T22:54:25.793995Z[0m [32m INFO[0m [2mmetrics_reporter.report_decode_stats[0m[2m:[0m Decode batch, #running-req: 1, #full token: 256256, full token usage: 0.15, #swa token: 512, swa token usage: 0.00, cuda graph: True, gen throughput (token/s): 45.84, #queue-req: 0
[2m2026-09-30T22:54:25.853338Z[0m [32m INFO[0m [1mhandle_payload[0m: [2mdynamo_runtime::pipeline::network::ingress::push_handler[0m[2m:[0m request received [3mrequest_id[0m[2m=[0mdc2a65c2-1dda-45fa-bea0-8237786143eb [2m[3mrequest_id[0m[2m=[0m"dc2a65c2-1dda-45fa-bea0-8237786143eb" [3mcomponent[0m[2m=[0m"backend" [3mendpoint[0m[2m=[0m"generate" [3mnamespace[0m[2m=[0m"deepseek-v4-pro" [3minstance_id[0m[2m=[0m7668681235357845768[0m
[2m2026-09-30T22:54:26.519392Z[0m [32m INFO[0m [2mmetrics_reporter.report_prefill_stats[0m[2m:[0m Prefill batch, #new-seq: 1, #new-token: 4096, #cached-token: 0, full token usage: 0.15, swa token usage: 0.03, #running-req: 1, #queue-req: 0, #pending-token: 251904, cuda graph: False, input throughput (token/s): 3628.80
[2m2026-09-30T22:54:26.905809Z[0m [32m INFO[0m [2mmetrics_reporter.report_prefill_stats[0m[2m:[0m Prefill batch, #new-seq: 1, #new-token: 4096, #cached-token: 0, full token usage: 0.15, swa token usage: 0.03, #running-req: 1, #queue-req: 0, #pending-token: 247808, cuda graph: False, input throughput (token/s): 10600.06
[2m2026-09-30T22:54:27.294399Z[0m [32m INFO[0m [2mmetrics_reporter.report_prefill_stats[0m[2m:[0m Prefill batch, #new-seq: 1, #new-token: 4096, #cached-token: 0, full token usage: 0.15, swa token usage: 0.03, #running-req: 1, #queue-req: 0, #pending-token: 243712, cuda graph: False, input throughput (token/s): 10542.29
[2m2026-09-30T22:54:27.685444Z[0m [32m INFO[0m [2mmetrics_reporter.report_prefill_stats[0m[2m:[0m Prefill batch, #new-seq: 1, #new-token: 4096, #cached-token: 0, full token usage: 0.16, swa token usage: 0.03, #running-req: 1, #queue-req: 0, #pending-token: 239616, cuda graph: False, input throughput (token/s): 10472.30
[2m2026-09-30T22:54:28.080799Z[0m [32m INFO[0m [2mmetrics_reporter.report_prefill_stats[0m[2m:[0m Prefill batch, #new-seq: 1, #new-token: 4096, #cached-token: 0, full token usage: 0.16, swa token usage: 0.03, #running-req: 1, #queue-req: 0, #pending-token: 235520, cuda graph: False, input throughput (token/s): 10360.54
[2m2026-09-30T22:54:28.482704Z[0m [32m INFO[0m [2mmetrics_reporter.report_prefill_stats[0m[2m:[0m Prefill batch, #new-seq: 1, #new-token: 4096, #cached-token: 0, full token usage: 0.16, swa token usage: 0.03, #running-req: 1, #queue-req: 0, #pending-token: 231424, cuda graph: False, input throughput (token/s): 10191.25
[2m2026-09-30T22:54:28.886941Z[0m [32m INFO[0m [2mmetrics_reporter.report_prefill_stats[0m[2m:[0m Prefill batch, #new-seq: 1, #new-token: 4096, #cached-token: 0, full token usage: 0.16, swa token usage: 0.03, #running-req: 1, #queue-req: 0, #pending-token: 227328, cuda graph: False, input throughput (token/s): 10132.60
[2m2026-09-30T22:54:29.295933Z[0m [32m INFO[0m [2mmetrics_reporter.report_prefill_stats[0m[2m:[0m Prefill batch, #new-seq: 1, #new-token: 4096, #cached-token: 0, full token usage: 0.17, swa token usage: 0.03, #running-req: 1, #queue-req: 0, #pending-token: 223232, cuda graph: False, input throughput (token/s): 10014.94
[2m2026-09-30T22:54:29.706077Z[0m [32m INFO[0m [2mmetrics_reporter.report_prefill_stats[0m[2m:[0m Prefill batch, #new-seq: 1, #new-token: 4096, #cached-token: 0, full token usage: 0.17, swa token usage: 0.03, #running-req: 1, #queue-req: 0, #pending-token: 219136, cuda graph: False, input throughput (token/s): 9986.68
[2m2026-09-30T22:54:30.118647Z[0m [32m INFO[0m [2mmetrics_reporter.report_prefill_stats[0m[2m:[0m Prefill batch, #new-seq: 1, #new-token: 4096, #cached-token: 0, full token usage: 0.17, swa token usage: 0.03, #running-req: 1, #queue-req: 0, #pending-token: 215040, cuda graph: False, input throughput (token/s): 9928.17
[2m2026-09-30T22:54:30.533679Z[0m [32m INFO[0m [2mmetrics_reporter.report_prefill_stats[0m[2m:[0m Prefill batch, #new-seq: 1, #new-token: 4096, #cached-token: 0, full token usage: 0.17, swa token usage: 0.03, #running-req: 1, #queue-req: 0, #pending-token: 210944, cuda graph: False, input throughput (token/s): 9869.27
[2m2026-09-30T22:54:30.956086Z[0m [32m INFO[0m [2mmetrics_reporter.report_prefill_stats[0m[2m:[0m Prefill batch, #new-seq: 1, #new-token: 4096, #cached-token: 0, full token usage: 0.18, swa token usage: 0.03, #running-req: 1, #queue-req: 0, #pending-token: 206848, cuda graph: False, input throughput (token/s): 9696.78
[2m2026-09-30T22:54:31.382213Z[0m [32m INFO[0m [2mmetrics_reporter.report_prefill_stats[0m[2m:[0m Prefill batch, #new-seq: 1, #new-token: 4096, #cached-token: 0, full token usage: 0.18, swa token usage: 0.03, #running-req: 1, #queue-req: 0, #pending-token: 202752, cuda graph: False, input throughput (token/s): 9611.96
[2m2026-09-30T22:54:31.812133Z[0m [32m INFO[0m [2mmetrics_reporter.report_prefill_stats[0m[2m:[0m Prefill batch, #new-seq: 1, #new-token: 4096, #cached-token: 0, full token usage: 0.18, swa token usage: 0.03, #running-req: 1, #queue-req: 0, #pending-token: 198656, cuda graph: False, input throughput (token/s): 9527.62
[2m2026-09-30T22:54:32.246041Z[0m [32m INFO[0m [2mmetrics_reporter.report_prefill_stats[0m[2m:[0m Prefill batch, #new-seq: 1, #new-token: 4096, #cached-token: 0, full token usage: 0.18, swa token usage: 0.03, #running-req: 1, #queue-req: 0, #pending-token: 194560, cuda graph: False, input throughput (token/s): 9439.89
[2m2026-09-30T22:54:32.684562Z[0m [32m INFO[0m [2mmetrics_reporter.report_prefill_stats[0m[2m:[0m Prefill batch, #new-seq: 1, #new-token: 4096, #cached-token: 0, full token usage: 0.18, swa token usage: 0.03, #running-req: 1, #queue-req: 0, #pending-token: 190464, cuda graph: False, input throughput (token/s): 9340.27
[2m2026-09-30T22:54:33.126949Z[0m [32m INFO[0m [2mmetrics_reporter.report_prefill_stats[0m[2m:[0m Prefill batch, #new-seq: 1, #new-token: 4096, #cached-token: 0, full token usage: 0.19, swa token usage: 0.03, #running-req: 1, #queue-req: 0, #pending-token: 186368, cuda graph: False, input throughput (token/s): 9258.84
[2m2026-09-30T22:54:33.571603Z[0m [32m INFO[0m [2mmetrics_reporter.report_prefill_stats[0m[2m:[0m Prefill batch, #new-seq: 1, #new-token: 4096, #cached-token: 0, full token usage: 0.19, swa token usage: 0.03, #running-req: 1, #queue-req: 0, #pending-token: 182272, cuda graph: False, input throughput (token/s): 9211.54
[2m2026-09-30T22:54:34.018626Z[0m [32m INFO[0m [2mmetrics_reporter.report_prefill_stats[0m[2m:[0m Prefill batch, #new-seq: 1, #new-token: 4096, #cached-token: 0, full token usage: 0.19, swa token usage: 0.03, #running-req: 1, #queue-req: 0, #pending-token: 178176, cuda graph: False, input throughput (token/s): 9162.77
[2m2026-09-30T22:54:34.473732Z[0m [32m INFO[0m [2mmetrics_reporter.report_prefill_stats[0m[2m:[0m Prefill batch, #new-seq: 1, #new-token: 4096, #cached-token: 0, full token usage: 0.19, swa token usage: 0.03, #running-req: 1, #queue-req: 0, #pending-token: 174080, cuda graph: False, input throughput (token/s): 9000.49
[2m2026-09-30T22:54:34.931499Z[0m [32m INFO[0m [2mmetrics_reporter.report_prefill_stats[0m[2m:[0m Prefill batch, #new-seq: 1, #new-token: 4096, #cached-token: 0, full token usage: 0.20, swa token usage: 0.03, #running-req: 1, #queue-req: 0, #pending-token: 169984, cuda graph: False, input throughput (token/s): 8947.72
[2m2026-09-30T22:54:35.394181Z[0m [32m INFO[0m [2mmetrics_reporter.report_prefill_stats[0m[2m:[0m Prefill batch, #new-seq: 1, #new-token: 4096, #cached-token: 0, full token usage: 0.20, swa token usage: 0.03, #running-req: 1, #queue-req: 0, #pending-token: 165888, cuda graph: False, input throughput (token/s): 8852.76
[2m2026-09-30T22:54:35.859548Z[0m [32m INFO[0m [2mmetrics_reporter.report_prefill_stats[0m[2m:[0m Prefill batch, #new-seq: 1, #new-token: 4096, #cached-token: 0, full token usage: 0.20, swa token usage: 0.03, #running-req: 1, #queue-req: 0, #pending-token: 161792, cuda graph: False, input throughput (token/s): 8801.63
[2m2026-09-30T22:54:36.330066Z[0m [32m INFO[0m [2mmetrics_reporter.report_prefill_stats[0m[2m:[0m Prefill batch, #new-seq: 1, #new-token: 4096, #cached-token: 0, full token usage: 0.20, swa token usage: 0.03, #running-req: 1, #queue-req: 0, #pending-token: 157696, cuda graph: False, input throughput (token/s): 8706.13
[2m2026-09-30T22:54:36.805092Z[0m [32m INFO[0m [2mmetrics_reporter.report_prefill_stats[0m[2m:[0m Prefill batch, #new-seq: 1, #new-token: 4096, #cached-token: 0, full token usage: 0.21, swa token usage: 0.03, #running-req: 1, #queue-req: 0, #pending-token: 153600, cuda graph: False, input throughput (token/s): 8621.97
[2m2026-09-30T22:54:37.283464Z[0m [32m INFO[0m [2mmetrics_reporter.report_prefill_stats[0m[2m:[0m Prefill batch, #new-seq: 1, #new-token: 4096, #cached-token: 0, full token usage: 0.21, swa token usage: 0.03, #running-req: 1, #queue-req: 0, #pending-token: 149504, cuda graph: False, input throughput (token/s): 8562.21
[2m2026-09-30T22:54:37.763580Z[0m [32m INFO[0m [2mmetrics_reporter.report_prefill_stats[0m[2m:[0m Prefill batch, #new-seq: 1, #new-token: 4096, #cached-token: 0, full token usage: 0.21, swa token usage: 0.03, #running-req: 1, #queue-req: 0, #pending-token: 145408, cuda graph: False, input throughput (token/s): 8531.19
[2m2026-09-30T22:54:38.253443Z[0m [32m INFO[0m [2mmetrics_reporter.report_prefill_stats[0m[2m:[0m Prefill batch, #new-seq: 1, #new-token: 4096, #cached-token: 0, full token usage: 0.21, swa token usage: 0.03, #running-req: 1, #queue-req: 0, #pending-token: 141312, cuda graph: False, input throughput (token/s): 8361.70
[2m2026-09-30T22:54:38.743649Z[0m [32m INFO[0m [2mmetrics_reporter.report_prefill_stats[0m[2m:[0m Prefill batch, #new-seq: 1, #new-token: 4096, #cached-token: 0, full token usage: 0.22, swa token usage: 0.03, #running-req: 1, #queue-req: 0, #pending-token: 137216, cuda graph: False, input throughput (token/s): 8355.57
[2m2026-09-30T22:54:39.238921Z[0m [32m INFO[0m [2mmetrics_reporter.report_prefill_stats[0m[2m:[0m Prefill batch, #new-seq: 1, #new-token: 4096, #cached-token: 0, full token usage: 0.22, swa token usage: 0.03, #running-req: 1, #queue-req: 0, #pending-token: 133120, cuda graph: False, input throughput (token/s): 8270.30
[2m2026-09-30T22:54:39.738293Z[0m [32m INFO[0m [2mmetrics_reporter.report_prefill_stats[0m[2m:[0m Prefill batch, #new-seq: 1, #new-token: 4096, #cached-token: 0, full token usage: 0.22, swa token usage: 0.03, #running-req: 1, #queue-req: 0, #pending-token: 129024, cuda graph: False, input throughput (token/s): 8202.39
[2m2026-09-30T22:54:40.244376Z[0m [32m INFO[0m [2mmetrics_reporter.report_prefill_stats[0m[2m:[0m Prefill batch, #new-seq: 1, #new-token: 4096, #cached-token: 0, full token usage: 0.22, swa token usage: 0.03, #running-req: 1, #queue-req: 0, #pending-token: 124928, cuda graph: False, input throughput (token/s): 8093.52
[2m2026-09-30T22:54:40.751569Z[0m [32m INFO[0m [2mmetrics_reporter.report_prefill_stats[0m[2m:[0m Prefill batch, #new-seq: 1, #new-token: 4096, #cached-token: 0, full token usage: 0.22, swa token usage: 0.03, #running-req: 1, #queue-req: 0, #pending-token: 120832, cuda graph: False, input throughput (token/s): 8075.78
[2m2026-09-30T22:54:41.264769Z[0m [32m INFO[0m [2mmetrics_reporter.report_prefill_stats[0m[2m:[0m Prefill batch, #new-seq: 1, #new-token: 4096, #cached-token: 0, full token usage: 0.23, swa token usage: 0.03, #running-req: 1, #queue-req: 0, #pending-token: 116736, cuda graph: False, input throughput (token/s): 7981.41
[2m2026-09-30T22:54:41.778616Z[0m [32m INFO[0m [2mmetrics_reporter.report_prefill_stats[0m[2m:[0m Prefill batch, #new-seq: 1, #new-token: 4096, #cached-token: 0, full token usage: 0.23, swa token usage: 0.03, #running-req: 1, #queue-req: 0, #pending-token: 112640, cuda graph: False, input throughput (token/s): 7971.13
[2m2026-09-30T22:54:42.298621Z[0m [32m INFO[0m [2mmetrics_reporter.report_prefill_stats[0m[2m:[0m Prefill batch, #new-seq: 1, #new-token: 4096, #cached-token: 0, full token usage: 0.23, swa token usage: 0.03, #running-req: 1, #queue-req: 0, #pending-token: 108544, cuda graph: False, input throughput (token/s): 7876.86
[2m2026-09-30T22:54:42.824480Z[0m [32m INFO[0m [2mmetrics_reporter.report_prefill_stats[0m[2m:[0m Prefill batch, #new-seq: 1, #new-token: 4096, #cached-token: 0, full token usage: 0.23, swa token usage: 0.03, #running-req: 1, #queue-req: 0, #pending-token: 104448, cuda graph: False, input throughput (token/s): 7789.08
[2m2026-09-30T22:54:43.349278Z[0m [32m INFO[0m [2mmetrics_reporter.report_prefill_stats[0m[2m:[0m Prefill batch, #new-seq: 1, #new-token: 4096, #cached-token: 0, full token usage: 0.24, swa token usage: 0.03, #running-req: 1, #queue-req: 0, #pending-token: 100352, cuda graph: False, input throughput (token/s): 7804.92
[2m2026-09-30T22:54:43.884036Z[0m [32m INFO[0m [2mmetrics_reporter.report_prefill_stats[0m[2m:[0m Prefill batch, #new-seq: 1, #new-token: 4096, #cached-token: 0, full token usage: 0.24, swa token usage: 0.03, #running-req: 1, #queue-req: 0, #pending-token: 96256, cuda graph: False, input throughput (token/s): 7659.47
[2m2026-09-30T22:54:44.423296Z[0m [32m INFO[0m [2mmetrics_reporter.report_prefill_stats[0m[2m:[0m Prefill batch, #new-seq: 1, #new-token: 4096, #cached-token: 0, full token usage: 0.24, swa token usage: 0.03, #running-req: 1, #queue-req: 0, #pending-token: 92160, cuda graph: False, input throughput (token/s): 7595.92
[2m2026-09-30T22:54:44.960898Z[0m [32m INFO[0m [2mmetrics_reporter.report_prefill_stats[0m[2m:[0m Prefill batch, #new-seq: 1, #new-token: 4096, #cached-token: 0, full token usage: 0.24, swa token usage: 0.03, #running-req: 1, #queue-req: 0, #pending-token: 88064, cuda graph: False, input throughput (token/s): 7618.82
[2m2026-09-30T22:54:45.509391Z[0m [32m INFO[0m [2mmetrics_reporter.report_prefill_stats[0m[2m:[0m Prefill batch, #new-seq: 1, #new-token: 4096, #cached-token: 0, full token usage: 0.25, swa token usage: 0.03, #running-req: 1, #queue-req: 0, #pending-token: 83968, cuda graph: False, input throughput (token/s): 7467.70
[2m2026-09-30T22:54:46.057647Z[0m [32m INFO[0m [2mmetrics_reporter.report_prefill_stats[0m[2m:[0m Prefill batch, #new-seq: 1, #new-token: 4096, #cached-token: 0, full token usage: 0.25, swa token usage: 0.03, #running-req: 1, #queue-req: 0, #pending-token: 79872, cuda graph: False, input throughput (token/s): 7471.02
[2m2026-09-30T22:54:46.611106Z[0m [32m INFO[0m [2mmetrics_reporter.report_prefill_stats[0m[2m:[0m Prefill batch, #new-seq: 1, #new-token: 4096, #cached-token: 0, full token usage: 0.25, swa token usage: 0.03, #running-req: 1, #queue-req: 0, #pending-token: 75776, cuda graph: False, input throughput (token/s): 7400.68
[2m2026-09-30T22:54:47.169473Z[0m [32m INFO[0m [2mmetrics_reporter.report_prefill_stats[0m[2m:[0m Prefill batch, #new-seq: 1, #new-token: 4096, #cached-token: 0, full token usage: 0.25, swa token usage: 0.03, #running-req: 1, #queue-req: 0, #pending-token: 71680, cuda graph: False, input throughput (token/s): 7335.68
[2m2026-09-30T22:54:47.733255Z[0m [32m INFO[0m [2mmetrics_reporter.report_prefill_stats[0m[2m:[0m Prefill batch, #new-seq: 1, #new-token: 4096, #cached-token: 0, full token usage: 0.25, swa token usage: 0.03, #running-req: 1, #queue-req: 0, #pending-token: 67584, cuda graph: False, input throughput (token/s): 7265.22
[2m2026-09-30T22:54:48.301525Z[0m [32m INFO[0m [2mmetrics_reporter.report_prefill_stats[0m[2m:[0m Prefill batch, #new-seq: 1, #new-token: 4096, #cached-token: 0, full token usage: 0.26, swa token usage: 0.03, #running-req: 1, #queue-req: 0, #pending-token: 63488, cuda graph: False, input throughput (token/s): 7207.89
[2m2026-09-30T22:54:48.875475Z[0m [32m INFO[0m [2mmetrics_reporter.report_prefill_stats[0m[2m:[0m Prefill batch, #new-seq: 1, #new-token: 4096, #cached-token: 0, full token usage: 0.26, swa token usage: 0.03, #running-req: 1, #queue-req: 0, #pending-token: 59392, cuda graph: False, input throughput (token/s): 7136.51
[2m2026-09-30T22:54:49.455558Z[0m [32m INFO[0m [2mmetrics_reporter.report_prefill_stats[0m[2m:[0m Prefill batch, #new-seq: 1, #new-token: 4096, #cached-token: 0, full token usage: 0.26, swa token usage: 0.03, #running-req: 1, #queue-req: 0, #pending-token: 55296, cuda graph: False, input throughput (token/s): 7061.06
[2m2026-09-30T22:54:50.041524Z[0m [32m INFO[0m [2mmetrics_reporter.report_prefill_stats[0m[2m:[0m Prefill batch, #new-seq: 1, #new-token: 4096, #cached-token: 0, full token usage: 0.26, swa token usage: 0.03, #running-req: 1, #queue-req: 0, #pending-token: 51200, cuda graph: False, input throughput (token/s): 6990.17
[2m2026-09-30T22:54:50.627460Z[0m [32m INFO[0m [2mmetrics_reporter.report_prefill_stats[0m[2m:[0m Prefill batch, #new-seq: 1, #new-token: 4096, #cached-token: 0, full token usage: 0.27, swa token usage: 0.03, #running-req: 1, #queue-req: 0, #pending-token: 47104, cuda graph: False, input throughput (token/s): 6990.51
[2m2026-09-30T22:54:51.216915Z[0m [32m INFO[0m [2mmetrics_reporter.report_prefill_stats[0m[2m:[0m Prefill batch, #new-seq: 1, #new-token: 4096, #cached-token: 0, full token usage: 0.27, swa token usage: 0.03, #running-req: 1, #queue-req: 0, #pending-token: 43008, cuda graph: False, input throughput (token/s): 6948.78
[2m2026-09-30T22:54:51.813986Z[0m [32m INFO[0m [2mmetrics_reporter.report_prefill_stats[0m[2m:[0m Prefill batch, #new-seq: 1, #new-token: 4096, #cached-token: 0, full token usage: 0.27, swa token usage: 0.03, #running-req: 1, #queue-req: 0, #pending-token: 38912, cuda graph: False, input throughput (token/s): 6860.18
[2m2026-09-30T22:54:52.415142Z[0m [32m INFO[0m [2mmetrics_reporter.report_prefill_stats[0m[2m:[0m Prefill batch, #new-seq: 1, #new-token: 4096, #cached-token: 0, full token usage: 0.27, swa token usage: 0.03, #running-req: 1, #queue-req: 0, #pending-token: 34816, cuda graph: False, input throughput (token/s): 6813.53
[2m2026-09-30T22:54:53.018592Z[0m [32m INFO[0m [2mmetrics_reporter.report_prefill_stats[0m[2m:[0m Prefill batch, #new-seq: 1, #new-token: 4096, #cached-token: 0, full token usage: 0.28, swa token usage: 0.03, #running-req: 1, #queue-req: 0, #pending-token: 30720, cuda graph: False, input throughput (token/s): 6787.56
[2m2026-09-30T22:54:53.628390Z[0m [32m INFO[0m [2mmetrics_reporter.report_prefill_stats[0m[2m:[0m Prefill batch, #new-seq: 1, #new-token: 4096, #cached-token: 0, full token usage: 0.28, swa token usage: 0.03, #running-req: 1, #queue-req: 0, #pending-token: 26624, cuda graph: False, input throughput (token/s): 6717.05
[2m2026-09-30T22:54:54.239372Z[0m [32m INFO[0m [2mmetrics_reporter.report_prefill_stats[0m[2m:[0m Prefill batch, #new-seq: 1, #new-token: 4096, #cached-token: 0, full token usage: 0.28, swa token usage: 0.03, #running-req: 1, #queue-req: 0, #pending-token: 22528, cuda graph: False, input throughput (token/s): 6703.92
[2m2026-09-30T22:54:54.857697Z[0m [32m INFO[0m [2mmetrics_reporter.report_prefill_stats[0m[2m:[0m Prefill batch, #new-seq: 1, #new-token: 4096, #cached-token: 0, full token usage: 0.28, swa token usage: 0.03, #running-req: 1, #queue-req: 0, #pending-token: 18432, cuda graph: False, input throughput (token/s): 6624.42
[2m2026-09-30T22:54:55.480219Z[0m [32m INFO[0m [2mmetrics_reporter.report_prefill_stats[0m[2m:[0m Prefill batch, #new-seq: 1, #new-token: 4096, #cached-token: 0, full token usage: 0.28, swa token usage: 0.03, #running-req: 1, #queue-req: 0, #pending-token: 14336, cuda graph: False, input throughput (token/s): 6579.72
[2m2026-09-30T22:54:56.102576Z[0m [32m INFO[0m [2mmetrics_reporter.report_prefill_stats[0m[2m:[0m Prefill batch, #new-seq: 1, #new-token: 4096, #cached-token: 0, full token usage: 0.29, swa token usage: 0.03, #running-req: 1, #queue-req: 0, #pending-token: 10240, cuda graph: False, input throughput (token/s): 6581.35
[2m2026-09-30T22:54:56.729627Z[0m [32m INFO[0m [2mmetrics_reporter.report_prefill_stats[0m[2m:[0m Prefill batch, #new-seq: 1, #new-token: 4096, #cached-token: 0, full token usage: 0.29, swa token usage: 0.03, #running-req: 1, #queue-req: 0, #pending-token: 6144, cuda graph: False, input throughput (token/s): 6532.11
[2m2026-09-30T22:54:57.167433Z[0m [32m INFO[0m [2mmetrics_reporter.report_prefill_stats[0m[2m:[0m Prefill batch, #new-seq: 1, #new-token: 4096, #cached-token: 0, full token usage: 0.29, swa token usage: 0.02, #running-req: 1, #queue-req: 0, #pending-token: 2048, cuda graph: False, input throughput (token/s): 9356.00
[2m2026-09-30T22:54:57.298005Z[0m [32m INFO[0m [2mmetrics_reporter.report_prefill_stats[0m[2m:[0m Prefill batch, #new-seq: 1, #new-token: 2048, #cached-token: 0, full token usage: 0.29, swa token usage: 0.01, #running-req: 1, #queue-req: 0, #pending-token: 0, cuda graph: False, input throughput (token/s): 15686.10
[2m2026-09-30T22:54:57.573839Z[0m [32m INFO[0m [1mhandle_payload[0m: [2mdynamo_runtime::pipeline::network::ingress::push_handler[0m[2m:[0m request completed [3mrequest_id[0m[2m=[0mdc2a65c2-1dda-45fa-bea0-8237786143eb [2m[3mrequest_id[0m[2m=[0m"dc2a65c2-1dda-45fa-bea0-8237786143eb" [3mcomponent[0m[2m=[0m"backend" [3mendpoint[0m[2m=[0m"generate" [3mnamespace[0m[2m=[0m"deepseek-v4-pro" [3minstance_id[0m[2m=[0m7668681235357845768[0m
[2m2026-09-30T22:54:57.727756Z[0m [32m INFO[0m [2mmetrics_reporter.report_decode_stats[0m[2m:[0m Decode batch, #running-req: 1, #full token: 256256, full token usage: 0.15, #swa token: 512, swa token usage: 0.00, cuda graph: True, gen throughput (token/s): 1.91, #queue-req: 0
[2m2026-09-30T22:54:58.091591Z[0m [32m INFO[0m [1mhandle_payload[0m: [2mdynamo_runtime::pipeline::network::ingress::push_handler[0m[2m:[0m request completed [3mrequest_id[0m[2m=[0m89d8c659-938a-4a26-9e87-7a3027a1edb3 [2m[3mrequest_id[0m[2m=[0m"89d8c659-938a-4a26-9e87-7a3027a1edb3" [3mcomponent[0m[2m=[0m"backend" [3mendpoint[0m[2m=[0m"generate" [3mnamespace[0m[2m=[0m"deepseek-v4-pro" [3minstance_id[0m[2m=[0m7668681235357845768[0m
[2m2026-09-30T22:54:58.108676Z[0m [32m INFO[0m [1mhandle_payload[0m: [2mdynamo_runtime::pipeline::network::ingress::push_handler[0m[2m:[0m request received [3mrequest_id[0m[2m=[0m8a128ebe-5349-4cc1-99b9-ded990753682 [2m[3mrequest_id[0m[2m=[0m"8a128ebe-5349-4cc1-99b9-ded990753682" [3mcomponent[0m[2m=[0m"backend" [3mendpoint[0m[2m=[0m"generate" [3mnamespace[0m[2m=[0m"deepseek-v4-pro" [3minstance_id[0m[2m=[0m7668681235357845768[0m
[2m2026-09-30T22:54:58.109622Z[0m [32m INFO[0m [1mhandle_payload[0m: [2mdynamo_runtime::pipeline::network::ingress::push_handler[0m[2m:[0m request received [3mrequest_id[0m[2m=[0m053e69ee-7af7-4543-a0e5-c83e95fde7bc [2m[3mrequest_id[0m[2m=[0m"053e69ee-7af7-4543-a0e5-c83e95fde7bc" [3mcomponent[0m[2m=[0m"backend" [3mendpoint[0m[2m=[0m"generate" [3mnamespace[0m[2m=[0m"deepseek-v4-pro" [3minstance_id[0m[2m=[0m7668681235357845768[0m
[2m2026-09-30T22:54:58.625815Z[0m [32m INFO[0m [2mmetrics_reporter.report_prefill_stats[0m[2m:[0m Prefill batch, #new-seq: 1, #new-token: 256, #cached-token: 256000, full token usage: 0.29, swa token usage: 0.01, #running-req: 0, #queue-req: 0, #pending-token: 0, cuda graph: False, input throughput (token/s): 192.80
[2m2026-09-30T22:54:58.664403Z[0m [32m INFO[0m [2mmetrics_reporter.report_prefill_stats[0m[2m:[0m Prefill batch, #new-seq: 1, #new-token: 256, #cached-token: 256000, full token usage: 0.29, swa token usage: 0.01, #running-req: 1, #queue-req: 0, #pending-token: 0, cuda graph: False, input throughput (token/s): 6627.97
[2m2026-09-30T22:54:58.816259Z[0m [32m INFO[0m [2mmetrics_reporter.report_decode_stats[0m[2m:[0m Decode batch, #running-req: 2, #full token: 512512, full token usage: 0.29, #swa token: 1024, swa token usage: 0.01, cuda graph: True, gen throughput (token/s): 47.77, #queue-req: 0
[2m2026-09-30T22:54:58.844552Z[0m [32m INFO[0m [1mhandle_payload[0m: [2mdynamo_runtime::pipeline::network::ingress::push_handler[0m[2m:[0m request completed [3mrequest_id[0m[2m=[0m8a128ebe-5349-4cc1-99b9-ded990753682 [2m[3mrequest_id[0m[2m=[0m"8a128ebe-5349-4cc1-99b9-ded990753682" [3mcomponent[0m[2m=[0m"backend" [3mendpoint[0m[2m=[0m"generate" [3mnamespace[0m[2m=[0m"deepseek-v4-pro" [3minstance_id[0m[2m=[0m7668681235357845768[0m
[2m2026-09-30T22:54:58.864178Z[0m [32m INFO[0m [1mhandle_payload[0m: [2mdynamo_runtime::pipeline::network::ingress::push_handler[0m[2m:[0m request received [3mrequest_id[0m[2m=[0m75cf5b3a-c066-4f25-82bd-d05d77fe8ea2 [2m[3mrequest_id[0m[2m=[0m"75cf5b3a-c066-4f25-82bd-d05d77fe8ea2" [3mcomponent[0m[2m=[0m"backend" [3mendpoint[0m[2m=[0m"generate" [3mnamespace[0m[2m=[0m"deepseek-v4-pro" [3minstance_id[0m[2m=[0m7668681235357845768[0m
[2m2026-09-30T22:54:59.151982Z[0m [32m INFO[0m [2mmetrics_reporter.report_prefill_stats[0m[2m:[0m Prefill batch, #new-seq: 1, #new-token: 256, #cached-token: 256000, full token usage: 0.29, swa token usage: 0.01, #running-req: 1, #queue-req: 0, #pending-token: 0, cuda graph: False, input throughput (token/s): 525.06
[2m2026-09-30T22:54:59.600659Z[0m [32m INFO[0m [2mmetrics_reporter.report_decode_stats[0m[2m:[0m Decode batch, #running-req: 2, #full token: 512512, full token usage: 0.29, #swa token: 1024, swa token usage: 0.01, cuda graph: True, gen throughput (token/s): 96.89, #queue-req: 0
[2m2026-09-30T22:54:59.857600Z[0m [32m INFO[0m [1mhandle_payload[0m: [2mdynamo_runtime::pipeline::network::ingress::push_handler[0m[2m:[0m request completed [3mrequest_id[0m[2m=[0m053e69ee-7af7-4543-a0e5-c83e95fde7bc [2m[3mrequest_id[0m[2m=[0m"053e69ee-7af7-4543-a0e5-c83e95fde7bc" [3mcomponent[0m[2m=[0m"backend" [3mendpoint[0m[2m=[0m"generate" [3mnamespace[0m[2m=[0m"deepseek-v4-pro" [3minstance_id[0m[2m=[0m7668681235357845768[0m
[2m2026-09-30T22:55:00.132432Z[0m [32m INFO[0m [2mmetrics_reporter.report_decode_stats[0m[2m:[0m Decode batch, #running-req: 1, #full token: 256256, full token usage: 0.15, #swa token: 512, swa token usage: 0.00, cuda graph: True, gen throughput (token/s): 110.95, #queue-req: 0
[2m2026-09-30T22:55:00.645818Z[0m [32m INFO[0m [2mmetrics_reporter.report_decode_stats[0m[2m:[0m Decode batch, #running-req: 1, #full token: 256256, full token usage: 0.15, #swa token: 512, swa token usage: 0.00, cuda graph: True, gen throughput (token/s): 77.93, #queue-req: 0
[2m2026-09-30T22:55:00.739333Z[0m [32m INFO[0m [1mhandle_payload[0m: [2mdynamo_runtime::pipeline::network::ingress::push_handler[0m[2m:[0m request completed [3mrequest_id[0m[2m=[0m75cf5b3a-c066-4f25-82bd-d05d77fe8ea2 [2m[3mrequest_id[0m[2m=[0m"75cf5b3a-c066-4f25-82bd-d05d77fe8ea2" [3mcomponent[0m[2m=[0m"backend" [3mendpoint[0m[2m=[0m"generate" [3mnamespace[0m[2m=[0m"deepseek-v4-pro" [3minstance_id[0m[2m=[0m7668681235357845768[0m
